2026-01-30 08:50:21 | INFO | fipe | Extraindo 6 -> Audi
2026-01-30 08:50:21 | INFO | fipe | Extraindo 6 -> Audi -> {'code': '43', 'name': '100 2.8 V6'}
2026-01-30 08:50:21 | INFO | fipe | Extraindo 6 -> Audi -> {'code': '43', 'name': '100 2.8 V6'} -> {'code': '1995-1', 'name': '1995 Gasolina'}
2026-01-30 08:50:22 | ERROR | fipe | Não gravou 6 -> Audi -> {'code': '43', 'name': '100 2.8 V6'} -> {'code': '1995-1', 'name': '1995 Gasolina'} -> 
2026-01-30 08:50:22 | INFO | fipe | Extraindo 6 -> Audi -> {'code': '43', 'name': '100 2.8 V6'} -> {'code': '1994-1', 'name': '1994 Gasolina'}
2026-01-30 08:50:22 | ERROR | fipe | Não gravou 6 -> Audi -> {'code': '43', 'name': '100 2.8 V6'} -> {'code': '1994-1', 'name': '1994 Gasolina'} -> 
2026-01-30 08:50:22 | INFO | fipe | Extraindo 6 -> Audi -> {'code': '43', 'name': '100 2.8 V6'} -> {'code': '1993-1', 'name': '1993 Gasolina'}
2026-01-30 08:50:23 | ERROR | fipe | Não gravou 6 -> Audi -> {'code': '43', 'name': '100 2.8 V6'} -> {'code': '1993-1', 'name': '1993 Gasolina'} -> 
2026-01-30 08:50:23 | INFO | fipe | Extraindo 6 -> Audi -> {'code': '44', 'name': '100 2.8 V6 Avant'}
2026-01-30 08:50:23 | INFO | fipe | Extraindo 6 -> Audi -> {'code': '44', 'name': '100 2.8 V6 Avant'} -> {'code': '1995-1', 'name': '1995 Gasolina'}
2026-01-30 08:50:24 | ERROR | fipe | Não gravou 6 -> Audi -> {'code': '44', 'name': '100 2.8 V6 Avant'} -> {'code': '1995-1', 'name': '1995 Gasolina'} -> 
2026-01-30 08:50:24 | INFO | fipe | Extraindo 6 -> Audi -> {'code': '44', 'name': '100 2.8 V6 Avant'} -> {'code': '1994-1', 'name': '1994 Gasolina'}
2026-01-30 08:50:24 | ERROR | fipe | Não gravou 6 -> Audi -> {'code': '44', 'name': '100 2.8 V6 Avant'} -> {'code': '1994-1', 'name': '1994 Gasolina'} -> 
2026-01-30 08:50:24 | INFO | fipe | Extraindo 6 -> Audi -> {'code': '45', 'name': '100 S-4 2.2 Avant Turbo'}
2026-01-30 08:50:24 | INFO | fipe | Extraindo 6 -> Audi -> {'code': '45', 'name': '100 S-4 2.2 Avant Turbo'} -> {'code': '1995-1', 'name': '1995 Gasolina'}
2026-01-30 08:50:25 | ERROR | fipe | Não gravou 6 -> Audi -> {'code': '45', 'name': '100 S-4 2.2 Avant Turbo'} -> {'code': '1995-1', 'name': '1995 Gasolina'} -> 
2026-01-30 08:50:25 | INFO | fipe | Extraindo 6 -> Audi -> {'code': '45', 'name': '100 S-4 2.2 Avant Turbo'} -> {'code': '1994-1', 'name': '1994 Gasolina'}
2026-01-30 08:50:25 | ERROR | fipe | Não gravou 6 -> Audi -> {'code': '45', 'name': '100 S-4 2.2 Avant Turbo'} -> {'code': '1994-1', 'name': '1994 Gasolina'} -> 
2026-01-30 08:50:25 | INFO | fipe | Extraindo 6 -> Audi -> {'code': '46', 'name': '80 2.0'}
2026-01-30 08:50:25 | INFO | fipe | Extraindo 6 -> Audi -> {'code': '46', 'name': '80 2.0'} -> {'code': '1995-1', 'name': '1995 Gasolina'}
2026-01-30 08:50:26 | ERROR | fipe | Não gravou 6 -> Audi -> {'code': '46', 'name': '80 2.0'} -> {'code': '1995-1', 'name': '1995 Gasolina'} -> 
2026-01-30 08:50:26 | INFO | fipe | Extraindo 6 -> Audi -> {'code': '46', 'name': '80 2.0'} -> {'code': '1994-1', 'name': '1994 Gasolina'}
2026-01-30 08:50:26 | ERROR | fipe | Não gravou 6 -> Audi -> {'code': '46', 'name': '80 2.0'} -> {'code': '1994-1', 'name': '1994 Gasolina'} -> 
2026-01-30 08:50:26 | INFO | fipe | Extraindo 6 -> Audi -> {'code': '47', 'name': '80 2.0 Avant'}
2026-01-30 08:50:26 | INFO | fipe | Extraindo 6 -> Audi -> {'code': '47', 'name': '80 2.0 Avant'} -> {'code': '1995-1', 'name': '1995 Gasolina'}
2026-01-30 08:50:27 | ERROR | fipe | Não gravou 6 -> Audi -> {'code': '47', 'name': '80 2.0 Avant'} -> {'code': '1995-1', 'name': '1995 Gasolina'} -> 
2026-01-30 08:50:27 | INFO | fipe | Extraindo 6 -> Audi -> {'code': '47', 'name': '80 2.0 Avant'} -> {'code': '1994-1', 'name': '1994 Gasolina'}
2026-01-30 08:50:27 | ERROR | fipe | Não gravou 6 -> Audi -> {'code': '47', 'name': '80 2.0 Avant'} -> {'code': '1994-1', 'name': '1994 Gasolina'} -> 
2026-01-30 08:50:27 | INFO | fipe | Extraindo 6 -> Audi -> {'code': '48', 'name': '80 2.6/ 2.8'}
2026-01-30 08:50:27 | INFO | fipe | Extraindo 6 -> Audi -> {'code': '48', 'name': '80 2.6/ 2.8'} -> {'code': '1995-1', 'name': '1995 Gasolina'}
2026-01-30 08:50:28 | ERROR | fipe | Não gravou 6 -> Audi -> {'code': '48', 'name': '80 2.6/ 2.8'} -> {'code': '1995-1', 'name': '1995 Gasolina'} -> 
2026-01-30 08:50:28 | INFO | fipe | Extraindo 6 -> Audi -> {'code': '48', 'name': '80 2.6/ 2.8'} -> {'code': '1994-1', 'name': '1994 Gasolina'}
2026-01-30 08:50:28 | ERROR | fipe | Não gravou 6 -> Audi -> {'code': '48', 'name': '80 2.6/ 2.8'} -> {'code': '1994-1', 'name': '1994 Gasolina'} -> 
2026-01-30 08:50:28 | INFO | fipe | Extraindo 6 -> Audi -> {'code': '49', 'name': '80 2.6/2.8 Avant'}
2026-01-30 08:50:29 | INFO | fipe | Extraindo 6 -> Audi -> {'code': '49', 'name': '80 2.6/2.8 Avant'} -> {'code': '1996-1', 'name': '1996 Gasolina'}
2026-01-30 08:50:29 | ERROR | fipe | Não gravou 6 -> Audi -> {'code': '49', 'name': '80 2.6/2.8 Avant'} -> {'code': '1996-1', 'name': '1996 Gasolina'} -> 
2026-01-30 08:50:29 | INFO | fipe | Extraindo 6 -> Audi -> {'code': '49', 'name': '80 2.6/2.8 Avant'} -> {'code': '1995-1', 'name': '1995 Gasolina'}
2026-01-30 08:50:30 | ERROR | fipe | Não gravou 6 -> Audi -> {'code': '49', 'name': '80 2.6/2.8 Avant'} -> {'code': '1995-1', 'name': '1995 Gasolina'} -> 
2026-01-30 08:50:30 | INFO | fipe | Extraindo 6 -> Audi -> {'code': '49', 'name': '80 2.6/2.8 Avant'} -> {'code': '1994-1', 'name': '1994 Gasolina'}
2026-01-30 08:50:30 | ERROR | fipe | Não gravou 6 -> Audi -> {'code': '49', 'name': '80 2.6/2.8 Avant'} -> {'code': '1994-1', 'name': '1994 Gasolina'} -> 
2026-01-30 08:50:30 | INFO | fipe | Extraindo 6 -> Audi -> {'code': '50', 'name': '80 2.8 Cabriolet'}
2026-01-30 08:50:30 | INFO | fipe | Extraindo 6 -> Audi -> {'code': '50', 'name': '80 2.8 Cabriolet'} -> {'code': '1999-1', 'name': '1999 Gasolina'}
2026-01-30 08:50:31 | ERROR | fipe | Não gravou 6 -> Audi -> {'code': '50', 'name': '80 2.8 Cabriolet'} -> {'code': '1999-1', 'name': '1999 Gasolina'} -> 
2026-01-30 08:50:31 | INFO | fipe | Extraindo 6 -> Audi -> {'code': '50', 'name': '80 2.8 Cabriolet'} -> {'code': '1998-1', 'name': '1998 Gasolina'}
2026-01-30 08:50:31 | ERROR | fipe | Não gravou 6 -> Audi -> {'code': '50', 'name': '80 2.8 Cabriolet'} -> {'code': '1998-1', 'name': '1998 Gasolina'} -> 
2026-01-30 08:50:31 | INFO | fipe | Extraindo 6 -> Audi -> {'code': '50', 'name': '80 2.8 Cabriolet'} -> {'code': '1997-1', 'name': '1997 Gasolina'}
2026-01-30 08:50:32 | ERROR | fipe | Não gravou 6 -> Audi -> {'code': '50', 'name': '80 2.8 Cabriolet'} -> {'code': '1997-1', 'name': '1997 Gasolina'} -> 
2026-01-30 08:50:32 | INFO | fipe | Extraindo 6 -> Audi -> {'code': '50', 'name': '80 2.8 Cabriolet'} -> {'code': '1996-1', 'name': '1996 Gasolina'}
2026-01-30 08:50:32 | ERROR | fipe | Não gravou 6 -> Audi -> {'code': '50', 'name': '80 2.8 Cabriolet'} -> {'code': '1996-1', 'name': '1996 Gasolina'} -> 
2026-01-30 08:50:32 | INFO | fipe | Extraindo 6 -> Audi -> {'code': '50', 'name': '80 2.8 Cabriolet'} -> {'code': '1995-1', 'name': '1995 Gasolina'}
2026-01-30 08:50:33 | ERROR | fipe | Não gravou 6 -> Audi -> {'code': '50', 'name': '80 2.8 Cabriolet'} -> {'code': '1995-1', 'name': '1995 Gasolina'} -> 
2026-01-30 08:50:33 | INFO | fipe | Extraindo 6 -> Audi -> {'code': '50', 'name': '80 2.8 Cabriolet'} -> {'code': '1994-1', 'name': '1994 Gasolina'}
2026-01-30 08:50:33 | ERROR | fipe | Não gravou 6 -> Audi -> {'code': '50', 'name': '80 2.8 Cabriolet'} -> {'code': '1994-1', 'name': '1994 Gasolina'} -> 
2026-01-30 08:50:33 | INFO | fipe | Extraindo 6 -> Audi -> {'code': '51', 'name': '80 S2 Avant'}
2026-01-30 08:50:33 | INFO | fipe | Extraindo 6 -> Audi -> {'code': '51', 'name': '80 S2 Avant'} -> {'code': '1995-1', 'name': '1995 Gasolina'}
2026-01-30 08:50:34 | ERROR | fipe | Não gravou 6 -> Audi -> {'code': '51', 'name': '80 S2 Avant'} -> {'code': '1995-1', 'name': '1995 Gasolina'} -> 
2026-01-30 08:50:34 | INFO | fipe | Extraindo 6 -> Audi -> {'code': '51', 'name': '80 S2 Avant'} -> {'code': '1994-1', 'name': '1994 Gasolina'}
2026-01-30 08:50:34 | ERROR | fipe | Não gravou 6 -> Audi -> {'code': '51', 'name': '80 S2 Avant'} -> {'code': '1994-1', 'name': '1994 Gasolina'} -> 
2026-01-30 08:50:34 | INFO | fipe | Extraindo 6 -> Audi -> {'code': '5496', 'name': 'A1 1.4 TFSI 122cv S-tronic 3p'}
2026-01-30 08:50:34 | INFO | fipe | Extraindo 6 -> Audi -> {'code': '5496', 'name': 'A1 1.4 TFSI 122cv S-tronic 3p'} -> {'code': '2014-1', 'name': '2014 Gasolina'}
2026-01-30 08:50:35 | INFO | fipe | Gravando json para 6 -> Audi -> {'code': '5496', 'name': 'A1 1.4 TFSI 122cv S-tronic 3p'} -> {'code': '2014-1', 'name': '2014 Gasolina'} -> {'TipoVeiculo': 1, 'Valor': 'R$ 68.905,00', 'Marca': 'Audi', 'Modelo': 'A1 1.4 TFSI 122cv S-tronic 3p', 'AnoModelo': 2014, 'Combustivel': 'Gasolina', 'CodigoFipe': '008153-1', 'MesReferencia': 'janeiro de 2026', 'SiglaCombustivel': 'G'}
2026-01-30 08:50:35 | INFO | fipe | Gravado
2026-01-30 08:50:35 | INFO | fipe | Extraindo 6 -> Audi -> {'code': '5496', 'name': 'A1 1.4 TFSI 122cv S-tronic 3p'} -> {'code': '2013-1', 'name': '2013 Gasolina'}
2026-01-30 08:50:36 | INFO | fipe | Gravando json para 6 -> Audi -> {'code': '5496', 'name': 'A1 1.4 TFSI 122cv S-tronic 3p'} -> {'code': '2013-1', 'name': '2013 Gasolina'} -> {'TipoVeiculo': 1, 'Valor': 'R$ 67.224,00', 'Marca': 'Audi', 'Modelo': 'A1 1.4 TFSI 122cv S-tronic 3p', 'AnoModelo': 2013, 'Combustivel': 'Gasolina', 'CodigoFipe': '008153-1', 'MesReferencia': 'janeiro de 2026', 'SiglaCombustivel': 'G'}
2026-01-30 08:50:36 | INFO | fipe | Gravado
2026-01-30 08:50:37 | INFO | fipe | Extraindo 6 -> Audi -> {'code': '5496', 'name': 'A1 1.4 TFSI 122cv S-tronic 3p'} -> {'code': '2012-1', 'name': '2012 Gasolina'}
2026-01-30 08:50:37 | INFO | fipe | Gravando json para 6 -> Audi -> {'code': '5496', 'name': 'A1 1.4 TFSI 122cv S-tronic 3p'} -> {'code': '2012-1', 'name': '2012 Gasolina'} -> {'TipoVeiculo': 1, 'Valor': 'R$ 58.879,00', 'Marca': 'Audi', 'Modelo': 'A1 1.4 TFSI 122cv S-tronic 3p', 'AnoModelo': 2012, 'Combustivel': 'Gasolina', 'CodigoFipe': '008153-1', 'MesReferencia': 'janeiro de 2026', 'SiglaCombustivel': 'G'}
2026-01-30 08:50:37 | INFO | fipe | Gravado
2026-01-30 08:50:38 | INFO | fipe | Extraindo 6 -> Audi -> {'code': '5496', 'name': 'A1 1.4 TFSI 122cv S-tronic 3p'} -> {'code': '2011-1', 'name': '2011 Gasolina'}
2026-01-30 08:50:38 | INFO | fipe | Gravando json para 6 -> Audi -> {'code': '5496', 'name': 'A1 1.4 TFSI 122cv S-tronic 3p'} -> {'code': '2011-1', 'name': '2011 Gasolina'} -> {'TipoVeiculo': 1, 'Valor': 'R$ 56.124,00', 'Marca': 'Audi', 'Modelo': 'A1 1.4 TFSI 122cv S-tronic 3p', 'AnoModelo': 2011, 'Combustivel': 'Gasolina', 'CodigoFipe': '008153-1', 'MesReferencia': 'janeiro de 2026', 'SiglaCombustivel': 'G'}
2026-01-30 08:50:38 | INFO | fipe | Gravado
2026-01-30 08:50:39 | INFO | fipe | Extraindo 6 -> Audi -> {'code': '6293', 'name': 'A1 2.0 TFSI Quattro 256cv 3p'}
2026-01-30 08:50:39 | INFO | fipe | Extraindo 6 -> Audi -> {'code': '6293', 'name': 'A1 2.0 TFSI Quattro 256cv 3p'} -> {'code': '2013-1', 'name': '2013 Gasolina'}
2026-01-30 08:50:40 | INFO | fipe | Gravando json para 6 -> Audi -> {'code': '6293', 'name': 'A1 2.0 TFSI Quattro 256cv 3p'} -> {'code': '2013-1', 'name': '2013 Gasolina'} -> {'TipoVeiculo': 1, 'Valor': 'R$ 120.244,00', 'Marca': 'Audi', 'Modelo': 'A1 2.0 TFSI Quattro 256cv 3p', 'AnoModelo': 2013, 'Combustivel': 'Gasolina', 'CodigoFipe': '008177-9', 'MesReferencia': 'janeiro de 2026', 'SiglaCombustivel': 'G'}
2026-01-30 08:50:40 | INFO | fipe | Gravado
2026-01-30 08:50:40 | INFO | fipe | Extraindo 6 -> Audi -> {'code': '6143', 'name': 'A1 Sport 1.4 TFSI 185cv 3p S-tronic'}
2026-01-30 08:50:40 | INFO | fipe | Extraindo 6 -> Audi -> {'code': '6143', 'name': 'A1 Sport 1.4 TFSI 185cv 3p S-tronic'} -> {'code': '2014-1', 'name': '2014 Gasolina'}
2026-01-30 08:50:41 | INFO | fipe | Gravando json para 6 -> Audi -> {'code': '6143', 'name': 'A1 Sport 1.4 TFSI 185cv 3p S-tronic'} -> {'code': '2014-1', 'name': '2014 Gasolina'} -> {'TipoVeiculo': 1, 'Valor': 'R$ 70.096,00', 'Marca': 'Audi', 'Modelo': 'A1 Sport 1.4 TFSI 185cv 3p S-tronic', 'AnoModelo': 2014, 'Combustivel': 'Gasolina', 'CodigoFipe': '008172-8', 'MesReferencia': 'janeiro de 2026', 'SiglaCombustivel': 'G'}
2026-01-30 08:50:41 | INFO | fipe | Gravado
2026-01-30 08:50:41 | INFO | fipe | Extraindo 6 -> Audi -> {'code': '6143', 'name': 'A1 Sport 1.4 TFSI 185cv 3p S-tronic'} -> {'code': '2013-1', 'name': '2013 Gasolina'}
2026-01-30 08:50:42 | INFO | fipe | Gravando json para 6 -> Audi -> {'code': '6143', 'name': 'A1 Sport 1.4 TFSI 185cv 3p S-tronic'} -> {'code': '2013-1', 'name': '2013 Gasolina'} -> {'TipoVeiculo': 1, 'Valor': 'R$ 67.724,00', 'Marca': 'Audi', 'Modelo': 'A1 Sport 1.4 TFSI 185cv 3p S-tronic', 'AnoModelo': 2013, 'Combustivel': 'Gasolina', 'CodigoFipe': '008172-8', 'MesReferencia': 'janeiro de 2026', 'SiglaCombustivel': 'G'}
2026-01-30 08:50:42 | INFO | fipe | Gravado
2026-01-30 08:50:43 | INFO | fipe | Extraindo 6 -> Audi -> {'code': '6143', 'name': 'A1 Sport 1.4 TFSI 185cv 3p S-tronic'} -> {'code': '2012-1', 'name': '2012 Gasolina'}
2026-01-30 08:50:43 | INFO | fipe | Gravando json para 6 -> Audi -> {'code': '6143', 'name': 'A1 Sport 1.4 TFSI 185cv 3p S-tronic'} -> {'code': '2012-1', 'name': '2012 Gasolina'} -> {'TipoVeiculo': 1, 'Valor': 'R$ 61.496,00', 'Marca': 'Audi', 'Modelo': 'A1 Sport 1.4 TFSI 185cv 3p S-tronic', 'AnoModelo': 2012, 'Combustivel': 'Gasolina', 'CodigoFipe': '008172-8', 'MesReferencia': 'janeiro de 2026', 'SiglaCombustivel': 'G'}
2026-01-30 08:50:43 | INFO | fipe | Gravado
2026-01-30 08:50:44 | INFO | fipe | Extraindo 6 -> Audi -> {'code': '7727', 'name': 'A1 Sport. S Edition 1.4 TFSI 5p S-tronic'}
2026-01-30 08:50:44 | INFO | fipe | Extraindo 6 -> Audi -> {'code': '7727', 'name': 'A1 Sport. S Edition 1.4 TFSI 5p S-tronic'} -> {'code': '2017-1', 'name': '2017 Gasolina'}
2026-01-30 08:50:44 | INFO | fipe | Gravando json para 6 -> Audi -> {'code': '7727', 'name': 'A1 Sport. S Edition 1.4 TFSI 5p S-tronic'} -> {'code': '2017-1', 'name': '2017 Gasolina'} -> {'TipoVeiculo': 1, 'Valor': 'R$ 83.840,00', 'Marca': 'Audi', 'Modelo': 'A1 Sport. S Edition 1.4 TFSI 5p S-tronic', 'AnoModelo': 2017, 'Combustivel': 'Gasolina', 'CodigoFipe': '008210-4', 'MesReferencia': 'janeiro de 2026', 'SiglaCombustivel': 'G'}
2026-01-30 08:50:44 | INFO | fipe | Gravado
2026-01-30 08:50:45 | INFO | fipe | Extraindo 6 -> Audi -> {'code': '7727', 'name': 'A1 Sport. S Edition 1.4 TFSI 5p S-tronic'} -> {'code': '2016-1', 'name': '2016 Gasolina'}
2026-01-30 08:50:46 | INFO | fipe | Gravando json para 6 -> Audi -> {'code': '7727', 'name': 'A1 Sport. S Edition 1.4 TFSI 5p S-tronic'} -> {'code': '2016-1', 'name': '2016 Gasolina'} -> {'TipoVeiculo': 1, 'Valor': 'R$ 81.458,00', 'Marca': 'Audi', 'Modelo': 'A1 Sport. S Edition 1.4 TFSI 5p S-tronic', 'AnoModelo': 2016, 'Combustivel': 'Gasolina', 'CodigoFipe': '008210-4', 'MesReferencia': 'janeiro de 2026', 'SiglaCombustivel': 'G'}
2026-01-30 08:50:46 | INFO | fipe | Gravado
2026-01-30 08:50:46 | INFO | fipe | Extraindo 6 -> Audi -> {'code': '6201', 'name': 'A1 Sportback 1.4 TFSI 185cv 5p S-tronic'}
2026-01-30 08:50:46 | INFO | fipe | Extraindo 6 -> Audi -> {'code': '6201', 'name': 'A1 Sportback 1.4 TFSI 185cv 5p S-tronic'} -> {'code': '2015-1', 'name': '2015 Gasolina'}
2026-01-30 08:50:47 | INFO | fipe | Gravando json para 6 -> Audi -> {'code': '6201', 'name': 'A1 Sportback 1.4 TFSI 185cv 5p S-tronic'} -> {'code': '2015-1', 'name': '2015 Gasolina'} -> {'TipoVeiculo': 1, 'Valor': 'R$ 72.192,00', 'Marca': 'Audi', 'Modelo': 'A1 Sportback 1.4 TFSI 185cv 5p S-tronic', 'AnoModelo': 2015, 'Combustivel': 'Gasolina', 'CodigoFipe': '008174-4', 'MesReferencia': 'janeiro de 2026', 'SiglaCombustivel': 'G'}
2026-01-30 08:50:47 | INFO | fipe | Gravado
2026-01-30 08:50:47 | INFO | fipe | Extraindo 6 -> Audi -> {'code': '6201', 'name': 'A1 Sportback 1.4 TFSI 185cv 5p S-tronic'} -> {'code': '2014-1', 'name': '2014 Gasolina'}
2026-01-30 08:50:48 | INFO | fipe | Gravando json para 6 -> Audi -> {'code': '6201', 'name': 'A1 Sportback 1.4 TFSI 185cv 5p S-tronic'} -> {'code': '2014-1', 'name': '2014 Gasolina'} -> {'TipoVeiculo': 1, 'Valor': 'R$ 68.108,00', 'Marca': 'Audi', 'Modelo': 'A1 Sportback 1.4 TFSI 185cv 5p S-tronic', 'AnoModelo': 2014, 'Combustivel': 'Gasolina', 'CodigoFipe': '008174-4', 'MesReferencia': 'janeiro de 2026', 'SiglaCombustivel': 'G'}
2026-01-30 08:50:48 | INFO | fipe | Gravado
2026-01-30 08:50:48 | INFO | fipe | Extraindo 6 -> Audi -> {'code': '6201', 'name': 'A1 Sportback 1.4 TFSI 185cv 5p S-tronic'} -> {'code': '2013-1', 'name': '2013 Gasolina'}
2026-01-30 08:50:49 | INFO | fipe | Gravando json para 6 -> Audi -> {'code': '6201', 'name': 'A1 Sportback 1.4 TFSI 185cv 5p S-tronic'} -> {'code': '2013-1', 'name': '2013 Gasolina'} -> {'TipoVeiculo': 1, 'Valor': 'R$ 66.446,00', 'Marca': 'Audi', 'Modelo': 'A1 Sportback 1.4 TFSI 185cv 5p S-tronic', 'AnoModelo': 2013, 'Combustivel': 'Gasolina', 'CodigoFipe': '008174-4', 'MesReferencia': 'janeiro de 2026', 'SiglaCombustivel': 'G'}
2026-01-30 08:50:49 | INFO | fipe | Gravado
2026-01-30 08:50:50 | INFO | fipe | Extraindo 6 -> Audi -> {'code': '6200', 'name': 'A1 Sportback 1.4 TFSI 5p S-tronic'}
2026-01-30 08:50:50 | INFO | fipe | Extraindo 6 -> Audi -> {'code': '6200', 'name': 'A1 Sportback 1.4 TFSI 5p S-tronic'} -> {'code': '2018-1', 'name': '2018 Gasolina'}
2026-01-30 08:50:50 | INFO | fipe | Gravando json para 6 -> Audi -> {'code': '6200', 'name': 'A1 Sportback 1.4 TFSI 5p S-tronic'} -> {'code': '2018-1', 'name': '2018 Gasolina'} -> {'TipoVeiculo': 1, 'Valor': 'R$ 98.904,00', 'Marca': 'Audi', 'Modelo': 'A1 Sportback 1.4 TFSI 5p S-tronic', 'AnoModelo': 2018, 'Combustivel': 'Gasolina', 'CodigoFipe': '008173-6', 'MesReferencia': 'janeiro de 2026', 'SiglaCombustivel': 'G'}
2026-01-30 08:50:50 | INFO | fipe | Gravado
2026-01-30 08:50:51 | INFO | fipe | Extraindo 6 -> Audi -> {'code': '6200', 'name': 'A1 Sportback 1.4 TFSI 5p S-tronic'} -> {'code': '2017-1', 'name': '2017 Gasolina'}
2026-01-30 08:50:52 | INFO | fipe | Gravando json para 6 -> Audi -> {'code': '6200', 'name': 'A1 Sportback 1.4 TFSI 5p S-tronic'} -> {'code': '2017-1', 'name': '2017 Gasolina'} -> {'TipoVeiculo': 1, 'Valor': 'R$ 78.283,00', 'Marca': 'Audi', 'Modelo': 'A1 Sportback 1.4 TFSI 5p S-tronic', 'AnoModelo': 2017, 'Combustivel': 'Gasolina', 'CodigoFipe': '008173-6', 'MesReferencia': 'janeiro de 2026', 'SiglaCombustivel': 'G'}
2026-01-30 08:50:52 | INFO | fipe | Gravado
2026-01-30 08:50:52 | INFO | fipe | Extraindo 6 -> Audi -> {'code': '6200', 'name': 'A1 Sportback 1.4 TFSI 5p S-tronic'} -> {'code': '2016-1', 'name': '2016 Gasolina'}
2026-01-30 08:50:53 | INFO | fipe | Gravando json para 6 -> Audi -> {'code': '6200', 'name': 'A1 Sportback 1.4 TFSI 5p S-tronic'} -> {'code': '2016-1', 'name': '2016 Gasolina'} -> {'TipoVeiculo': 1, 'Valor': 'R$ 75.125,00', 'Marca': 'Audi', 'Modelo': 'A1 Sportback 1.4 TFSI 5p S-tronic', 'AnoModelo': 2016, 'Combustivel': 'Gasolina', 'CodigoFipe': '008173-6', 'MesReferencia': 'janeiro de 2026', 'SiglaCombustivel': 'G'}
2026-01-30 08:50:53 | INFO | fipe | Gravado
2026-01-30 08:50:54 | INFO | fipe | Extraindo 6 -> Audi -> {'code': '6200', 'name': 'A1 Sportback 1.4 TFSI 5p S-tronic'} -> {'code': '2015-1', 'name': '2015 Gasolina'}
2026-01-30 08:50:55 | INFO | fipe | Gravando json para 6 -> Audi -> {'code': '6200', 'name': 'A1 Sportback 1.4 TFSI 5p S-tronic'} -> {'code': '2015-1', 'name': '2015 Gasolina'} -> {'TipoVeiculo': 1, 'Valor': 'R$ 71.030,00', 'Marca': 'Audi', 'Modelo': 'A1 Sportback 1.4 TFSI 5p S-tronic', 'AnoModelo': 2015, 'Combustivel': 'Gasolina', 'CodigoFipe': '008173-6', 'MesReferencia': 'janeiro de 2026', 'SiglaCombustivel': 'G'}
2026-01-30 08:50:55 | INFO | fipe | Gravado
2026-01-30 08:50:55 | INFO | fipe | Extraindo 6 -> Audi -> {'code': '6200', 'name': 'A1 Sportback 1.4 TFSI 5p S-tronic'} -> {'code': '2014-1', 'name': '2014 Gasolina'}
2026-01-30 08:50:56 | INFO | fipe | Gravando json para 6 -> Audi -> {'code': '6200', 'name': 'A1 Sportback 1.4 TFSI 5p S-tronic'} -> {'code': '2014-1', 'name': '2014 Gasolina'} -> {'TipoVeiculo': 1, 'Valor': 'R$ 66.795,00', 'Marca': 'Audi', 'Modelo': 'A1 Sportback 1.4 TFSI 5p S-tronic', 'AnoModelo': 2014, 'Combustivel': 'Gasolina', 'CodigoFipe': '008173-6', 'MesReferencia': 'janeiro de 2026', 'SiglaCombustivel': 'G'}
2026-01-30 08:50:56 | INFO | fipe | Gravado
2026-01-30 08:50:56 | INFO | fipe | Extraindo 6 -> Audi -> {'code': '6200', 'name': 'A1 Sportback 1.4 TFSI 5p S-tronic'} -> {'code': '2013-1', 'name': '2013 Gasolina'}
2026-01-30 08:50:57 | INFO | fipe | Gravando json para 6 -> Audi -> {'code': '6200', 'name': 'A1 Sportback 1.4 TFSI 5p S-tronic'} -> {'code': '2013-1', 'name': '2013 Gasolina'} -> {'TipoVeiculo': 1, 'Valor': 'R$ 65.165,00', 'Marca': 'Audi', 'Modelo': 'A1 Sportback 1.4 TFSI 5p S-tronic', 'AnoModelo': 2013, 'Combustivel': 'Gasolina', 'CodigoFipe': '008173-6', 'MesReferencia': 'janeiro de 2026', 'SiglaCombustivel': 'G'}
2026-01-30 08:50:57 | INFO | fipe | Gravado
2026-01-30 08:50:58 | INFO | fipe | Extraindo 6 -> Audi -> {'code': '7418', 'name': 'A1 Sportback 1.8 TFSI 192cv 5p S-tronic'}
2026-01-30 08:50:58 | INFO | fipe | Extraindo 6 -> Audi -> {'code': '7418', 'name': 'A1 Sportback 1.8 TFSI 192cv 5p S-tronic'} -> {'code': '2018-1', 'name': '2018 Gasolina'}
2026-01-30 08:50:59 | INFO | fipe | Gravando json para 6 -> Audi -> {'code': '7418', 'name': 'A1 Sportback 1.8 TFSI 192cv 5p S-tronic'} -> {'code': '2018-1', 'name': '2018 Gasolina'} -> {'TipoVeiculo': 1, 'Valor': 'R$ 124.885,00', 'Marca': 'Audi', 'Modelo': 'A1 Sportback 1.8 TFSI 192cv 5p S-tronic', 'AnoModelo': 2018, 'Combustivel': 'Gasolina', 'CodigoFipe': '008204-0', 'MesReferencia': 'janeiro de 2026', 'SiglaCombustivel': 'G'}
2026-01-30 08:50:59 | INFO | fipe | Gravado
2026-01-30 08:50:59 | INFO | fipe | Extraindo 6 -> Audi -> {'code': '7418', 'name': 'A1 Sportback 1.8 TFSI 192cv 5p S-tronic'} -> {'code': '2017-1', 'name': '2017 Gasolina'}
2026-01-30 08:51:00 | INFO | fipe | Gravando json para 6 -> Audi -> {'code': '7418', 'name': 'A1 Sportback 1.8 TFSI 192cv 5p S-tronic'} -> {'code': '2017-1', 'name': '2017 Gasolina'} -> {'TipoVeiculo': 1, 'Valor': 'R$ 114.857,00', 'Marca': 'Audi', 'Modelo': 'A1 Sportback 1.8 TFSI 192cv 5p S-tronic', 'AnoModelo': 2017, 'Combustivel': 'Gasolina', 'CodigoFipe': '008204-0', 'MesReferencia': 'janeiro de 2026', 'SiglaCombustivel': 'G'}
2026-01-30 08:51:00 | INFO | fipe | Gravado
2026-01-30 08:51:01 | INFO | fipe | Extraindo 6 -> Audi -> {'code': '7418', 'name': 'A1 Sportback 1.8 TFSI 192cv 5p S-tronic'} -> {'code': '2016-1', 'name': '2016 Gasolina'}
2026-01-30 08:51:01 | INFO | fipe | Gravando json para 6 -> Audi -> {'code': '7418', 'name': 'A1 Sportback 1.8 TFSI 192cv 5p S-tronic'} -> {'code': '2016-1', 'name': '2016 Gasolina'} -> {'TipoVeiculo': 1, 'Valor': 'R$ 108.557,00', 'Marca': 'Audi', 'Modelo': 'A1 Sportback 1.8 TFSI 192cv 5p S-tronic', 'AnoModelo': 2016, 'Combustivel': 'Gasolina', 'CodigoFipe': '008204-0', 'MesReferencia': 'janeiro de 2026', 'SiglaCombustivel': 'G'}
2026-01-30 08:51:01 | INFO | fipe | Gravado
2026-01-30 08:51:02 | INFO | fipe | Extraindo 6 -> Audi -> {'code': '52', 'name': 'A3 1.6 3p'}
2026-01-30 08:51:02 | INFO | fipe | Extraindo 6 -> Audi -> {'code': '52', 'name': 'A3 1.6 3p'} -> {'code': '2003-1', 'name': '2003 Gasolina'}
2026-01-30 08:51:03 | INFO | fipe | Gravando json para 6 -> Audi -> {'code': '52', 'name': 'A3 1.6 3p'} -> {'code': '2003-1', 'name': '2003 Gasolina'} -> {'TipoVeiculo': 1, 'Valor': 'R$ 20.314,00', 'Marca': 'Audi', 'Modelo': 'A3 1.6 3p', 'AnoModelo': 2003, 'Combustivel': 'Gasolina', 'CodigoFipe': '008032-2', 'MesReferencia': 'janeiro de 2026', 'SiglaCombustivel': 'G'}
2026-01-30 08:51:03 | INFO | fipe | Gravado
2026-01-30 08:51:03 | INFO | fipe | Extraindo 6 -> Audi -> {'code': '52', 'name': 'A3 1.6 3p'} -> {'code': '2002-1', 'name': '2002 Gasolina'}
2026-01-30 08:51:04 | INFO | fipe | Gravando json para 6 -> Audi -> {'code': '52', 'name': 'A3 1.6 3p'} -> {'code': '2002-1', 'name': '2002 Gasolina'} -> {'TipoVeiculo': 1, 'Valor': 'R$ 18.841,00', 'Marca': 'Audi', 'Modelo': 'A3 1.6 3p', 'AnoModelo': 2002, 'Combustivel': 'Gasolina', 'CodigoFipe': '008032-2', 'MesReferencia': 'janeiro de 2026', 'SiglaCombustivel': 'G'}
2026-01-30 08:51:04 | INFO | fipe | Gravado
2026-01-30 08:51:04 | INFO | fipe | Extraindo 6 -> Audi -> {'code': '52', 'name': 'A3 1.6 3p'} -> {'code': '2001-1', 'name': '2001 Gasolina'}
2026-01-30 08:51:05 | INFO | fipe | Gravando json para 6 -> Audi -> {'code': '52', 'name': 'A3 1.6 3p'} -> {'code': '2001-1', 'name': '2001 Gasolina'} -> {'TipoVeiculo': 1, 'Valor': 'R$ 18.381,00', 'Marca': 'Audi', 'Modelo': 'A3 1.6 3p', 'AnoModelo': 2001, 'Combustivel': 'Gasolina', 'CodigoFipe': '008032-2', 'MesReferencia': 'janeiro de 2026', 'SiglaCombustivel': 'G'}
2026-01-30 08:51:05 | INFO | fipe | Gravado
2026-01-30 08:51:06 | INFO | fipe | Extraindo 6 -> Audi -> {'code': '52', 'name': 'A3 1.6 3p'} -> {'code': '2000-1', 'name': '2000 Gasolina'}
2026-01-30 08:51:06 | INFO | fipe | Gravando json para 6 -> Audi -> {'code': '52', 'name': 'A3 1.6 3p'} -> {'code': '2000-1', 'name': '2000 Gasolina'} -> {'TipoVeiculo': 1, 'Valor': 'R$ 16.119,00', 'Marca': 'Audi', 'Modelo': 'A3 1.6 3p', 'AnoModelo': 2000, 'Combustivel': 'Gasolina', 'CodigoFipe': '008032-2', 'MesReferencia': 'janeiro de 2026', 'SiglaCombustivel': 'G'}
2026-01-30 08:51:06 | INFO | fipe | Gravado
2026-01-30 08:51:07 | INFO | fipe | Extraindo 6 -> Audi -> {'code': '52', 'name': 'A3 1.6 3p'} -> {'code': '1999-1', 'name': '1999 Gasolina'}
2026-01-30 08:51:07 | ERROR | fipe | Não gravou 6 -> Audi -> {'code': '52', 'name': 'A3 1.6 3p'} -> {'code': '1999-1', 'name': '1999 Gasolina'} -> 
2026-01-30 08:51:07 | INFO | fipe | Extraindo 6 -> Audi -> {'code': '53', 'name': 'A3 1.6 3p Aut.'}
2026-01-30 08:51:08 | INFO | fipe | Extraindo 6 -> Audi -> {'code': '53', 'name': 'A3 1.6 3p Aut.'} -> {'code': '2003-1', 'name': '2003 Gasolina'}
2026-01-30 08:51:09 | INFO | fipe | Gravando json para 6 -> Audi -> {'code': '53', 'name': 'A3 1.6 3p Aut.'} -> {'code': '2003-1', 'name': '2003 Gasolina'} -> {'TipoVeiculo': 1, 'Valor': 'R$ 21.005,00', 'Marca': 'Audi', 'Modelo': 'A3 1.6 3p Aut.', 'AnoModelo': 2003, 'Combustivel': 'Gasolina', 'CodigoFipe': '008056-0', 'MesReferencia': 'janeiro de 2026', 'SiglaCombustivel': 'G'}
2026-01-30 08:51:09 | INFO | fipe | Gravado
2026-01-30 08:51:09 | INFO | fipe | Extraindo 6 -> Audi -> {'code': '53', 'name': 'A3 1.6 3p Aut.'} -> {'code': '2002-1', 'name': '2002 Gasolina'}
2026-01-30 08:51:10 | INFO | fipe | Gravando json para 6 -> Audi -> {'code': '53', 'name': 'A3 1.6 3p Aut.'} -> {'code': '2002-1', 'name': '2002 Gasolina'} -> {'TipoVeiculo': 1, 'Valor': 'R$ 20.161,00', 'Marca': 'Audi', 'Modelo': 'A3 1.6 3p Aut.', 'AnoModelo': 2002, 'Combustivel': 'Gasolina', 'CodigoFipe': '008056-0', 'MesReferencia': 'janeiro de 2026', 'SiglaCombustivel': 'G'}
2026-01-30 08:51:10 | INFO | fipe | Gravado
2026-01-30 08:51:11 | INFO | fipe | Extraindo 6 -> Audi -> {'code': '53', 'name': 'A3 1.6 3p Aut.'} -> {'code': '2001-1', 'name': '2001 Gasolina'}
2026-01-30 08:51:12 | INFO | fipe | Gravando json para 6 -> Audi -> {'code': '53', 'name': 'A3 1.6 3p Aut.'} -> {'code': '2001-1', 'name': '2001 Gasolina'} -> {'TipoVeiculo': 1, 'Valor': 'R$ 19.049,00', 'Marca': 'Audi', 'Modelo': 'A3 1.6 3p Aut.', 'AnoModelo': 2001, 'Combustivel': 'Gasolina', 'CodigoFipe': '008056-0', 'MesReferencia': 'janeiro de 2026', 'SiglaCombustivel': 'G'}
2026-01-30 08:51:12 | INFO | fipe | Gravado
2026-01-30 08:51:13 | INFO | fipe | Extraindo 6 -> Audi -> {'code': '53', 'name': 'A3 1.6 3p Aut.'} -> {'code': '2000-1', 'name': '2000 Gasolina'}
2026-01-30 08:51:13 | INFO | fipe | Gravando json para 6 -> Audi -> {'code': '53', 'name': 'A3 1.6 3p Aut.'} -> {'code': '2000-1', 'name': '2000 Gasolina'} -> {'TipoVeiculo': 1, 'Valor': 'R$ 16.187,00', 'Marca': 'Audi', 'Modelo': 'A3 1.6 3p Aut.', 'AnoModelo': 2000, 'Combustivel': 'Gasolina', 'CodigoFipe': '008056-0', 'MesReferencia': 'janeiro de 2026', 'SiglaCombustivel': 'G'}
2026-01-30 08:51:13 | INFO | fipe | Gravado
2026-01-30 08:51:14 | INFO | fipe | Extraindo 6 -> Audi -> {'code': '53', 'name': 'A3 1.6 3p Aut.'} -> {'code': '1999-1', 'name': '1999 Gasolina'}
2026-01-30 08:51:14 | ERROR | fipe | Não gravou 6 -> Audi -> {'code': '53', 'name': 'A3 1.6 3p Aut.'} -> {'code': '1999-1', 'name': '1999 Gasolina'} -> 
2026-01-30 08:51:14 | INFO | fipe | Extraindo 6 -> Audi -> {'code': '54', 'name': 'A3 1.6 5p'}
2026-01-30 08:51:15 | INFO | fipe | Extraindo 6 -> Audi -> {'code': '54', 'name': 'A3 1.6 5p'} -> {'code': '2006-1', 'name': '2006 Gasolina'}
2026-01-30 08:51:17 | INFO | fipe | Gravando json para 6 -> Audi -> {'code': '54', 'name': 'A3 1.6 5p'} -> {'code': '2006-1', 'name': '2006 Gasolina'} -> {'TipoVeiculo': 1, 'Valor': 'R$ 29.572,00', 'Marca': 'Audi', 'Modelo': 'A3 1.6 5p', 'AnoModelo': 2006, 'Combustivel': 'Gasolina', 'CodigoFipe': '008040-3', 'MesReferencia': 'janeiro de 2026', 'SiglaCombustivel': 'G'}
2026-01-30 08:51:17 | INFO | fipe | Gravado
2026-01-30 08:51:17 | INFO | fipe | Extraindo 6 -> Audi -> {'code': '54', 'name': 'A3 1.6 5p'} -> {'code': '2005-1', 'name': '2005 Gasolina'}
2026-01-30 08:51:18 | INFO | fipe | Gravando json para 6 -> Audi -> {'code': '54', 'name': 'A3 1.6 5p'} -> {'code': '2005-1', 'name': '2005 Gasolina'} -> {'TipoVeiculo': 1, 'Valor': 'R$ 27.403,00', 'Marca': 'Audi', 'Modelo': 'A3 1.6 5p', 'AnoModelo': 2005, 'Combustivel': 'Gasolina', 'CodigoFipe': '008040-3', 'MesReferencia': 'janeiro de 2026', 'SiglaCombustivel': 'G'}
2026-01-30 08:51:18 | INFO | fipe | Gravado
2026-01-30 08:51:18 | INFO | fipe | Extraindo 6 -> Audi -> {'code': '54', 'name': 'A3 1.6 5p'} -> {'code': '2004-1', 'name': '2004 Gasolina'}
2026-01-30 08:51:19 | INFO | fipe | Gravando json para 6 -> Audi -> {'code': '54', 'name': 'A3 1.6 5p'} -> {'code': '2004-1', 'name': '2004 Gasolina'} -> {'TipoVeiculo': 1, 'Valor': 'R$ 25.321,00', 'Marca': 'Audi', 'Modelo': 'A3 1.6 5p', 'AnoModelo': 2004, 'Combustivel': 'Gasolina', 'CodigoFipe': '008040-3', 'MesReferencia': 'janeiro de 2026', 'SiglaCombustivel': 'G'}
2026-01-30 08:51:19 | INFO | fipe | Gravado
2026-01-30 08:51:19 | INFO | fipe | Extraindo 6 -> Audi -> {'code': '54', 'name': 'A3 1.6 5p'} -> {'code': '2003-1', 'name': '2003 Gasolina'}
2026-01-30 08:51:20 | INFO | fipe | Gravando json para 6 -> Audi -> {'code': '54', 'name': 'A3 1.6 5p'} -> {'code': '2003-1', 'name': '2003 Gasolina'} -> {'TipoVeiculo': 1, 'Valor': 'R$ 24.043,00', 'Marca': 'Audi', 'Modelo': 'A3 1.6 5p', 'AnoModelo': 2003, 'Combustivel': 'Gasolina', 'CodigoFipe': '008040-3', 'MesReferencia': 'janeiro de 2026', 'SiglaCombustivel': 'G'}
2026-01-30 08:51:20 | INFO | fipe | Gravado
2026-01-30 08:51:21 | INFO | fipe | Extraindo 6 -> Audi -> {'code': '54', 'name': 'A3 1.6 5p'} -> {'code': '2002-1', 'name': '2002 Gasolina'}
2026-01-30 08:51:21 | INFO | fipe | Gravando json para 6 -> Audi -> {'code': '54', 'name': 'A3 1.6 5p'} -> {'code': '2002-1', 'name': '2002 Gasolina'} -> {'TipoVeiculo': 1, 'Valor': 'R$ 22.502,00', 'Marca': 'Audi', 'Modelo': 'A3 1.6 5p', 'AnoModelo': 2002, 'Combustivel': 'Gasolina', 'CodigoFipe': '008040-3', 'MesReferencia': 'janeiro de 2026', 'SiglaCombustivel': 'G'}
2026-01-30 08:51:21 | INFO | fipe | Gravado
2026-01-30 08:51:22 | INFO | fipe | Extraindo 6 -> Audi -> {'code': '54', 'name': 'A3 1.6 5p'} -> {'code': '2001-1', 'name': '2001 Gasolina'}
2026-01-30 08:51:22 | INFO | fipe | Gravando json para 6 -> Audi -> {'code': '54', 'name': 'A3 1.6 5p'} -> {'code': '2001-1', 'name': '2001 Gasolina'} -> {'TipoVeiculo': 1, 'Valor': 'R$ 20.275,00', 'Marca': 'Audi', 'Modelo': 'A3 1.6 5p', 'AnoModelo': 2001, 'Combustivel': 'Gasolina', 'CodigoFipe': '008040-3', 'MesReferencia': 'janeiro de 2026', 'SiglaCombustivel': 'G'}
2026-01-30 08:51:22 | INFO | fipe | Gravado
2026-01-30 08:51:23 | INFO | fipe | Extraindo 6 -> Audi -> {'code': '54', 'name': 'A3 1.6 5p'} -> {'code': '2000-1', 'name': '2000 Gasolina'}
2026-01-30 08:51:24 | INFO | fipe | Gravando json para 6 -> Audi -> {'code': '54', 'name': 'A3 1.6 5p'} -> {'code': '2000-1', 'name': '2000 Gasolina'} -> {'TipoVeiculo': 1, 'Valor': 'R$ 18.660,00', 'Marca': 'Audi', 'Modelo': 'A3 1.6 5p', 'AnoModelo': 2000, 'Combustivel': 'Gasolina', 'CodigoFipe': '008040-3', 'MesReferencia': 'janeiro de 2026', 'SiglaCombustivel': 'G'}
2026-01-30 08:51:24 | INFO | fipe | Gravado
2026-01-30 08:51:24 | INFO | fipe | Extraindo 6 -> Audi -> {'code': '54', 'name': 'A3 1.6 5p'} -> {'code': '1999-1', 'name': '1999 Gasolina'}
2026-01-30 08:51:25 | ERROR | fipe | Não gravou 6 -> Audi -> {'code': '54', 'name': 'A3 1.6 5p'} -> {'code': '1999-1', 'name': '1999 Gasolina'} -> 
2026-01-30 08:51:25 | INFO | fipe | Extraindo 6 -> Audi -> {'code': '55', 'name': 'A3 1.6 5p Aut.'}
2026-01-30 08:51:25 | INFO | fipe | Extraindo 6 -> Audi -> {'code': '55', 'name': 'A3 1.6 5p Aut.'} -> {'code': '2003-1', 'name': '2003 Gasolina'}
2026-01-30 08:51:25 | INFO | fipe | Gravando json para 6 -> Audi -> {'code': '55', 'name': 'A3 1.6 5p Aut.'} -> {'code': '2003-1', 'name': '2003 Gasolina'} -> {'TipoVeiculo': 1, 'Valor': 'R$ 27.655,00', 'Marca': 'Audi', 'Modelo': 'A3 1.6 5p Aut.', 'AnoModelo': 2003, 'Combustivel': 'Gasolina', 'CodigoFipe': '008057-8', 'MesReferencia': 'janeiro de 2026', 'SiglaCombustivel': 'G'}
2026-01-30 08:51:25 | INFO | fipe | Gravado
2026-01-30 08:51:26 | INFO | fipe | Extraindo 6 -> Audi -> {'code': '55', 'name': 'A3 1.6 5p Aut.'} -> {'code': '2002-1', 'name': '2002 Gasolina'}
2026-01-30 08:51:26 | INFO | fipe | Gravando json para 6 -> Audi -> {'code': '55', 'name': 'A3 1.6 5p Aut.'} -> {'code': '2002-1', 'name': '2002 Gasolina'} -> {'TipoVeiculo': 1, 'Valor': 'R$ 22.936,00', 'Marca': 'Audi', 'Modelo': 'A3 1.6 5p Aut.', 'AnoModelo': 2002, 'Combustivel': 'Gasolina', 'CodigoFipe': '008057-8', 'MesReferencia': 'janeiro de 2026', 'SiglaCombustivel': 'G'}
2026-01-30 08:51:26 | INFO | fipe | Gravado
2026-01-30 08:51:27 | INFO | fipe | Extraindo 6 -> Audi -> {'code': '55', 'name': 'A3 1.6 5p Aut.'} -> {'code': '2001-1', 'name': '2001 Gasolina'}
2026-01-30 08:51:28 | INFO | fipe | Gravando json para 6 -> Audi -> {'code': '55', 'name': 'A3 1.6 5p Aut.'} -> {'code': '2001-1', 'name': '2001 Gasolina'} -> {'TipoVeiculo': 1, 'Valor': 'R$ 22.376,00', 'Marca': 'Audi', 'Modelo': 'A3 1.6 5p Aut.', 'AnoModelo': 2001, 'Combustivel': 'Gasolina', 'CodigoFipe': '008057-8', 'MesReferencia': 'janeiro de 2026', 'SiglaCombustivel': 'G'}
2026-01-30 08:51:28 | INFO | fipe | Gravado
2026-01-30 08:51:28 | INFO | fipe | Extraindo 6 -> Audi -> {'code': '55', 'name': 'A3 1.6 5p Aut.'} -> {'code': '2000-1', 'name': '2000 Gasolina'}
2026-01-30 08:51:29 | INFO | fipe | Gravando json para 6 -> Audi -> {'code': '55', 'name': 'A3 1.6 5p Aut.'} -> {'code': '2000-1', 'name': '2000 Gasolina'} -> {'TipoVeiculo': 1, 'Valor': 'R$ 19.794,00', 'Marca': 'Audi', 'Modelo': 'A3 1.6 5p Aut.', 'AnoModelo': 2000, 'Combustivel': 'Gasolina', 'CodigoFipe': '008057-8', 'MesReferencia': 'janeiro de 2026', 'SiglaCombustivel': 'G'}
2026-01-30 08:51:29 | INFO | fipe | Gravado
2026-01-30 08:51:29 | INFO | fipe | Extraindo 6 -> Audi -> {'code': '55', 'name': 'A3 1.6 5p Aut.'} -> {'code': '1999-1', 'name': '1999 Gasolina'}
2026-01-30 08:51:30 | ERROR | fipe | Não gravou 6 -> Audi -> {'code': '55', 'name': 'A3 1.6 5p Aut.'} -> {'code': '1999-1', 'name': '1999 Gasolina'} -> 
2026-01-30 08:51:30 | INFO | fipe | Extraindo 6 -> Audi -> {'code': '4154', 'name': 'A3 1.6 8V 102cv 3p'}
2026-01-30 08:51:30 | INFO | fipe | Extraindo 6 -> Audi -> {'code': '4154', 'name': 'A3 1.6 8V 102cv 3p'} -> {'code': '2007-1', 'name': '2007 Gasolina'}
2026-01-30 08:51:30 | INFO | fipe | Gravando json para 6 -> Audi -> {'code': '4154', 'name': 'A3 1.6 8V 102cv 3p'} -> {'code': '2007-1', 'name': '2007 Gasolina'} -> {'TipoVeiculo': 1, 'Valor': 'R$ 36.993,00', 'Marca': 'Audi', 'Modelo': 'A3 1.6 8V 102cv 3p', 'AnoModelo': 2007, 'Combustivel': 'Gasolina', 'CodigoFipe': '008116-7', 'MesReferencia': 'janeiro de 2026', 'SiglaCombustivel': 'G'}
2026-01-30 08:51:30 | INFO | fipe | Gravado
2026-01-30 08:51:31 | INFO | fipe | Extraindo 6 -> Audi -> {'code': '56', 'name': 'A3 1.8 3p'}
2026-01-30 08:51:31 | INFO | fipe | Extraindo 6 -> Audi -> {'code': '56', 'name': 'A3 1.8 3p'} -> {'code': '2004-1', 'name': '2004 Gasolina'}
2026-01-30 08:51:32 | INFO | fipe | Gravando json para 6 -> Audi -> {'code': '56', 'name': 'A3 1.8 3p'} -> {'code': '2004-1', 'name': '2004 Gasolina'} -> {'TipoVeiculo': 1, 'Valor': 'R$ 24.443,00', 'Marca': 'Audi', 'Modelo': 'A3 1.8 3p', 'AnoModelo': 2004, 'Combustivel': 'Gasolina', 'CodigoFipe': '008005-5', 'MesReferencia': 'janeiro de 2026', 'SiglaCombustivel': 'G'}
2026-01-30 08:51:32 | INFO | fipe | Gravado
2026-01-30 08:51:32 | INFO | fipe | Extraindo 6 -> Audi -> {'code': '56', 'name': 'A3 1.8 3p'} -> {'code': '2003-1', 'name': '2003 Gasolina'}
2026-01-30 08:51:33 | INFO | fipe | Gravando json para 6 -> Audi -> {'code': '56', 'name': 'A3 1.8 3p'} -> {'code': '2003-1', 'name': '2003 Gasolina'} -> {'TipoVeiculo': 1, 'Valor': 'R$ 23.846,00', 'Marca': 'Audi', 'Modelo': 'A3 1.8 3p', 'AnoModelo': 2003, 'Combustivel': 'Gasolina', 'CodigoFipe': '008005-5', 'MesReferencia': 'janeiro de 2026', 'SiglaCombustivel': 'G'}
2026-01-30 08:51:33 | INFO | fipe | Gravado
2026-01-30 08:51:33 | INFO | fipe | Extraindo 6 -> Audi -> {'code': '56', 'name': 'A3 1.8 3p'} -> {'code': '2002-1', 'name': '2002 Gasolina'}
2026-01-30 08:51:34 | INFO | fipe | Gravando json para 6 -> Audi -> {'code': '56', 'name': 'A3 1.8 3p'} -> {'code': '2002-1', 'name': '2002 Gasolina'} -> {'TipoVeiculo': 1, 'Valor': 'R$ 19.824,00', 'Marca': 'Audi', 'Modelo': 'A3 1.8 3p', 'AnoModelo': 2002, 'Combustivel': 'Gasolina', 'CodigoFipe': '008005-5', 'MesReferencia': 'janeiro de 2026', 'SiglaCombustivel': 'G'}
2026-01-30 08:51:34 | INFO | fipe | Gravado
2026-01-30 08:51:35 | INFO | fipe | Extraindo 6 -> Audi -> {'code': '56', 'name': 'A3 1.8 3p'} -> {'code': '2001-1', 'name': '2001 Gasolina'}
2026-01-30 08:51:35 | INFO | fipe | Gravando json para 6 -> Audi -> {'code': '56', 'name': 'A3 1.8 3p'} -> {'code': '2001-1', 'name': '2001 Gasolina'} -> {'TipoVeiculo': 1, 'Valor': 'R$ 18.893,00', 'Marca': 'Audi', 'Modelo': 'A3 1.8 3p', 'AnoModelo': 2001, 'Combustivel': 'Gasolina', 'CodigoFipe': '008005-5', 'MesReferencia': 'janeiro de 2026', 'SiglaCombustivel': 'G'}
2026-01-30 08:51:35 | INFO | fipe | Gravado
2026-01-30 08:51:36 | INFO | fipe | Extraindo 6 -> Audi -> {'code': '56', 'name': 'A3 1.8 3p'} -> {'code': '2000-1', 'name': '2000 Gasolina'}
2026-01-30 08:51:36 | INFO | fipe | Gravando json para 6 -> Audi -> {'code': '56', 'name': 'A3 1.8 3p'} -> {'code': '2000-1', 'name': '2000 Gasolina'} -> {'TipoVeiculo': 1, 'Valor': 'R$ 18.189,00', 'Marca': 'Audi', 'Modelo': 'A3 1.8 3p', 'AnoModelo': 2000, 'Combustivel': 'Gasolina', 'CodigoFipe': '008005-5', 'MesReferencia': 'janeiro de 2026', 'SiglaCombustivel': 'G'}
2026-01-30 08:51:36 | INFO | fipe | Gravado
2026-01-30 08:51:37 | INFO | fipe | Extraindo 6 -> Audi -> {'code': '56', 'name': 'A3 1.8 3p'} -> {'code': '1999-1', 'name': '1999 Gasolina'}
2026-01-30 08:51:37 | ERROR | fipe | Não gravou 6 -> Audi -> {'code': '56', 'name': 'A3 1.8 3p'} -> {'code': '1999-1', 'name': '1999 Gasolina'} -> 
2026-01-30 08:51:37 | INFO | fipe | Extraindo 6 -> Audi -> {'code': '56', 'name': 'A3 1.8 3p'} -> {'code': '1998-1', 'name': '1998 Gasolina'}
2026-01-30 08:51:38 | ERROR | fipe | Não gravou 6 -> Audi -> {'code': '56', 'name': 'A3 1.8 3p'} -> {'code': '1998-1', 'name': '1998 Gasolina'} -> 
2026-01-30 08:51:38 | INFO | fipe | Extraindo 6 -> Audi -> {'code': '56', 'name': 'A3 1.8 3p'} -> {'code': '1997-1', 'name': '1997 Gasolina'}
2026-01-30 08:51:38 | ERROR | fipe | Não gravou 6 -> Audi -> {'code': '56', 'name': 'A3 1.8 3p'} -> {'code': '1997-1', 'name': '1997 Gasolina'} -> 
2026-01-30 08:51:38 | INFO | fipe | Extraindo 6 -> Audi -> {'code': '57', 'name': 'A3 1.8 3p Aut.'}
2026-01-30 08:51:39 | INFO | fipe | Extraindo 6 -> Audi -> {'code': '57', 'name': 'A3 1.8 3p Aut.'} -> {'code': '2004-1', 'name': '2004 Gasolina'}
2026-01-30 08:51:39 | INFO | fipe | Gravando json para 6 -> Audi -> {'code': '57', 'name': 'A3 1.8 3p Aut.'} -> {'code': '2004-1', 'name': '2004 Gasolina'} -> {'TipoVeiculo': 1, 'Valor': 'R$ 25.224,00', 'Marca': 'Audi', 'Modelo': 'A3 1.8 3p Aut.', 'AnoModelo': 2004, 'Combustivel': 'Gasolina', 'CodigoFipe': '008043-8', 'MesReferencia': 'janeiro de 2026', 'SiglaCombustivel': 'G'}
2026-01-30 08:51:39 | INFO | fipe | Gravado
2026-01-30 08:51:40 | INFO | fipe | Extraindo 6 -> Audi -> {'code': '57', 'name': 'A3 1.8 3p Aut.'} -> {'code': '2003-1', 'name': '2003 Gasolina'}
2026-01-30 08:51:40 | INFO | fipe | Gravando json para 6 -> Audi -> {'code': '57', 'name': 'A3 1.8 3p Aut.'} -> {'code': '2003-1', 'name': '2003 Gasolina'} -> {'TipoVeiculo': 1, 'Valor': 'R$ 24.608,00', 'Marca': 'Audi', 'Modelo': 'A3 1.8 3p Aut.', 'AnoModelo': 2003, 'Combustivel': 'Gasolina', 'CodigoFipe': '008043-8', 'MesReferencia': 'janeiro de 2026', 'SiglaCombustivel': 'G'}
2026-01-30 08:51:40 | INFO | fipe | Gravado
2026-01-30 08:51:41 | INFO | fipe | Extraindo 6 -> Audi -> {'code': '57', 'name': 'A3 1.8 3p Aut.'} -> {'code': '2002-1', 'name': '2002 Gasolina'}
2026-01-30 08:51:41 | INFO | fipe | Gravando json para 6 -> Audi -> {'code': '57', 'name': 'A3 1.8 3p Aut.'} -> {'code': '2002-1', 'name': '2002 Gasolina'} -> {'TipoVeiculo': 1, 'Valor': 'R$ 20.225,00', 'Marca': 'Audi', 'Modelo': 'A3 1.8 3p Aut.', 'AnoModelo': 2002, 'Combustivel': 'Gasolina', 'CodigoFipe': '008043-8', 'MesReferencia': 'janeiro de 2026', 'SiglaCombustivel': 'G'}
2026-01-30 08:51:41 | INFO | fipe | Gravado
2026-01-30 08:51:42 | INFO | fipe | Extraindo 6 -> Audi -> {'code': '57', 'name': 'A3 1.8 3p Aut.'} -> {'code': '2001-1', 'name': '2001 Gasolina'}
2026-01-30 08:51:43 | INFO | fipe | Gravando json para 6 -> Audi -> {'code': '57', 'name': 'A3 1.8 3p Aut.'} -> {'code': '2001-1', 'name': '2001 Gasolina'} -> {'TipoVeiculo': 1, 'Valor': 'R$ 18.921,00', 'Marca': 'Audi', 'Modelo': 'A3 1.8 3p Aut.', 'AnoModelo': 2001, 'Combustivel': 'Gasolina', 'CodigoFipe': '008043-8', 'MesReferencia': 'janeiro de 2026', 'SiglaCombustivel': 'G'}
2026-01-30 08:51:43 | INFO | fipe | Gravado
2026-01-30 08:51:43 | INFO | fipe | Extraindo 6 -> Audi -> {'code': '57', 'name': 'A3 1.8 3p Aut.'} -> {'code': '2000-1', 'name': '2000 Gasolina'}
2026-01-30 08:51:44 | INFO | fipe | Gravando json para 6 -> Audi -> {'code': '57', 'name': 'A3 1.8 3p Aut.'} -> {'code': '2000-1', 'name': '2000 Gasolina'} -> {'TipoVeiculo': 1, 'Valor': 'R$ 18.247,00', 'Marca': 'Audi', 'Modelo': 'A3 1.8 3p Aut.', 'AnoModelo': 2000, 'Combustivel': 'Gasolina', 'CodigoFipe': '008043-8', 'MesReferencia': 'janeiro de 2026', 'SiglaCombustivel': 'G'}
2026-01-30 08:51:44 | INFO | fipe | Gravado
2026-01-30 08:51:44 | INFO | fipe | Extraindo 6 -> Audi -> {'code': '57', 'name': 'A3 1.8 3p Aut.'} -> {'code': '1999-1', 'name': '1999 Gasolina'}
2026-01-30 08:51:45 | ERROR | fipe | Não gravou 6 -> Audi -> {'code': '57', 'name': 'A3 1.8 3p Aut.'} -> {'code': '1999-1', 'name': '1999 Gasolina'} -> 
2026-01-30 08:51:45 | INFO | fipe | Extraindo 6 -> Audi -> {'code': '57', 'name': 'A3 1.8 3p Aut.'} -> {'code': '1998-1', 'name': '1998 Gasolina'}
2026-01-30 08:51:45 | ERROR | fipe | Não gravou 6 -> Audi -> {'code': '57', 'name': 'A3 1.8 3p Aut.'} -> {'code': '1998-1', 'name': '1998 Gasolina'} -> 
2026-01-30 08:51:45 | INFO | fipe | Extraindo 6 -> Audi -> {'code': '57', 'name': 'A3 1.8 3p Aut.'} -> {'code': '1997-1', 'name': '1997 Gasolina'}
2026-01-30 08:51:46 | ERROR | fipe | Não gravou 6 -> Audi -> {'code': '57', 'name': 'A3 1.8 3p Aut.'} -> {'code': '1997-1', 'name': '1997 Gasolina'} -> 
2026-01-30 08:51:46 | INFO | fipe | Extraindo 6 -> Audi -> {'code': '58', 'name': 'A3 1.8 5p Aut.'}
2026-01-30 08:51:46 | INFO | fipe | Extraindo 6 -> Audi -> {'code': '58', 'name': 'A3 1.8 5p Aut.'} -> {'code': '2006-1', 'name': '2006 Gasolina'}
2026-01-30 08:51:46 | INFO | fipe | Gravando json para 6 -> Audi -> {'code': '58', 'name': 'A3 1.8 5p Aut.'} -> {'code': '2006-1', 'name': '2006 Gasolina'} -> {'TipoVeiculo': 1, 'Valor': 'R$ 31.470,00', 'Marca': 'Audi', 'Modelo': 'A3 1.8 5p Aut.', 'AnoModelo': 2006, 'Combustivel': 'Gasolina', 'CodigoFipe': '008042-0', 'MesReferencia': 'janeiro de 2026', 'SiglaCombustivel': 'G'}
2026-01-30 08:51:46 | INFO | fipe | Gravado
2026-01-30 08:51:47 | INFO | fipe | Extraindo 6 -> Audi -> {'code': '58', 'name': 'A3 1.8 5p Aut.'} -> {'code': '2005-1', 'name': '2005 Gasolina'}
2026-01-30 08:51:47 | INFO | fipe | Gravando json para 6 -> Audi -> {'code': '58', 'name': 'A3 1.8 5p Aut.'} -> {'code': '2005-1', 'name': '2005 Gasolina'} -> {'TipoVeiculo': 1, 'Valor': 'R$ 28.908,00', 'Marca': 'Audi', 'Modelo': 'A3 1.8 5p Aut.', 'AnoModelo': 2005, 'Combustivel': 'Gasolina', 'CodigoFipe': '008042-0', 'MesReferencia': 'janeiro de 2026', 'SiglaCombustivel': 'G'}
2026-01-30 08:51:47 | INFO | fipe | Gravado
2026-01-30 08:51:48 | INFO | fipe | Extraindo 6 -> Audi -> {'code': '58', 'name': 'A3 1.8 5p Aut.'} -> {'code': '2004-1', 'name': '2004 Gasolina'}
2026-01-30 08:51:49 | INFO | fipe | Gravando json para 6 -> Audi -> {'code': '58', 'name': 'A3 1.8 5p Aut.'} -> {'code': '2004-1', 'name': '2004 Gasolina'} -> {'TipoVeiculo': 1, 'Valor': 'R$ 26.763,00', 'Marca': 'Audi', 'Modelo': 'A3 1.8 5p Aut.', 'AnoModelo': 2004, 'Combustivel': 'Gasolina', 'CodigoFipe': '008042-0', 'MesReferencia': 'janeiro de 2026', 'SiglaCombustivel': 'G'}
2026-01-30 08:51:49 | INFO | fipe | Gravado
2026-01-30 08:51:49 | INFO | fipe | Extraindo 6 -> Audi -> {'code': '58', 'name': 'A3 1.8 5p Aut.'} -> {'code': '2003-1', 'name': '2003 Gasolina'}
2026-01-30 08:51:50 | INFO | fipe | Gravando json para 6 -> Audi -> {'code': '58', 'name': 'A3 1.8 5p Aut.'} -> {'code': '2003-1', 'name': '2003 Gasolina'} -> {'TipoVeiculo': 1, 'Valor': 'R$ 25.120,00', 'Marca': 'Audi', 'Modelo': 'A3 1.8 5p Aut.', 'AnoModelo': 2003, 'Combustivel': 'Gasolina', 'CodigoFipe': '008042-0', 'MesReferencia': 'janeiro de 2026', 'SiglaCombustivel': 'G'}
2026-01-30 08:51:50 | INFO | fipe | Gravado
2026-01-30 08:51:50 | INFO | fipe | Extraindo 6 -> Audi -> {'code': '58', 'name': 'A3 1.8 5p Aut.'} -> {'code': '2002-1', 'name': '2002 Gasolina'}
2026-01-30 08:51:51 | INFO | fipe | Gravando json para 6 -> Audi -> {'code': '58', 'name': 'A3 1.8 5p Aut.'} -> {'code': '2002-1', 'name': '2002 Gasolina'} -> {'TipoVeiculo': 1, 'Valor': 'R$ 23.591,00', 'Marca': 'Audi', 'Modelo': 'A3 1.8 5p Aut.', 'AnoModelo': 2002, 'Combustivel': 'Gasolina', 'CodigoFipe': '008042-0', 'MesReferencia': 'janeiro de 2026', 'SiglaCombustivel': 'G'}
2026-01-30 08:51:51 | INFO | fipe | Gravado
2026-01-30 08:51:51 | INFO | fipe | Extraindo 6 -> Audi -> {'code': '58', 'name': 'A3 1.8 5p Aut.'} -> {'code': '2001-1', 'name': '2001 Gasolina'}
2026-01-30 08:51:52 | INFO | fipe | Gravando json para 6 -> Audi -> {'code': '58', 'name': 'A3 1.8 5p Aut.'} -> {'code': '2001-1', 'name': '2001 Gasolina'} -> {'TipoVeiculo': 1, 'Valor': 'R$ 21.093,00', 'Marca': 'Audi', 'Modelo': 'A3 1.8 5p Aut.', 'AnoModelo': 2001, 'Combustivel': 'Gasolina', 'CodigoFipe': '008042-0', 'MesReferencia': 'janeiro de 2026', 'SiglaCombustivel': 'G'}
2026-01-30 08:51:52 | INFO | fipe | Gravado
2026-01-30 08:51:53 | INFO | fipe | Extraindo 6 -> Audi -> {'code': '58', 'name': 'A3 1.8 5p Aut.'} -> {'code': '2000-1', 'name': '2000 Gasolina'}
2026-01-30 08:51:53 | INFO | fipe | Gravando json para 6 -> Audi -> {'code': '58', 'name': 'A3 1.8 5p Aut.'} -> {'code': '2000-1', 'name': '2000 Gasolina'} -> {'TipoVeiculo': 1, 'Valor': 'R$ 19.724,00', 'Marca': 'Audi', 'Modelo': 'A3 1.8 5p Aut.', 'AnoModelo': 2000, 'Combustivel': 'Gasolina', 'CodigoFipe': '008042-0', 'MesReferencia': 'janeiro de 2026', 'SiglaCombustivel': 'G'}
2026-01-30 08:51:53 | INFO | fipe | Gravado
2026-01-30 08:51:54 | INFO | fipe | Extraindo 6 -> Audi -> {'code': '58', 'name': 'A3 1.8 5p Aut.'} -> {'code': '1999-1', 'name': '1999 Gasolina'}
2026-01-30 08:51:54 | ERROR | fipe | Não gravou 6 -> Audi -> {'code': '58', 'name': 'A3 1.8 5p Aut.'} -> {'code': '1999-1', 'name': '1999 Gasolina'} -> 
2026-01-30 08:51:54 | INFO | fipe | Extraindo 6 -> Audi -> {'code': '58', 'name': 'A3 1.8 5p Aut.'} -> {'code': '1998-1', 'name': '1998 Gasolina'}
2026-01-30 08:51:55 | ERROR | fipe | Não gravou 6 -> Audi -> {'code': '58', 'name': 'A3 1.8 5p Aut.'} -> {'code': '1998-1', 'name': '1998 Gasolina'} -> 
2026-01-30 08:51:55 | INFO | fipe | Extraindo 6 -> Audi -> {'code': '58', 'name': 'A3 1.8 5p Aut.'} -> {'code': '1997-1', 'name': '1997 Gasolina'}
2026-01-30 08:51:55 | ERROR | fipe | Não gravou 6 -> Audi -> {'code': '58', 'name': 'A3 1.8 5p Aut.'} -> {'code': '1997-1', 'name': '1997 Gasolina'} -> 
2026-01-30 08:51:55 | INFO | fipe | Extraindo 6 -> Audi -> {'code': '59', 'name': 'A3 1.8 5p Mec.'}
2026-01-30 08:51:55 | INFO | fipe | Extraindo 6 -> Audi -> {'code': '59', 'name': 'A3 1.8 5p Mec.'} -> {'code': '2006-1', 'name': '2006 Gasolina'}
2026-01-30 08:51:56 | INFO | fipe | Gravando json para 6 -> Audi -> {'code': '59', 'name': 'A3 1.8 5p Mec.'} -> {'code': '2006-1', 'name': '2006 Gasolina'} -> {'TipoVeiculo': 1, 'Valor': 'R$ 27.484,00', 'Marca': 'Audi', 'Modelo': 'A3 1.8 5p Mec.', 'AnoModelo': 2006, 'Combustivel': 'Gasolina', 'CodigoFipe': '008041-1', 'MesReferencia': 'janeiro de 2026', 'SiglaCombustivel': 'G'}
2026-01-30 08:51:56 | INFO | fipe | Gravado
2026-01-30 08:51:57 | INFO | fipe | Extraindo 6 -> Audi -> {'code': '59', 'name': 'A3 1.8 5p Mec.'} -> {'code': '2005-1', 'name': '2005 Gasolina'}
2026-01-30 08:51:57 | INFO | fipe | Gravando json para 6 -> Audi -> {'code': '59', 'name': 'A3 1.8 5p Mec.'} -> {'code': '2005-1', 'name': '2005 Gasolina'} -> {'TipoVeiculo': 1, 'Valor': 'R$ 26.140,00', 'Marca': 'Audi', 'Modelo': 'A3 1.8 5p Mec.', 'AnoModelo': 2005, 'Combustivel': 'Gasolina', 'CodigoFipe': '008041-1', 'MesReferencia': 'janeiro de 2026', 'SiglaCombustivel': 'G'}
2026-01-30 08:51:57 | INFO | fipe | Gravado
2026-01-30 08:51:58 | INFO | fipe | Extraindo 6 -> Audi -> {'code': '59', 'name': 'A3 1.8 5p Mec.'} -> {'code': '2004-1', 'name': '2004 Gasolina'}
2026-01-30 08:51:58 | INFO | fipe | Gravando json para 6 -> Audi -> {'code': '59', 'name': 'A3 1.8 5p Mec.'} -> {'code': '2004-1', 'name': '2004 Gasolina'} -> {'TipoVeiculo': 1, 'Valor': 'R$ 25.502,00', 'Marca': 'Audi', 'Modelo': 'A3 1.8 5p Mec.', 'AnoModelo': 2004, 'Combustivel': 'Gasolina', 'CodigoFipe': '008041-1', 'MesReferencia': 'janeiro de 2026', 'SiglaCombustivel': 'G'}
2026-01-30 08:51:58 | INFO | fipe | Gravado
2026-01-30 08:51:59 | INFO | fipe | Extraindo 6 -> Audi -> {'code': '59', 'name': 'A3 1.8 5p Mec.'} -> {'code': '2003-1', 'name': '2003 Gasolina'}
2026-01-30 08:51:59 | INFO | fipe | Gravando json para 6 -> Audi -> {'code': '59', 'name': 'A3 1.8 5p Mec.'} -> {'code': '2003-1', 'name': '2003 Gasolina'} -> {'TipoVeiculo': 1, 'Valor': 'R$ 24.880,00', 'Marca': 'Audi', 'Modelo': 'A3 1.8 5p Mec.', 'AnoModelo': 2003, 'Combustivel': 'Gasolina', 'CodigoFipe': '008041-1', 'MesReferencia': 'janeiro de 2026', 'SiglaCombustivel': 'G'}
2026-01-30 08:51:59 | INFO | fipe | Gravado
2026-01-30 08:52:00 | INFO | fipe | Extraindo 6 -> Audi -> {'code': '59', 'name': 'A3 1.8 5p Mec.'} -> {'code': '2002-1', 'name': '2002 Gasolina'}
2026-01-30 08:52:00 | INFO | fipe | Gravando json para 6 -> Audi -> {'code': '59', 'name': 'A3 1.8 5p Mec.'} -> {'code': '2002-1', 'name': '2002 Gasolina'} -> {'TipoVeiculo': 1, 'Valor': 'R$ 22.923,00', 'Marca': 'Audi', 'Modelo': 'A3 1.8 5p Mec.', 'AnoModelo': 2002, 'Combustivel': 'Gasolina', 'CodigoFipe': '008041-1', 'MesReferencia': 'janeiro de 2026', 'SiglaCombustivel': 'G'}
2026-01-30 08:52:00 | INFO | fipe | Gravado
2026-01-30 08:52:01 | INFO | fipe | Extraindo 6 -> Audi -> {'code': '59', 'name': 'A3 1.8 5p Mec.'} -> {'code': '2001-1', 'name': '2001 Gasolina'}
2026-01-30 08:52:02 | INFO | fipe | Gravando json para 6 -> Audi -> {'code': '59', 'name': 'A3 1.8 5p Mec.'} -> {'code': '2001-1', 'name': '2001 Gasolina'} -> {'TipoVeiculo': 1, 'Valor': 'R$ 20.200,00', 'Marca': 'Audi', 'Modelo': 'A3 1.8 5p Mec.', 'AnoModelo': 2001, 'Combustivel': 'Gasolina', 'CodigoFipe': '008041-1', 'MesReferencia': 'janeiro de 2026', 'SiglaCombustivel': 'G'}
2026-01-30 08:52:02 | INFO | fipe | Gravado
2026-01-30 08:52:02 | INFO | fipe | Extraindo 6 -> Audi -> {'code': '59', 'name': 'A3 1.8 5p Mec.'} -> {'code': '2000-1', 'name': '2000 Gasolina'}
2026-01-30 08:52:03 | INFO | fipe | Gravando json para 6 -> Audi -> {'code': '59', 'name': 'A3 1.8 5p Mec.'} -> {'code': '2000-1', 'name': '2000 Gasolina'} -> {'TipoVeiculo': 1, 'Valor': 'R$ 19.146,00', 'Marca': 'Audi', 'Modelo': 'A3 1.8 5p Mec.', 'AnoModelo': 2000, 'Combustivel': 'Gasolina', 'CodigoFipe': '008041-1', 'MesReferencia': 'janeiro de 2026', 'SiglaCombustivel': 'G'}
2026-01-30 08:52:03 | INFO | fipe | Gravado
2026-01-30 08:52:03 | INFO | fipe | Extraindo 6 -> Audi -> {'code': '59', 'name': 'A3 1.8 5p Mec.'} -> {'code': '1999-1', 'name': '1999 Gasolina'}
2026-01-30 08:52:04 | ERROR | fipe | Não gravou 6 -> Audi -> {'code': '59', 'name': 'A3 1.8 5p Mec.'} -> {'code': '1999-1', 'name': '1999 Gasolina'} -> 
2026-01-30 08:52:04 | INFO | fipe | Extraindo 6 -> Audi -> {'code': '59', 'name': 'A3 1.8 5p Mec.'} -> {'code': '1998-1', 'name': '1998 Gasolina'}
2026-01-30 08:52:04 | ERROR | fipe | Não gravou 6 -> Audi -> {'code': '59', 'name': 'A3 1.8 5p Mec.'} -> {'code': '1998-1', 'name': '1998 Gasolina'} -> 
2026-01-30 08:52:04 | INFO | fipe | Extraindo 6 -> Audi -> {'code': '59', 'name': 'A3 1.8 5p Mec.'} -> {'code': '1997-1', 'name': '1997 Gasolina'}
2026-01-30 08:52:05 | ERROR | fipe | Não gravou 6 -> Audi -> {'code': '59', 'name': 'A3 1.8 5p Mec.'} -> {'code': '1997-1', 'name': '1997 Gasolina'} -> 
2026-01-30 08:52:05 | INFO | fipe | Extraindo 6 -> Audi -> {'code': '60', 'name': 'A3 1.8 Turbo 180cv 3p Aut./ Tip.'}
2026-01-30 08:52:05 | INFO | fipe | Extraindo 6 -> Audi -> {'code': '60', 'name': 'A3 1.8 Turbo 180cv 3p Aut./ Tip.'} -> {'code': '2003-1', 'name': '2003 Gasolina'}
2026-01-30 08:52:05 | INFO | fipe | Gravando json para 6 -> Audi -> {'code': '60', 'name': 'A3 1.8 Turbo 180cv 3p Aut./ Tip.'} -> {'code': '2003-1', 'name': '2003 Gasolina'} -> {'TipoVeiculo': 1, 'Valor': 'R$ 27.075,00', 'Marca': 'Audi', 'Modelo': 'A3 1.8 Turbo 180cv 3p Aut./ Tip.', 'AnoModelo': 2003, 'Combustivel': 'Gasolina', 'CodigoFipe': '008073-0', 'MesReferencia': 'janeiro de 2026', 'SiglaCombustivel': 'G'}
2026-01-30 08:52:05 | INFO | fipe | Gravado
2026-01-30 08:52:06 | INFO | fipe | Extraindo 6 -> Audi -> {'code': '60', 'name': 'A3 1.8 Turbo 180cv 3p Aut./ Tip.'} -> {'code': '2002-1', 'name': '2002 Gasolina'}
2026-01-30 08:52:07 | INFO | fipe | Gravando json para 6 -> Audi -> {'code': '60', 'name': 'A3 1.8 Turbo 180cv 3p Aut./ Tip.'} -> {'code': '2002-1', 'name': '2002 Gasolina'} -> {'TipoVeiculo': 1, 'Valor': 'R$ 21.215,00', 'Marca': 'Audi', 'Modelo': 'A3 1.8 Turbo 180cv 3p Aut./ Tip.', 'AnoModelo': 2002, 'Combustivel': 'Gasolina', 'CodigoFipe': '008073-0', 'MesReferencia': 'janeiro de 2026', 'SiglaCombustivel': 'G'}
2026-01-30 08:52:07 | INFO | fipe | Gravado
2026-01-30 08:52:07 | INFO | fipe | Extraindo 6 -> Audi -> {'code': '61', 'name': 'A3 1.8 Turbo 180cv 3p Mec.'}
2026-01-30 08:52:07 | INFO | fipe | Extraindo 6 -> Audi -> {'code': '61', 'name': 'A3 1.8 Turbo 180cv 3p Mec.'} -> {'code': '2004-1', 'name': '2004 Gasolina'}
2026-01-30 08:52:08 | INFO | fipe | Gravando json para 6 -> Audi -> {'code': '61', 'name': 'A3 1.8 Turbo 180cv 3p Mec.'} -> {'code': '2004-1', 'name': '2004 Gasolina'} -> {'TipoVeiculo': 1, 'Valor': 'R$ 24.285,00', 'Marca': 'Audi', 'Modelo': 'A3 1.8 Turbo 180cv 3p Mec.', 'AnoModelo': 2004, 'Combustivel': 'Gasolina', 'CodigoFipe': '008074-8', 'MesReferencia': 'janeiro de 2026', 'SiglaCombustivel': 'G'}
2026-01-30 08:52:08 | INFO | fipe | Gravado
2026-01-30 08:52:08 | INFO | fipe | Extraindo 6 -> Audi -> {'code': '61', 'name': 'A3 1.8 Turbo 180cv 3p Mec.'} -> {'code': '2003-1', 'name': '2003 Gasolina'}
2026-01-30 08:52:09 | INFO | fipe | Gravando json para 6 -> Audi -> {'code': '61', 'name': 'A3 1.8 Turbo 180cv 3p Mec.'} -> {'code': '2003-1', 'name': '2003 Gasolina'} -> {'TipoVeiculo': 1, 'Valor': 'R$ 22.038,00', 'Marca': 'Audi', 'Modelo': 'A3 1.8 Turbo 180cv 3p Mec.', 'AnoModelo': 2003, 'Combustivel': 'Gasolina', 'CodigoFipe': '008074-8', 'MesReferencia': 'janeiro de 2026', 'SiglaCombustivel': 'G'}
2026-01-30 08:52:09 | INFO | fipe | Gravado
2026-01-30 08:52:10 | INFO | fipe | Extraindo 6 -> Audi -> {'code': '61', 'name': 'A3 1.8 Turbo 180cv 3p Mec.'} -> {'code': '2002-1', 'name': '2002 Gasolina'}
2026-01-30 08:52:10 | INFO | fipe | Gravando json para 6 -> Audi -> {'code': '61', 'name': 'A3 1.8 Turbo 180cv 3p Mec.'} -> {'code': '2002-1', 'name': '2002 Gasolina'} -> {'TipoVeiculo': 1, 'Valor': 'R$ 19.933,00', 'Marca': 'Audi', 'Modelo': 'A3 1.8 Turbo 180cv 3p Mec.', 'AnoModelo': 2002, 'Combustivel': 'Gasolina', 'CodigoFipe': '008074-8', 'MesReferencia': 'janeiro de 2026', 'SiglaCombustivel': 'G'}
2026-01-30 08:52:10 | INFO | fipe | Gravado
2026-01-30 08:52:11 | INFO | fipe | Extraindo 6 -> Audi -> {'code': '61', 'name': 'A3 1.8 Turbo 180cv 3p Mec.'} -> {'code': '2001-1', 'name': '2001 Gasolina'}
2026-01-30 08:52:11 | INFO | fipe | Gravando json para 6 -> Audi -> {'code': '61', 'name': 'A3 1.8 Turbo 180cv 3p Mec.'} -> {'code': '2001-1', 'name': '2001 Gasolina'} -> {'TipoVeiculo': 1, 'Valor': 'R$ 17.729,00', 'Marca': 'Audi', 'Modelo': 'A3 1.8 Turbo 180cv 3p Mec.', 'AnoModelo': 2001, 'Combustivel': 'Gasolina', 'CodigoFipe': '008074-8', 'MesReferencia': 'janeiro de 2026', 'SiglaCombustivel': 'G'}
2026-01-30 08:52:11 | INFO | fipe | Gravado
2026-01-30 08:52:12 | INFO | fipe | Extraindo 6 -> Audi -> {'code': '61', 'name': 'A3 1.8 Turbo 180cv 3p Mec.'} -> {'code': '2000-1', 'name': '2000 Gasolina'}
2026-01-30 08:52:13 | INFO | fipe | Gravando json para 6 -> Audi -> {'code': '61', 'name': 'A3 1.8 Turbo 180cv 3p Mec.'} -> {'code': '2000-1', 'name': '2000 Gasolina'} -> {'TipoVeiculo': 1, 'Valor': 'R$ 16.396,00', 'Marca': 'Audi', 'Modelo': 'A3 1.8 Turbo 180cv 3p Mec.', 'AnoModelo': 2000, 'Combustivel': 'Gasolina', 'CodigoFipe': '008074-8', 'MesReferencia': 'janeiro de 2026', 'SiglaCombustivel': 'G'}
2026-01-30 08:52:13 | INFO | fipe | Gravado
2026-01-30 08:52:13 | INFO | fipe | Extraindo 6 -> Audi -> {'code': '62', 'name': 'A3 1.8 Turbo 180cv 5p Aut./ Tip.'}
2026-01-30 08:52:13 | INFO | fipe | Extraindo 6 -> Audi -> {'code': '62', 'name': 'A3 1.8 Turbo 180cv 5p Aut./ Tip.'} -> {'code': '2006-1', 'name': '2006 Gasolina'}
2026-01-30 08:52:14 | INFO | fipe | Gravando json para 6 -> Audi -> {'code': '62', 'name': 'A3 1.8 Turbo 180cv 5p Aut./ Tip.'} -> {'code': '2006-1', 'name': '2006 Gasolina'} -> {'TipoVeiculo': 1, 'Valor': 'R$ 38.112,00', 'Marca': 'Audi', 'Modelo': 'A3 1.8 Turbo 180cv 5p Aut./ Tip.', 'AnoModelo': 2006, 'Combustivel': 'Gasolina', 'CodigoFipe': '008071-3', 'MesReferencia': 'janeiro de 2026', 'SiglaCombustivel': 'G'}
2026-01-30 08:52:14 | INFO | fipe | Gravado
2026-01-30 08:52:14 | INFO | fipe | Extraindo 6 -> Audi -> {'code': '62', 'name': 'A3 1.8 Turbo 180cv 5p Aut./ Tip.'} -> {'code': '2005-1', 'name': '2005 Gasolina'}
2026-01-30 08:52:15 | INFO | fipe | Gravando json para 6 -> Audi -> {'code': '62', 'name': 'A3 1.8 Turbo 180cv 5p Aut./ Tip.'} -> {'code': '2005-1', 'name': '2005 Gasolina'} -> {'TipoVeiculo': 1, 'Valor': 'R$ 34.987,00', 'Marca': 'Audi', 'Modelo': 'A3 1.8 Turbo 180cv 5p Aut./ Tip.', 'AnoModelo': 2005, 'Combustivel': 'Gasolina', 'CodigoFipe': '008071-3', 'MesReferencia': 'janeiro de 2026', 'SiglaCombustivel': 'G'}
2026-01-30 08:52:15 | INFO | fipe | Gravado
2026-01-30 08:52:15 | INFO | fipe | Extraindo 6 -> Audi -> {'code': '62', 'name': 'A3 1.8 Turbo 180cv 5p Aut./ Tip.'} -> {'code': '2004-1', 'name': '2004 Gasolina'}
2026-01-30 08:52:16 | INFO | fipe | Gravando json para 6 -> Audi -> {'code': '62', 'name': 'A3 1.8 Turbo 180cv 5p Aut./ Tip.'} -> {'code': '2004-1', 'name': '2004 Gasolina'} -> {'TipoVeiculo': 1, 'Valor': 'R$ 29.431,00', 'Marca': 'Audi', 'Modelo': 'A3 1.8 Turbo 180cv 5p Aut./ Tip.', 'AnoModelo': 2004, 'Combustivel': 'Gasolina', 'CodigoFipe': '008071-3', 'MesReferencia': 'janeiro de 2026', 'SiglaCombustivel': 'G'}
2026-01-30 08:52:16 | INFO | fipe | Gravado
2026-01-30 08:52:17 | INFO | fipe | Extraindo 6 -> Audi -> {'code': '62', 'name': 'A3 1.8 Turbo 180cv 5p Aut./ Tip.'} -> {'code': '2003-1', 'name': '2003 Gasolina'}
2026-01-30 08:52:17 | INFO | fipe | Gravando json para 6 -> Audi -> {'code': '62', 'name': 'A3 1.8 Turbo 180cv 5p Aut./ Tip.'} -> {'code': '2003-1', 'name': '2003 Gasolina'} -> {'TipoVeiculo': 1, 'Valor': 'R$ 28.631,00', 'Marca': 'Audi', 'Modelo': 'A3 1.8 Turbo 180cv 5p Aut./ Tip.', 'AnoModelo': 2003, 'Combustivel': 'Gasolina', 'CodigoFipe': '008071-3', 'MesReferencia': 'janeiro de 2026', 'SiglaCombustivel': 'G'}
2026-01-30 08:52:17 | INFO | fipe | Gravado
2026-01-30 08:52:18 | INFO | fipe | Extraindo 6 -> Audi -> {'code': '62', 'name': 'A3 1.8 Turbo 180cv 5p Aut./ Tip.'} -> {'code': '2002-1', 'name': '2002 Gasolina'}
2026-01-30 08:52:18 | INFO | fipe | Gravando json para 6 -> Audi -> {'code': '62', 'name': 'A3 1.8 Turbo 180cv 5p Aut./ Tip.'} -> {'code': '2002-1', 'name': '2002 Gasolina'} -> {'TipoVeiculo': 1, 'Valor': 'R$ 24.827,00', 'Marca': 'Audi', 'Modelo': 'A3 1.8 Turbo 180cv 5p Aut./ Tip.', 'AnoModelo': 2002, 'Combustivel': 'Gasolina', 'CodigoFipe': '008071-3', 'MesReferencia': 'janeiro de 2026', 'SiglaCombustivel': 'G'}
2026-01-30 08:52:18 | INFO | fipe | Gravado
2026-01-30 08:52:19 | INFO | fipe | Extraindo 6 -> Audi -> {'code': '63', 'name': 'A3 1.8 Turbo 180cv 5p Mec.'}
2026-01-30 08:52:19 | INFO | fipe | Extraindo 6 -> Audi -> {'code': '63', 'name': 'A3 1.8 Turbo 180cv 5p Mec.'} -> {'code': '2006-1', 'name': '2006 Gasolina'}
2026-01-30 08:52:20 | INFO | fipe | Gravando json para 6 -> Audi -> {'code': '63', 'name': 'A3 1.8 Turbo 180cv 5p Mec.'} -> {'code': '2006-1', 'name': '2006 Gasolina'} -> {'TipoVeiculo': 1, 'Valor': 'R$ 36.667,00', 'Marca': 'Audi', 'Modelo': 'A3 1.8 Turbo 180cv 5p Mec.', 'AnoModelo': 2006, 'Combustivel': 'Gasolina', 'CodigoFipe': '008072-1', 'MesReferencia': 'janeiro de 2026', 'SiglaCombustivel': 'G'}
2026-01-30 08:52:20 | INFO | fipe | Gravado
2026-01-30 08:52:20 | INFO | fipe | Extraindo 6 -> Audi -> {'code': '63', 'name': 'A3 1.8 Turbo 180cv 5p Mec.'} -> {'code': '2005-1', 'name': '2005 Gasolina'}
2026-01-30 08:52:21 | INFO | fipe | Gravando json para 6 -> Audi -> {'code': '63', 'name': 'A3 1.8 Turbo 180cv 5p Mec.'} -> {'code': '2005-1', 'name': '2005 Gasolina'} -> {'TipoVeiculo': 1, 'Valor': 'R$ 33.794,00', 'Marca': 'Audi', 'Modelo': 'A3 1.8 Turbo 180cv 5p Mec.', 'AnoModelo': 2005, 'Combustivel': 'Gasolina', 'CodigoFipe': '008072-1', 'MesReferencia': 'janeiro de 2026', 'SiglaCombustivel': 'G'}
2026-01-30 08:52:21 | INFO | fipe | Gravado
2026-01-30 08:52:21 | INFO | fipe | Extraindo 6 -> Audi -> {'code': '63', 'name': 'A3 1.8 Turbo 180cv 5p Mec.'} -> {'code': '2004-1', 'name': '2004 Gasolina'}
2026-01-30 08:52:22 | INFO | fipe | Gravando json para 6 -> Audi -> {'code': '63', 'name': 'A3 1.8 Turbo 180cv 5p Mec.'} -> {'code': '2004-1', 'name': '2004 Gasolina'} -> {'TipoVeiculo': 1, 'Valor': 'R$ 29.395,00', 'Marca': 'Audi', 'Modelo': 'A3 1.8 Turbo 180cv 5p Mec.', 'AnoModelo': 2004, 'Combustivel': 'Gasolina', 'CodigoFipe': '008072-1', 'MesReferencia': 'janeiro de 2026', 'SiglaCombustivel': 'G'}
2026-01-30 08:52:22 | INFO | fipe | Gravado
2026-01-30 08:52:22 | INFO | fipe | Extraindo 6 -> Audi -> {'code': '63', 'name': 'A3 1.8 Turbo 180cv 5p Mec.'} -> {'code': '2003-1', 'name': '2003 Gasolina'}
2026-01-30 08:52:23 | INFO | fipe | Gravando json para 6 -> Audi -> {'code': '63', 'name': 'A3 1.8 Turbo 180cv 5p Mec.'} -> {'code': '2003-1', 'name': '2003 Gasolina'} -> {'TipoVeiculo': 1, 'Valor': 'R$ 28.073,00', 'Marca': 'Audi', 'Modelo': 'A3 1.8 Turbo 180cv 5p Mec.', 'AnoModelo': 2003, 'Combustivel': 'Gasolina', 'CodigoFipe': '008072-1', 'MesReferencia': 'janeiro de 2026', 'SiglaCombustivel': 'G'}
2026-01-30 08:52:23 | INFO | fipe | Gravado
2026-01-30 08:52:23 | INFO | fipe | Extraindo 6 -> Audi -> {'code': '63', 'name': 'A3 1.8 Turbo 180cv 5p Mec.'} -> {'code': '2002-1', 'name': '2002 Gasolina'}
2026-01-30 08:52:24 | INFO | fipe | Gravando json para 6 -> Audi -> {'code': '63', 'name': 'A3 1.8 Turbo 180cv 5p Mec.'} -> {'code': '2002-1', 'name': '2002 Gasolina'} -> {'TipoVeiculo': 1, 'Valor': 'R$ 23.573,00', 'Marca': 'Audi', 'Modelo': 'A3 1.8 Turbo 180cv 5p Mec.', 'AnoModelo': 2002, 'Combustivel': 'Gasolina', 'CodigoFipe': '008072-1', 'MesReferencia': 'janeiro de 2026', 'SiglaCombustivel': 'G'}
2026-01-30 08:52:24 | INFO | fipe | Gravado
2026-01-30 08:52:25 | INFO | fipe | Extraindo 6 -> Audi -> {'code': '63', 'name': 'A3 1.8 Turbo 180cv 5p Mec.'} -> {'code': '2001-1', 'name': '2001 Gasolina'}
2026-01-30 08:52:25 | INFO | fipe | Gravando json para 6 -> Audi -> {'code': '63', 'name': 'A3 1.8 Turbo 180cv 5p Mec.'} -> {'code': '2001-1', 'name': '2001 Gasolina'} -> {'TipoVeiculo': 1, 'Valor': 'R$ 21.442,00', 'Marca': 'Audi', 'Modelo': 'A3 1.8 Turbo 180cv 5p Mec.', 'AnoModelo': 2001, 'Combustivel': 'Gasolina', 'CodigoFipe': '008072-1', 'MesReferencia': 'janeiro de 2026', 'SiglaCombustivel': 'G'}
2026-01-30 08:52:25 | INFO | fipe | Gravado
2026-01-30 08:52:26 | INFO | fipe | Extraindo 6 -> Audi -> {'code': '63', 'name': 'A3 1.8 Turbo 180cv 5p Mec.'} -> {'code': '2000-1', 'name': '2000 Gasolina'}
2026-01-30 08:52:26 | INFO | fipe | Gravando json para 6 -> Audi -> {'code': '63', 'name': 'A3 1.8 Turbo 180cv 5p Mec.'} -> {'code': '2000-1', 'name': '2000 Gasolina'} -> {'TipoVeiculo': 1, 'Valor': 'R$ 19.791,00', 'Marca': 'Audi', 'Modelo': 'A3 1.8 Turbo 180cv 5p Mec.', 'AnoModelo': 2000, 'Combustivel': 'Gasolina', 'CodigoFipe': '008072-1', 'MesReferencia': 'janeiro de 2026', 'SiglaCombustivel': 'G'}
2026-01-30 08:52:26 | INFO | fipe | Gravado
2026-01-30 08:52:27 | INFO | fipe | Extraindo 6 -> Audi -> {'code': '64', 'name': 'A3 1.8 Turbo 3p Aut.'}
2026-01-30 08:52:27 | INFO | fipe | Extraindo 6 -> Audi -> {'code': '64', 'name': 'A3 1.8 Turbo 3p Aut.'} -> {'code': '2003-1', 'name': '2003 Gasolina'}
2026-01-30 08:52:28 | INFO | fipe | Gravando json para 6 -> Audi -> {'code': '64', 'name': 'A3 1.8 Turbo 3p Aut.'} -> {'code': '2003-1', 'name': '2003 Gasolina'} -> {'TipoVeiculo': 1, 'Valor': 'R$ 33.870,00', 'Marca': 'Audi', 'Modelo': 'A3 1.8 Turbo 3p Aut.', 'AnoModelo': 2003, 'Combustivel': 'Gasolina', 'CodigoFipe': '008046-2', 'MesReferencia': 'janeiro de 2026', 'SiglaCombustivel': 'G'}
2026-01-30 08:52:28 | INFO | fipe | Gravado
2026-01-30 08:52:29 | INFO | fipe | Extraindo 6 -> Audi -> {'code': '64', 'name': 'A3 1.8 Turbo 3p Aut.'} -> {'code': '2002-1', 'name': '2002 Gasolina'}
2026-01-30 08:52:29 | INFO | fipe | Gravando json para 6 -> Audi -> {'code': '64', 'name': 'A3 1.8 Turbo 3p Aut.'} -> {'code': '2002-1', 'name': '2002 Gasolina'} -> {'TipoVeiculo': 1, 'Valor': 'R$ 26.227,00', 'Marca': 'Audi', 'Modelo': 'A3 1.8 Turbo 3p Aut.', 'AnoModelo': 2002, 'Combustivel': 'Gasolina', 'CodigoFipe': '008046-2', 'MesReferencia': 'janeiro de 2026', 'SiglaCombustivel': 'G'}
2026-01-30 08:52:29 | INFO | fipe | Gravado
2026-01-30 08:52:30 | INFO | fipe | Extraindo 6 -> Audi -> {'code': '64', 'name': 'A3 1.8 Turbo 3p Aut.'} -> {'code': '2001-1', 'name': '2001 Gasolina'}
2026-01-30 08:52:30 | INFO | fipe | Gravando json para 6 -> Audi -> {'code': '64', 'name': 'A3 1.8 Turbo 3p Aut.'} -> {'code': '2001-1', 'name': '2001 Gasolina'} -> {'TipoVeiculo': 1, 'Valor': 'R$ 22.977,00', 'Marca': 'Audi', 'Modelo': 'A3 1.8 Turbo 3p Aut.', 'AnoModelo': 2001, 'Combustivel': 'Gasolina', 'CodigoFipe': '008046-2', 'MesReferencia': 'janeiro de 2026', 'SiglaCombustivel': 'G'}
2026-01-30 08:52:30 | INFO | fipe | Gravado
2026-01-30 08:52:31 | INFO | fipe | Extraindo 6 -> Audi -> {'code': '64', 'name': 'A3 1.8 Turbo 3p Aut.'} -> {'code': '2000-1', 'name': '2000 Gasolina'}
2026-01-30 08:52:32 | INFO | fipe | Gravando json para 6 -> Audi -> {'code': '64', 'name': 'A3 1.8 Turbo 3p Aut.'} -> {'code': '2000-1', 'name': '2000 Gasolina'} -> {'TipoVeiculo': 1, 'Valor': 'R$ 19.670,00', 'Marca': 'Audi', 'Modelo': 'A3 1.8 Turbo 3p Aut.', 'AnoModelo': 2000, 'Combustivel': 'Gasolina', 'CodigoFipe': '008046-2', 'MesReferencia': 'janeiro de 2026', 'SiglaCombustivel': 'G'}
2026-01-30 08:52:32 | INFO | fipe | Gravado
2026-01-30 08:52:32 | INFO | fipe | Extraindo 6 -> Audi -> {'code': '64', 'name': 'A3 1.8 Turbo 3p Aut.'} -> {'code': '1999-1', 'name': '1999 Gasolina'}
2026-01-30 08:52:33 | ERROR | fipe | Não gravou 6 -> Audi -> {'code': '64', 'name': 'A3 1.8 Turbo 3p Aut.'} -> {'code': '1999-1', 'name': '1999 Gasolina'} -> 
2026-01-30 08:52:33 | INFO | fipe | Extraindo 6 -> Audi -> {'code': '64', 'name': 'A3 1.8 Turbo 3p Aut.'} -> {'code': '1998-1', 'name': '1998 Gasolina'}
2026-01-30 08:52:33 | ERROR | fipe | Não gravou 6 -> Audi -> {'code': '64', 'name': 'A3 1.8 Turbo 3p Aut.'} -> {'code': '1998-1', 'name': '1998 Gasolina'} -> 
2026-01-30 08:52:33 | INFO | fipe | Extraindo 6 -> Audi -> {'code': '64', 'name': 'A3 1.8 Turbo 3p Aut.'} -> {'code': '1997-1', 'name': '1997 Gasolina'}
2026-01-30 08:52:34 | ERROR | fipe | Não gravou 6 -> Audi -> {'code': '64', 'name': 'A3 1.8 Turbo 3p Aut.'} -> {'code': '1997-1', 'name': '1997 Gasolina'} -> 
2026-01-30 08:52:34 | INFO | fipe | Extraindo 6 -> Audi -> {'code': '65', 'name': 'A3 1.8 Turbo 3p Mec.'}
2026-01-30 08:52:34 | INFO | fipe | Extraindo 6 -> Audi -> {'code': '65', 'name': 'A3 1.8 Turbo 3p Mec.'} -> {'code': '2004-1', 'name': '2004 Gasolina'}
2026-01-30 08:52:34 | INFO | fipe | Gravando json para 6 -> Audi -> {'code': '65', 'name': 'A3 1.8 Turbo 3p Mec.'} -> {'code': '2004-1', 'name': '2004 Gasolina'} -> {'TipoVeiculo': 1, 'Valor': 'R$ 30.012,00', 'Marca': 'Audi', 'Modelo': 'A3 1.8 Turbo 3p Mec.', 'AnoModelo': 2004, 'Combustivel': 'Gasolina', 'CodigoFipe': '008006-3', 'MesReferencia': 'janeiro de 2026', 'SiglaCombustivel': 'G'}
2026-01-30 08:52:34 | INFO | fipe | Gravado
2026-01-30 08:52:35 | INFO | fipe | Extraindo 6 -> Audi -> {'code': '65', 'name': 'A3 1.8 Turbo 3p Mec.'} -> {'code': '2003-1', 'name': '2003 Gasolina'}
2026-01-30 08:52:35 | INFO | fipe | Gravando json para 6 -> Audi -> {'code': '65', 'name': 'A3 1.8 Turbo 3p Mec.'} -> {'code': '2003-1', 'name': '2003 Gasolina'} -> {'TipoVeiculo': 1, 'Valor': 'R$ 26.615,00', 'Marca': 'Audi', 'Modelo': 'A3 1.8 Turbo 3p Mec.', 'AnoModelo': 2003, 'Combustivel': 'Gasolina', 'CodigoFipe': '008006-3', 'MesReferencia': 'janeiro de 2026', 'SiglaCombustivel': 'G'}
2026-01-30 08:52:35 | INFO | fipe | Gravado
2026-01-30 08:52:36 | INFO | fipe | Extraindo 6 -> Audi -> {'code': '65', 'name': 'A3 1.8 Turbo 3p Mec.'} -> {'code': '2002-1', 'name': '2002 Gasolina'}
2026-01-30 08:52:36 | INFO | fipe | Gravando json para 6 -> Audi -> {'code': '65', 'name': 'A3 1.8 Turbo 3p Mec.'} -> {'code': '2002-1', 'name': '2002 Gasolina'} -> {'TipoVeiculo': 1, 'Valor': 'R$ 24.840,00', 'Marca': 'Audi', 'Modelo': 'A3 1.8 Turbo 3p Mec.', 'AnoModelo': 2002, 'Combustivel': 'Gasolina', 'CodigoFipe': '008006-3', 'MesReferencia': 'janeiro de 2026', 'SiglaCombustivel': 'G'}
2026-01-30 08:52:36 | INFO | fipe | Gravado
2026-01-30 08:52:37 | INFO | fipe | Extraindo 6 -> Audi -> {'code': '65', 'name': 'A3 1.8 Turbo 3p Mec.'} -> {'code': '2001-1', 'name': '2001 Gasolina'}
2026-01-30 08:52:38 | INFO | fipe | Gravando json para 6 -> Audi -> {'code': '65', 'name': 'A3 1.8 Turbo 3p Mec.'} -> {'code': '2001-1', 'name': '2001 Gasolina'} -> {'TipoVeiculo': 1, 'Valor': 'R$ 20.907,00', 'Marca': 'Audi', 'Modelo': 'A3 1.8 Turbo 3p Mec.', 'AnoModelo': 2001, 'Combustivel': 'Gasolina', 'CodigoFipe': '008006-3', 'MesReferencia': 'janeiro de 2026', 'SiglaCombustivel': 'G'}
2026-01-30 08:52:38 | INFO | fipe | Gravado
2026-01-30 08:52:38 | INFO | fipe | Extraindo 6 -> Audi -> {'code': '65', 'name': 'A3 1.8 Turbo 3p Mec.'} -> {'code': '2000-1', 'name': '2000 Gasolina'}
2026-01-30 08:52:39 | INFO | fipe | Gravando json para 6 -> Audi -> {'code': '65', 'name': 'A3 1.8 Turbo 3p Mec.'} -> {'code': '2000-1', 'name': '2000 Gasolina'} -> {'TipoVeiculo': 1, 'Valor': 'R$ 19.103,00', 'Marca': 'Audi', 'Modelo': 'A3 1.8 Turbo 3p Mec.', 'AnoModelo': 2000, 'Combustivel': 'Gasolina', 'CodigoFipe': '008006-3', 'MesReferencia': 'janeiro de 2026', 'SiglaCombustivel': 'G'}
2026-01-30 08:52:39 | INFO | fipe | Gravado
2026-01-30 08:52:39 | INFO | fipe | Extraindo 6 -> Audi -> {'code': '65', 'name': 'A3 1.8 Turbo 3p Mec.'} -> {'code': '1999-1', 'name': '1999 Gasolina'}
2026-01-30 08:52:40 | ERROR | fipe | Não gravou 6 -> Audi -> {'code': '65', 'name': 'A3 1.8 Turbo 3p Mec.'} -> {'code': '1999-1', 'name': '1999 Gasolina'} -> 
2026-01-30 08:52:40 | INFO | fipe | Extraindo 6 -> Audi -> {'code': '65', 'name': 'A3 1.8 Turbo 3p Mec.'} -> {'code': '1998-1', 'name': '1998 Gasolina'}
2026-01-30 08:52:40 | ERROR | fipe | Não gravou 6 -> Audi -> {'code': '65', 'name': 'A3 1.8 Turbo 3p Mec.'} -> {'code': '1998-1', 'name': '1998 Gasolina'} -> 
2026-01-30 08:52:40 | INFO | fipe | Extraindo 6 -> Audi -> {'code': '65', 'name': 'A3 1.8 Turbo 3p Mec.'} -> {'code': '1997-1', 'name': '1997 Gasolina'}
2026-01-30 08:52:41 | ERROR | fipe | Não gravou 6 -> Audi -> {'code': '65', 'name': 'A3 1.8 Turbo 3p Mec.'} -> {'code': '1997-1', 'name': '1997 Gasolina'} -> 
2026-01-30 08:52:41 | INFO | fipe | Extraindo 6 -> Audi -> {'code': '66', 'name': 'A3 1.8 Turbo 5p Aut.'}
2026-01-30 08:52:41 | INFO | fipe | Extraindo 6 -> Audi -> {'code': '66', 'name': 'A3 1.8 Turbo 5p Aut.'} -> {'code': '2006-1', 'name': '2006 Gasolina'}
2026-01-30 08:52:42 | INFO | fipe | Gravando json para 6 -> Audi -> {'code': '66', 'name': 'A3 1.8 Turbo 5p Aut.'} -> {'code': '2006-1', 'name': '2006 Gasolina'} -> {'TipoVeiculo': 1, 'Valor': 'R$ 34.364,00', 'Marca': 'Audi', 'Modelo': 'A3 1.8 Turbo 5p Aut.', 'AnoModelo': 2006, 'Combustivel': 'Gasolina', 'CodigoFipe': '008045-4', 'MesReferencia': 'janeiro de 2026', 'SiglaCombustivel': 'G'}
2026-01-30 08:52:42 | INFO | fipe | Gravado
2026-01-30 08:52:42 | INFO | fipe | Extraindo 6 -> Audi -> {'code': '66', 'name': 'A3 1.8 Turbo 5p Aut.'} -> {'code': '2005-1', 'name': '2005 Gasolina'}
2026-01-30 08:52:43 | INFO | fipe | Gravando json para 6 -> Audi -> {'code': '66', 'name': 'A3 1.8 Turbo 5p Aut.'} -> {'code': '2005-1', 'name': '2005 Gasolina'} -> {'TipoVeiculo': 1, 'Valor': 'R$ 32.822,00', 'Marca': 'Audi', 'Modelo': 'A3 1.8 Turbo 5p Aut.', 'AnoModelo': 2005, 'Combustivel': 'Gasolina', 'CodigoFipe': '008045-4', 'MesReferencia': 'janeiro de 2026', 'SiglaCombustivel': 'G'}
2026-01-30 08:52:43 | INFO | fipe | Gravado
2026-01-30 08:52:43 | INFO | fipe | Extraindo 6 -> Audi -> {'code': '66', 'name': 'A3 1.8 Turbo 5p Aut.'} -> {'code': '2004-1', 'name': '2004 Gasolina'}
2026-01-30 08:52:44 | INFO | fipe | Gravando json para 6 -> Audi -> {'code': '66', 'name': 'A3 1.8 Turbo 5p Aut.'} -> {'code': '2004-1', 'name': '2004 Gasolina'} -> {'TipoVeiculo': 1, 'Valor': 'R$ 28.840,00', 'Marca': 'Audi', 'Modelo': 'A3 1.8 Turbo 5p Aut.', 'AnoModelo': 2004, 'Combustivel': 'Gasolina', 'CodigoFipe': '008045-4', 'MesReferencia': 'janeiro de 2026', 'SiglaCombustivel': 'G'}
2026-01-30 08:52:44 | INFO | fipe | Gravado
2026-01-30 08:52:44 | INFO | fipe | Extraindo 6 -> Audi -> {'code': '66', 'name': 'A3 1.8 Turbo 5p Aut.'} -> {'code': '2003-1', 'name': '2003 Gasolina'}
2026-01-30 08:52:45 | INFO | fipe | Gravando json para 6 -> Audi -> {'code': '66', 'name': 'A3 1.8 Turbo 5p Aut.'} -> {'code': '2003-1', 'name': '2003 Gasolina'} -> {'TipoVeiculo': 1, 'Valor': 'R$ 26.712,00', 'Marca': 'Audi', 'Modelo': 'A3 1.8 Turbo 5p Aut.', 'AnoModelo': 2003, 'Combustivel': 'Gasolina', 'CodigoFipe': '008045-4', 'MesReferencia': 'janeiro de 2026', 'SiglaCombustivel': 'G'}
2026-01-30 08:52:45 | INFO | fipe | Gravado
2026-01-30 08:52:45 | INFO | fipe | Extraindo 6 -> Audi -> {'code': '66', 'name': 'A3 1.8 Turbo 5p Aut.'} -> {'code': '2002-1', 'name': '2002 Gasolina'}
2026-01-30 08:52:46 | INFO | fipe | Gravando json para 6 -> Audi -> {'code': '66', 'name': 'A3 1.8 Turbo 5p Aut.'} -> {'code': '2002-1', 'name': '2002 Gasolina'} -> {'TipoVeiculo': 1, 'Valor': 'R$ 25.112,00', 'Marca': 'Audi', 'Modelo': 'A3 1.8 Turbo 5p Aut.', 'AnoModelo': 2002, 'Combustivel': 'Gasolina', 'CodigoFipe': '008045-4', 'MesReferencia': 'janeiro de 2026', 'SiglaCombustivel': 'G'}
2026-01-30 08:52:46 | INFO | fipe | Gravado
2026-01-30 08:52:46 | INFO | fipe | Extraindo 6 -> Audi -> {'code': '66', 'name': 'A3 1.8 Turbo 5p Aut.'} -> {'code': '2001-1', 'name': '2001 Gasolina'}
2026-01-30 08:52:47 | INFO | fipe | Gravando json para 6 -> Audi -> {'code': '66', 'name': 'A3 1.8 Turbo 5p Aut.'} -> {'code': '2001-1', 'name': '2001 Gasolina'} -> {'TipoVeiculo': 1, 'Valor': 'R$ 24.351,00', 'Marca': 'Audi', 'Modelo': 'A3 1.8 Turbo 5p Aut.', 'AnoModelo': 2001, 'Combustivel': 'Gasolina', 'CodigoFipe': '008045-4', 'MesReferencia': 'janeiro de 2026', 'SiglaCombustivel': 'G'}
2026-01-30 08:52:47 | INFO | fipe | Gravado
2026-01-30 08:52:48 | INFO | fipe | Extraindo 6 -> Audi -> {'code': '66', 'name': 'A3 1.8 Turbo 5p Aut.'} -> {'code': '2000-1', 'name': '2000 Gasolina'}
2026-01-30 08:52:48 | INFO | fipe | Gravando json para 6 -> Audi -> {'code': '66', 'name': 'A3 1.8 Turbo 5p Aut.'} -> {'code': '2000-1', 'name': '2000 Gasolina'} -> {'TipoVeiculo': 1, 'Valor': 'R$ 20.166,00', 'Marca': 'Audi', 'Modelo': 'A3 1.8 Turbo 5p Aut.', 'AnoModelo': 2000, 'Combustivel': 'Gasolina', 'CodigoFipe': '008045-4', 'MesReferencia': 'janeiro de 2026', 'SiglaCombustivel': 'G'}
2026-01-30 08:52:48 | INFO | fipe | Gravado
2026-01-30 08:52:49 | INFO | fipe | Extraindo 6 -> Audi -> {'code': '66', 'name': 'A3 1.8 Turbo 5p Aut.'} -> {'code': '1999-1', 'name': '1999 Gasolina'}
2026-01-30 08:52:49 | ERROR | fipe | Não gravou 6 -> Audi -> {'code': '66', 'name': 'A3 1.8 Turbo 5p Aut.'} -> {'code': '1999-1', 'name': '1999 Gasolina'} -> 
2026-01-30 08:52:49 | INFO | fipe | Extraindo 6 -> Audi -> {'code': '66', 'name': 'A3 1.8 Turbo 5p Aut.'} -> {'code': '1998-1', 'name': '1998 Gasolina'}
2026-01-30 08:52:50 | ERROR | fipe | Não gravou 6 -> Audi -> {'code': '66', 'name': 'A3 1.8 Turbo 5p Aut.'} -> {'code': '1998-1', 'name': '1998 Gasolina'} -> 
2026-01-30 08:52:50 | INFO | fipe | Extraindo 6 -> Audi -> {'code': '67', 'name': 'A3 1.8 Turbo 5p Mec.'}
2026-01-30 08:52:50 | INFO | fipe | Extraindo 6 -> Audi -> {'code': '67', 'name': 'A3 1.8 Turbo 5p Mec.'} -> {'code': '2006-1', 'name': '2006 Gasolina'}
2026-01-30 08:52:50 | INFO | fipe | Gravando json para 6 -> Audi -> {'code': '67', 'name': 'A3 1.8 Turbo 5p Mec.'} -> {'code': '2006-1', 'name': '2006 Gasolina'} -> {'TipoVeiculo': 1, 'Valor': 'R$ 34.156,00', 'Marca': 'Audi', 'Modelo': 'A3 1.8 Turbo 5p Mec.', 'AnoModelo': 2006, 'Combustivel': 'Gasolina', 'CodigoFipe': '008044-6', 'MesReferencia': 'janeiro de 2026', 'SiglaCombustivel': 'G'}
2026-01-30 08:52:50 | INFO | fipe | Gravado
2026-01-30 08:52:51 | INFO | fipe | Extraindo 6 -> Audi -> {'code': '67', 'name': 'A3 1.8 Turbo 5p Mec.'} -> {'code': '2005-1', 'name': '2005 Gasolina'}
2026-01-30 08:52:52 | INFO | fipe | Gravando json para 6 -> Audi -> {'code': '67', 'name': 'A3 1.8 Turbo 5p Mec.'} -> {'code': '2005-1', 'name': '2005 Gasolina'} -> {'TipoVeiculo': 1, 'Valor': 'R$ 32.284,00', 'Marca': 'Audi', 'Modelo': 'A3 1.8 Turbo 5p Mec.', 'AnoModelo': 2005, 'Combustivel': 'Gasolina', 'CodigoFipe': '008044-6', 'MesReferencia': 'janeiro de 2026', 'SiglaCombustivel': 'G'}
2026-01-30 08:52:52 | INFO | fipe | Gravado
2026-01-30 08:52:52 | INFO | fipe | Extraindo 6 -> Audi -> {'code': '67', 'name': 'A3 1.8 Turbo 5p Mec.'} -> {'code': '2004-1', 'name': '2004 Gasolina'}
2026-01-30 08:52:53 | INFO | fipe | Gravando json para 6 -> Audi -> {'code': '67', 'name': 'A3 1.8 Turbo 5p Mec.'} -> {'code': '2004-1', 'name': '2004 Gasolina'} -> {'TipoVeiculo': 1, 'Valor': 'R$ 27.452,00', 'Marca': 'Audi', 'Modelo': 'A3 1.8 Turbo 5p Mec.', 'AnoModelo': 2004, 'Combustivel': 'Gasolina', 'CodigoFipe': '008044-6', 'MesReferencia': 'janeiro de 2026', 'SiglaCombustivel': 'G'}
2026-01-30 08:52:53 | INFO | fipe | Gravado
2026-01-30 08:52:53 | INFO | fipe | Extraindo 6 -> Audi -> {'code': '67', 'name': 'A3 1.8 Turbo 5p Mec.'} -> {'code': '2003-1', 'name': '2003 Gasolina'}
2026-01-30 08:52:54 | INFO | fipe | Gravando json para 6 -> Audi -> {'code': '67', 'name': 'A3 1.8 Turbo 5p Mec.'} -> {'code': '2003-1', 'name': '2003 Gasolina'} -> {'TipoVeiculo': 1, 'Valor': 'R$ 26.518,00', 'Marca': 'Audi', 'Modelo': 'A3 1.8 Turbo 5p Mec.', 'AnoModelo': 2003, 'Combustivel': 'Gasolina', 'CodigoFipe': '008044-6', 'MesReferencia': 'janeiro de 2026', 'SiglaCombustivel': 'G'}
2026-01-30 08:52:54 | INFO | fipe | Gravado
2026-01-30 08:52:54 | INFO | fipe | Extraindo 6 -> Audi -> {'code': '67', 'name': 'A3 1.8 Turbo 5p Mec.'} -> {'code': '2002-1', 'name': '2002 Gasolina'}
2026-01-30 08:52:55 | INFO | fipe | Gravando json para 6 -> Audi -> {'code': '67', 'name': 'A3 1.8 Turbo 5p Mec.'} -> {'code': '2002-1', 'name': '2002 Gasolina'} -> {'TipoVeiculo': 1, 'Valor': 'R$ 24.848,00', 'Marca': 'Audi', 'Modelo': 'A3 1.8 Turbo 5p Mec.', 'AnoModelo': 2002, 'Combustivel': 'Gasolina', 'CodigoFipe': '008044-6', 'MesReferencia': 'janeiro de 2026', 'SiglaCombustivel': 'G'}
2026-01-30 08:52:55 | INFO | fipe | Gravado
2026-01-30 08:52:55 | INFO | fipe | Extraindo 6 -> Audi -> {'code': '67', 'name': 'A3 1.8 Turbo 5p Mec.'} -> {'code': '2001-1', 'name': '2001 Gasolina'}
2026-01-30 08:52:56 | INFO | fipe | Gravando json para 6 -> Audi -> {'code': '67', 'name': 'A3 1.8 Turbo 5p Mec.'} -> {'code': '2001-1', 'name': '2001 Gasolina'} -> {'TipoVeiculo': 1, 'Valor': 'R$ 24.241,00', 'Marca': 'Audi', 'Modelo': 'A3 1.8 Turbo 5p Mec.', 'AnoModelo': 2001, 'Combustivel': 'Gasolina', 'CodigoFipe': '008044-6', 'MesReferencia': 'janeiro de 2026', 'SiglaCombustivel': 'G'}
2026-01-30 08:52:56 | INFO | fipe | Gravado
2026-01-30 08:52:57 | INFO | fipe | Extraindo 6 -> Audi -> {'code': '67', 'name': 'A3 1.8 Turbo 5p Mec.'} -> {'code': '2000-1', 'name': '2000 Gasolina'}
2026-01-30 08:52:57 | INFO | fipe | Gravando json para 6 -> Audi -> {'code': '67', 'name': 'A3 1.8 Turbo 5p Mec.'} -> {'code': '2000-1', 'name': '2000 Gasolina'} -> {'TipoVeiculo': 1, 'Valor': 'R$ 19.958,00', 'Marca': 'Audi', 'Modelo': 'A3 1.8 Turbo 5p Mec.', 'AnoModelo': 2000, 'Combustivel': 'Gasolina', 'CodigoFipe': '008044-6', 'MesReferencia': 'janeiro de 2026', 'SiglaCombustivel': 'G'}
2026-01-30 08:52:57 | INFO | fipe | Gravado
2026-01-30 08:52:58 | INFO | fipe | Extraindo 6 -> Audi -> {'code': '67', 'name': 'A3 1.8 Turbo 5p Mec.'} -> {'code': '1999-1', 'name': '1999 Gasolina'}
2026-01-30 08:52:58 | ERROR | fipe | Não gravou 6 -> Audi -> {'code': '67', 'name': 'A3 1.8 Turbo 5p Mec.'} -> {'code': '1999-1', 'name': '1999 Gasolina'} -> 
2026-01-30 08:52:58 | INFO | fipe | Extraindo 6 -> Audi -> {'code': '6950', 'name': 'A3 Cabriolet 1.8 16V TFSI 180cv S-tronic'}
2026-01-30 08:52:58 | INFO | fipe | Extraindo 6 -> Audi -> {'code': '6950', 'name': 'A3 Cabriolet 1.8 16V TFSI 180cv S-tronic'} -> {'code': '2016-1', 'name': '2016 Gasolina'}
2026-01-30 08:52:59 | INFO | fipe | Gravando json para 6 -> Audi -> {'code': '6950', 'name': 'A3 Cabriolet 1.8 16V TFSI 180cv S-tronic'} -> {'code': '2016-1', 'name': '2016 Gasolina'} -> {'TipoVeiculo': 1, 'Valor': 'R$ 159.200,00', 'Marca': 'Audi', 'Modelo': 'A3 Cabriolet 1.8 16V TFSI 180cv S-tronic', 'AnoModelo': 2016, 'Combustivel': 'Gasolina', 'CodigoFipe': '008195-7', 'MesReferencia': 'janeiro de 2026', 'SiglaCombustivel': 'G'}
2026-01-30 08:52:59 | INFO | fipe | Gravado
2026-01-30 08:52:59 | INFO | fipe | Extraindo 6 -> Audi -> {'code': '6950', 'name': 'A3 Cabriolet 1.8 16V TFSI 180cv S-tronic'} -> {'code': '2015-1', 'name': '2015 Gasolina'}
2026-01-30 08:53:00 | INFO | fipe | Gravando json para 6 -> Audi -> {'code': '6950', 'name': 'A3 Cabriolet 1.8 16V TFSI 180cv S-tronic'} -> {'code': '2015-1', 'name': '2015 Gasolina'} -> {'TipoVeiculo': 1, 'Valor': 'R$ 138.795,00', 'Marca': 'Audi', 'Modelo': 'A3 Cabriolet 1.8 16V TFSI 180cv S-tronic', 'AnoModelo': 2015, 'Combustivel': 'Gasolina', 'CodigoFipe': '008195-7', 'MesReferencia': 'janeiro de 2026', 'SiglaCombustivel': 'G'}
2026-01-30 08:53:00 | INFO | fipe | Gravado
2026-01-30 08:53:01 | INFO | fipe | Extraindo 6 -> Audi -> {'code': '8227', 'name': 'A3 Cabriolet Ambition 2.0 TFSI S-tronic'}
2026-01-30 08:53:01 | INFO | fipe | Extraindo 6 -> Audi -> {'code': '8227', 'name': 'A3 Cabriolet Ambition 2.0 TFSI S-tronic'} -> {'code': '2018-1', 'name': '2018 Gasolina'}
2026-01-30 08:53:01 | INFO | fipe | Gravando json para 6 -> Audi -> {'code': '8227', 'name': 'A3 Cabriolet Ambition 2.0 TFSI S-tronic'} -> {'code': '2018-1', 'name': '2018 Gasolina'} -> {'TipoVeiculo': 1, 'Valor': 'R$ 194.619,00', 'Marca': 'Audi', 'Modelo': 'A3 Cabriolet Ambition 2.0 TFSI S-tronic', 'AnoModelo': 2018, 'Combustivel': 'Gasolina', 'CodigoFipe': '008223-6', 'MesReferencia': 'janeiro de 2026', 'SiglaCombustivel': 'G'}
2026-01-30 08:53:01 | INFO | fipe | Gravado
2026-01-30 08:53:02 | INFO | fipe | Extraindo 6 -> Audi -> {'code': '8227', 'name': 'A3 Cabriolet Ambition 2.0 TFSI S-tronic'} -> {'code': '2017-1', 'name': '2017 Gasolina'}
2026-01-30 08:53:03 | INFO | fipe | Gravando json para 6 -> Audi -> {'code': '8227', 'name': 'A3 Cabriolet Ambition 2.0 TFSI S-tronic'} -> {'code': '2017-1', 'name': '2017 Gasolina'} -> {'TipoVeiculo': 1, 'Valor': 'R$ 187.496,00', 'Marca': 'Audi', 'Modelo': 'A3 Cabriolet Ambition 2.0 TFSI S-tronic', 'AnoModelo': 2017, 'Combustivel': 'Gasolina', 'CodigoFipe': '008223-6', 'MesReferencia': 'janeiro de 2026', 'SiglaCombustivel': 'G'}
2026-01-30 08:53:03 | INFO | fipe | Gravado
2026-01-30 08:53:03 | INFO | fipe | Extraindo 6 -> Audi -> {'code': '8559', 'name': 'A3 Cabriolet Perfor. 2.0 TFSI S-tronic'}
2026-01-30 08:53:03 | INFO | fipe | Extraindo 6 -> Audi -> {'code': '8559', 'name': 'A3 Cabriolet Perfor. 2.0 TFSI S-tronic'} -> {'code': '2019-1', 'name': '2019 Gasolina'}
2026-01-30 08:53:04 | INFO | fipe | Gravando json para 6 -> Audi -> {'code': '8559', 'name': 'A3 Cabriolet Perfor. 2.0 TFSI S-tronic'} -> {'code': '2019-1', 'name': '2019 Gasolina'} -> {'TipoVeiculo': 1, 'Valor': 'R$ 135.332,00', 'Marca': 'Audi', 'Modelo': 'A3 Cabriolet Perfor. 2.0 TFSI S-tronic', 'AnoModelo': 2019, 'Combustivel': 'Gasolina', 'CodigoFipe': '008236-8', 'MesReferencia': 'janeiro de 2026', 'SiglaCombustivel': 'G'}
2026-01-30 08:53:04 | INFO | fipe | Gravado
2026-01-30 08:53:04 | INFO | fipe | Extraindo 6 -> Audi -> {'code': '7419', 'name': 'A3 Sed. Ambition 2.0 TSFI 220cv S-tronic'}
2026-01-30 08:53:04 | INFO | fipe | Extraindo 6 -> Audi -> {'code': '7419', 'name': 'A3 Sed. Ambition 2.0 TSFI 220cv S-tronic'} -> {'code': '2018-1', 'name': '2018 Gasolina'}
2026-01-30 08:53:05 | INFO | fipe | Gravando json para 6 -> Audi -> {'code': '7419', 'name': 'A3 Sed. Ambition 2.0 TSFI 220cv S-tronic'} -> {'code': '2018-1', 'name': '2018 Gasolina'} -> {'TipoVeiculo': 1, 'Valor': 'R$ 136.351,00', 'Marca': 'Audi', 'Modelo': 'A3 Sed. Ambition 2.0 TSFI 220cv S-tronic', 'AnoModelo': 2018, 'Combustivel': 'Gasolina', 'CodigoFipe': '008205-8', 'MesReferencia': 'janeiro de 2026', 'SiglaCombustivel': 'G'}
2026-01-30 08:53:05 | INFO | fipe | Gravado
2026-01-30 08:53:06 | INFO | fipe | Extraindo 6 -> Audi -> {'code': '7419', 'name': 'A3 Sed. Ambition 2.0 TSFI 220cv S-tronic'} -> {'code': '2017-1', 'name': '2017 Gasolina'}
2026-01-30 08:53:06 | INFO | fipe | Gravando json para 6 -> Audi -> {'code': '7419', 'name': 'A3 Sed. Ambition 2.0 TSFI 220cv S-tronic'} -> {'code': '2017-1', 'name': '2017 Gasolina'} -> {'TipoVeiculo': 1, 'Valor': 'R$ 124.541,00', 'Marca': 'Audi', 'Modelo': 'A3 Sed. Ambition 2.0 TSFI 220cv S-tronic', 'AnoModelo': 2017, 'Combustivel': 'Gasolina', 'CodigoFipe': '008205-8', 'MesReferencia': 'janeiro de 2026', 'SiglaCombustivel': 'G'}
2026-01-30 08:53:06 | INFO | fipe | Gravado
2026-01-30 08:53:07 | INFO | fipe | Extraindo 6 -> Audi -> {'code': '7419', 'name': 'A3 Sed. Ambition 2.0 TSFI 220cv S-tronic'} -> {'code': '2016-1', 'name': '2016 Gasolina'}
2026-01-30 08:53:07 | INFO | fipe | Gravando json para 6 -> Audi -> {'code': '7419', 'name': 'A3 Sed. Ambition 2.0 TSFI 220cv S-tronic'} -> {'code': '2016-1', 'name': '2016 Gasolina'} -> {'TipoVeiculo': 1, 'Valor': 'R$ 112.621,00', 'Marca': 'Audi', 'Modelo': 'A3 Sed. Ambition 2.0 TSFI 220cv S-tronic', 'AnoModelo': 2016, 'Combustivel': 'Gasolina', 'CodigoFipe': '008205-8', 'MesReferencia': 'janeiro de 2026', 'SiglaCombustivel': 'G'}
2026-01-30 08:53:07 | INFO | fipe | Gravado
2026-01-30 08:53:08 | INFO | fipe | Extraindo 6 -> Audi -> {'code': '8945', 'name': 'A3 Sed. P. Plus Tech 1.4 Flex TFSI Tip.'}
2026-01-30 08:53:08 | INFO | fipe | Extraindo 6 -> Audi -> {'code': '8945', 'name': 'A3 Sed. P. Plus Tech 1.4 Flex TFSI Tip.'} -> {'code': '2021-5', 'name': '2021 Flex'}
2026-01-30 08:53:08 | INFO | fipe | Gravando json para 6 -> Audi -> {'code': '8945', 'name': 'A3 Sed. P. Plus Tech 1.4 Flex TFSI Tip.'} -> {'code': '2021-5', 'name': '2021 Flex'} -> {'TipoVeiculo': 1, 'Valor': 'R$ 135.632,00', 'Marca': 'Audi', 'Modelo': 'A3 Sed. P. Plus Tech 1.4 Flex TFSI Tip.', 'AnoModelo': 2021, 'Combustivel': 'Flex', 'CodigoFipe': '008255-4', 'MesReferencia': 'janeiro de 2026', 'SiglaCombustivel': 'F'}
2026-01-30 08:53:08 | INFO | fipe | Gravado
2026-01-30 08:53:09 | INFO | fipe | Extraindo 6 -> Audi -> {'code': '8945', 'name': 'A3 Sed. P. Plus Tech 1.4 Flex TFSI Tip.'} -> {'code': '2020-5', 'name': '2020 Flex'}
2026-01-30 08:53:10 | INFO | fipe | Gravando json para 6 -> Audi -> {'code': '8945', 'name': 'A3 Sed. P. Plus Tech 1.4 Flex TFSI Tip.'} -> {'code': '2020-5', 'name': '2020 Flex'} -> {'TipoVeiculo': 1, 'Valor': 'R$ 126.294,00', 'Marca': 'Audi', 'Modelo': 'A3 Sed. P. Plus Tech 1.4 Flex TFSI Tip.', 'AnoModelo': 2020, 'Combustivel': 'Flex', 'CodigoFipe': '008255-4', 'MesReferencia': 'janeiro de 2026', 'SiglaCombustivel': 'F'}
2026-01-30 08:53:10 | INFO | fipe | Gravado
2026-01-30 08:53:10 | INFO | fipe | Extraindo 6 -> Audi -> {'code': '8768', 'name': 'A3 Sed. P.Plus 1.4 25Anos Flex TFSI Tip.'}
2026-01-30 08:53:10 | INFO | fipe | Extraindo 6 -> Audi -> {'code': '8768', 'name': 'A3 Sed. P.Plus 1.4 25Anos Flex TFSI Tip.'} -> {'code': '2019-5', 'name': '2019 Flex'}
2026-01-30 08:53:11 | INFO | fipe | Gravando json para 6 -> Audi -> {'code': '8768', 'name': 'A3 Sed. P.Plus 1.4 25Anos Flex TFSI Tip.'} -> {'code': '2019-5', 'name': '2019 Flex'} -> {'TipoVeiculo': 1, 'Valor': 'R$ 115.607,00', 'Marca': 'Audi', 'Modelo': 'A3 Sed. P.Plus 1.4 25Anos Flex TFSI Tip.', 'AnoModelo': 2019, 'Combustivel': 'Flex', 'CodigoFipe': '008252-0', 'MesReferencia': 'janeiro de 2026', 'SiglaCombustivel': 'F'}
2026-01-30 08:53:11 | INFO | fipe | Gravado
2026-01-30 08:53:11 | INFO | fipe | Extraindo 6 -> Audi -> {'code': '6689', 'name': 'A3 Sed.1.8/1.8 Ambit.16V TB FSI S-tronic'}
2026-01-30 08:53:11 | INFO | fipe | Extraindo 6 -> Audi -> {'code': '6689', 'name': 'A3 Sed.1.8/1.8 Ambit.16V TB FSI S-tronic'} -> {'code': '2016-1', 'name': '2016 Gasolina'}
2026-01-30 08:53:12 | INFO | fipe | Gravando json para 6 -> Audi -> {'code': '6689', 'name': 'A3 Sed.1.8/1.8 Ambit.16V TB FSI S-tronic'} -> {'code': '2016-1', 'name': '2016 Gasolina'} -> {'TipoVeiculo': 1, 'Valor': 'R$ 88.613,00', 'Marca': 'Audi', 'Modelo': 'A3 Sed.1.8/1.8 Ambit.16V TB FSI S-tronic', 'AnoModelo': 2016, 'Combustivel': 'Gasolina', 'CodigoFipe': '008190-6', 'MesReferencia': 'janeiro de 2026', 'SiglaCombustivel': 'G'}
2026-01-30 08:53:12 | INFO | fipe | Gravado
2026-01-30 08:53:13 | INFO | fipe | Extraindo 6 -> Audi -> {'code': '6689', 'name': 'A3 Sed.1.8/1.8 Ambit.16V TB FSI S-tronic'} -> {'code': '2015-1', 'name': '2015 Gasolina'}
2026-01-30 08:53:13 | INFO | fipe | Gravando json para 6 -> Audi -> {'code': '6689', 'name': 'A3 Sed.1.8/1.8 Ambit.16V TB FSI S-tronic'} -> {'code': '2015-1', 'name': '2015 Gasolina'} -> {'TipoVeiculo': 1, 'Valor': 'R$ 84.431,00', 'Marca': 'Audi', 'Modelo': 'A3 Sed.1.8/1.8 Ambit.16V TB FSI S-tronic', 'AnoModelo': 2015, 'Combustivel': 'Gasolina', 'CodigoFipe': '008190-6', 'MesReferencia': 'janeiro de 2026', 'SiglaCombustivel': 'G'}
2026-01-30 08:53:13 | INFO | fipe | Gravado
2026-01-30 08:53:14 | INFO | fipe | Extraindo 6 -> Audi -> {'code': '6689', 'name': 'A3 Sed.1.8/1.8 Ambit.16V TB FSI S-tronic'} -> {'code': '2014-1', 'name': '2014 Gasolina'}
2026-01-30 08:53:14 | INFO | fipe | Gravando json para 6 -> Audi -> {'code': '6689', 'name': 'A3 Sed.1.8/1.8 Ambit.16V TB FSI S-tronic'} -> {'code': '2014-1', 'name': '2014 Gasolina'} -> {'TipoVeiculo': 1, 'Valor': 'R$ 82.275,00', 'Marca': 'Audi', 'Modelo': 'A3 Sed.1.8/1.8 Ambit.16V TB FSI S-tronic', 'AnoModelo': 2014, 'Combustivel': 'Gasolina', 'CodigoFipe': '008190-6', 'MesReferencia': 'janeiro de 2026', 'SiglaCombustivel': 'G'}
2026-01-30 08:53:14 | INFO | fipe | Gravado
2026-01-30 08:53:15 | INFO | fipe | Extraindo 6 -> Audi -> {'code': '10195', 'name': 'A3 Sed.Perf. Black 2.0 TFSI S-tr. (Hib.)'}
2026-01-30 08:53:15 | INFO | fipe | Extraindo 6 -> Audi -> {'code': '10195', 'name': 'A3 Sed.Perf. Black 2.0 TFSI S-tr. (Hib.)'} -> {'code': '32000-6', 'name': '32000 Híbrido'}
2026-01-30 08:53:16 | INFO | fipe | Gravando json para 6 -> Audi -> {'code': '10195', 'name': 'A3 Sed.Perf. Black 2.0 TFSI S-tr. (Hib.)'} -> {'code': '32000-6', 'name': '32000 Híbrido'} -> {'TipoVeiculo': 1, 'Valor': 'R$ 348.947,00', 'Marca': 'Audi', 'Modelo': 'A3 Sed.Perf. Black 2.0 TFSI S-tr. (Hib.)', 'AnoModelo': 32000, 'Combustivel': 'Híbrido', 'CodigoFipe': '008256-2', 'MesReferencia': 'janeiro de 2026', 'SiglaCombustivel': 'H'}
2026-01-30 08:53:16 | INFO | fipe | Gravado
2026-01-30 08:53:16 | INFO | fipe | Extraindo 6 -> Audi -> {'code': '10195', 'name': 'A3 Sed.Perf. Black 2.0 TFSI S-tr. (Hib.)'} -> {'code': '2025-6', 'name': '2025 Híbrido'}
2026-01-30 08:53:17 | INFO | fipe | Gravando json para 6 -> Audi -> {'code': '10195', 'name': 'A3 Sed.Perf. Black 2.0 TFSI S-tr. (Hib.)'} -> {'code': '2025-6', 'name': '2025 Híbrido'} -> {'TipoVeiculo': 1, 'Valor': 'R$ 305.108,00', 'Marca': 'Audi', 'Modelo': 'A3 Sed.Perf. Black 2.0 TFSI S-tr. (Hib.)', 'AnoModelo': 2025, 'Combustivel': 'Híbrido', 'CodigoFipe': '008256-2', 'MesReferencia': 'janeiro de 2026', 'SiglaCombustivel': 'H'}
2026-01-30 08:53:17 | INFO | fipe | Gravado
2026-01-30 08:53:17 | INFO | fipe | Extraindo 6 -> Audi -> {'code': '10195', 'name': 'A3 Sed.Perf. Black 2.0 TFSI S-tr. (Hib.)'} -> {'code': '2024-6', 'name': '2024 Híbrido'}
2026-01-30 08:53:18 | INFO | fipe | Gravando json para 6 -> Audi -> {'code': '10195', 'name': 'A3 Sed.Perf. Black 2.0 TFSI S-tr. (Hib.)'} -> {'code': '2024-6', 'name': '2024 Híbrido'} -> {'TipoVeiculo': 1, 'Valor': 'R$ 238.650,00', 'Marca': 'Audi', 'Modelo': 'A3 Sed.Perf. Black 2.0 TFSI S-tr. (Hib.)', 'AnoModelo': 2024, 'Combustivel': 'Híbrido', 'CodigoFipe': '008256-2', 'MesReferencia': 'janeiro de 2026', 'SiglaCombustivel': 'H'}
2026-01-30 08:53:18 | INFO | fipe | Gravado
2026-01-30 08:53:18 | INFO | fipe | Extraindo 6 -> Audi -> {'code': '10195', 'name': 'A3 Sed.Perf. Black 2.0 TFSI S-tr. (Hib.)'} -> {'code': '2023-6', 'name': '2023 Híbrido'}
2026-01-30 08:53:19 | INFO | fipe | Gravando json para 6 -> Audi -> {'code': '10195', 'name': 'A3 Sed.Perf. Black 2.0 TFSI S-tr. (Hib.)'} -> {'code': '2023-6', 'name': '2023 Híbrido'} -> {'TipoVeiculo': 1, 'Valor': 'R$ 215.222,00', 'Marca': 'Audi', 'Modelo': 'A3 Sed.Perf. Black 2.0 TFSI S-tr. (Hib.)', 'AnoModelo': 2023, 'Combustivel': 'Híbrido', 'CodigoFipe': '008256-2', 'MesReferencia': 'janeiro de 2026', 'SiglaCombustivel': 'H'}
2026-01-30 08:53:19 | INFO | fipe | Gravado
2026-01-30 08:53:20 | INFO | fipe | Extraindo 6 -> Audi -> {'code': '10195', 'name': 'A3 Sed.Perf. Black 2.0 TFSI S-tr. (Hib.)'} -> {'code': '2022-6', 'name': '2022 Híbrido'}
2026-01-30 08:53:20 | INFO | fipe | Gravando json para 6 -> Audi -> {'code': '10195', 'name': 'A3 Sed.Perf. Black 2.0 TFSI S-tr. (Hib.)'} -> {'code': '2022-6', 'name': '2022 Híbrido'} -> {'TipoVeiculo': 1, 'Valor': 'R$ 205.932,00', 'Marca': 'Audi', 'Modelo': 'A3 Sed.Perf. Black 2.0 TFSI S-tr. (Hib.)', 'AnoModelo': 2022, 'Combustivel': 'Híbrido', 'CodigoFipe': '008256-2', 'MesReferencia': 'janeiro de 2026', 'SiglaCombustivel': 'H'}
2026-01-30 08:53:20 | INFO | fipe | Gravado
2026-01-30 08:53:21 | INFO | fipe | Extraindo 6 -> Audi -> {'code': '10195', 'name': 'A3 Sed.Perf. Black 2.0 TFSI S-tr. (Hib.)'} -> {'code': '2021-6', 'name': '2021 Híbrido'}
2026-01-30 08:53:21 | INFO | fipe | Gravando json para 6 -> Audi -> {'code': '10195', 'name': 'A3 Sed.Perf. Black 2.0 TFSI S-tr. (Hib.)'} -> {'code': '2021-6', 'name': '2021 Híbrido'} -> {'TipoVeiculo': 1, 'Valor': 'R$ 189.985,00', 'Marca': 'Audi', 'Modelo': 'A3 Sed.Perf. Black 2.0 TFSI S-tr. (Hib.)', 'AnoModelo': 2021, 'Combustivel': 'Híbrido', 'CodigoFipe': '008256-2', 'MesReferencia': 'janeiro de 2026', 'SiglaCombustivel': 'H'}
2026-01-30 08:53:21 | INFO | fipe | Gravado
2026-01-30 08:53:22 | INFO | fipe | Extraindo 6 -> Audi -> {'code': '10195', 'name': 'A3 Sed.Perf. Black 2.0 TFSI S-tr. (Hib.)'} -> {'code': '2020-6', 'name': '2020 Híbrido'}
2026-01-30 08:53:22 | INFO | fipe | Gravando json para 6 -> Audi -> {'code': '10195', 'name': 'A3 Sed.Perf. Black 2.0 TFSI S-tr. (Hib.)'} -> {'code': '2020-6', 'name': '2020 Híbrido'} -> {'TipoVeiculo': 1, 'Valor': 'R$ 167.847,00', 'Marca': 'Audi', 'Modelo': 'A3 Sed.Perf. Black 2.0 TFSI S-tr. (Hib.)', 'AnoModelo': 2020, 'Combustivel': 'Híbrido', 'CodigoFipe': '008256-2', 'MesReferencia': 'janeiro de 2026', 'SiglaCombustivel': 'H'}
2026-01-30 08:53:22 | INFO | fipe | Gravado
2026-01-30 08:53:23 | INFO | fipe | Extraindo 6 -> Audi -> {'code': '11366', 'name': 'A3 Sed.Perf. Black 2.0 TFSI S-tronic'}
2026-01-30 08:53:23 | INFO | fipe | Extraindo 6 -> Audi -> {'code': '11366', 'name': 'A3 Sed.Perf. Black 2.0 TFSI S-tronic'} -> {'code': '32000-1', 'name': '32000 Gasolina'}
2026-01-30 08:53:24 | INFO | fipe | Gravando json para 6 -> Audi -> {'code': '11366', 'name': 'A3 Sed.Perf. Black 2.0 TFSI S-tronic'} -> {'code': '32000-1', 'name': '32000 Gasolina'} -> {'TipoVeiculo': 1, 'Valor': 'R$ 373.057,00', 'Marca': 'Audi', 'Modelo': 'A3 Sed.Perf. Black 2.0 TFSI S-tronic', 'AnoModelo': 32000, 'Combustivel': 'Gasolina', 'CodigoFipe': '008312-7', 'MesReferencia': 'janeiro de 2026', 'SiglaCombustivel': 'G'}
2026-01-30 08:53:24 | INFO | fipe | Gravado
2026-01-30 08:53:24 | INFO | fipe | Extraindo 6 -> Audi -> {'code': '11366', 'name': 'A3 Sed.Perf. Black 2.0 TFSI S-tronic'} -> {'code': '2026-1', 'name': '2026 Gasolina'}
2026-01-30 08:53:25 | INFO | fipe | Gravando json para 6 -> Audi -> {'code': '11366', 'name': 'A3 Sed.Perf. Black 2.0 TFSI S-tronic'} -> {'code': '2026-1', 'name': '2026 Gasolina'} -> {'TipoVeiculo': 1, 'Valor': 'R$ 325.166,00', 'Marca': 'Audi', 'Modelo': 'A3 Sed.Perf. Black 2.0 TFSI S-tronic', 'AnoModelo': 2026, 'Combustivel': 'Gasolina', 'CodigoFipe': '008312-7', 'MesReferencia': 'janeiro de 2026', 'SiglaCombustivel': 'G'}
2026-01-30 08:53:25 | INFO | fipe | Gravado
2026-01-30 08:53:25 | INFO | fipe | Extraindo 6 -> Audi -> {'code': '11366', 'name': 'A3 Sed.Perf. Black 2.0 TFSI S-tronic'} -> {'code': '2025-1', 'name': '2025 Gasolina'}
2026-01-30 08:53:26 | INFO | fipe | Gravando json para 6 -> Audi -> {'code': '11366', 'name': 'A3 Sed.Perf. Black 2.0 TFSI S-tronic'} -> {'code': '2025-1', 'name': '2025 Gasolina'} -> {'TipoVeiculo': 1, 'Valor': 'R$ 296.314,00', 'Marca': 'Audi', 'Modelo': 'A3 Sed.Perf. Black 2.0 TFSI S-tronic', 'AnoModelo': 2025, 'Combustivel': 'Gasolina', 'CodigoFipe': '008312-7', 'MesReferencia': 'janeiro de 2026', 'SiglaCombustivel': 'G'}
2026-01-30 08:53:26 | INFO | fipe | Gravado
2026-01-30 08:53:26 | INFO | fipe | Extraindo 6 -> Audi -> {'code': '7391', 'name': 'A3 Sedan 1.4 TFSI Flex Tiptronic 4p'}
2026-01-30 08:53:27 | INFO | fipe | Extraindo 6 -> Audi -> {'code': '7391', 'name': 'A3 Sedan 1.4 TFSI Flex Tiptronic 4p'} -> {'code': '2018-5', 'name': '2018 Flex'}
2026-01-30 08:53:27 | INFO | fipe | Gravando json para 6 -> Audi -> {'code': '7391', 'name': 'A3 Sedan 1.4 TFSI Flex Tiptronic 4p'} -> {'code': '2018-5', 'name': '2018 Flex'} -> {'TipoVeiculo': 1, 'Valor': 'R$ 96.134,00', 'Marca': 'Audi', 'Modelo': 'A3 Sedan 1.4 TFSI Flex Tiptronic 4p', 'AnoModelo': 2018, 'Combustivel': 'Flex', 'CodigoFipe': '008203-1', 'MesReferencia': 'janeiro de 2026', 'SiglaCombustivel': 'F'}
2026-01-30 08:53:27 | INFO | fipe | Gravado
2026-01-30 08:53:28 | INFO | fipe | Extraindo 6 -> Audi -> {'code': '7391', 'name': 'A3 Sedan 1.4 TFSI Flex Tiptronic 4p'} -> {'code': '2017-5', 'name': '2017 Flex'}
2026-01-30 08:53:28 | INFO | fipe | Gravando json para 6 -> Audi -> {'code': '7391', 'name': 'A3 Sedan 1.4 TFSI Flex Tiptronic 4p'} -> {'code': '2017-5', 'name': '2017 Flex'} -> {'TipoVeiculo': 1, 'Valor': 'R$ 89.063,00', 'Marca': 'Audi', 'Modelo': 'A3 Sedan 1.4 TFSI Flex Tiptronic 4p', 'AnoModelo': 2017, 'Combustivel': 'Flex', 'CodigoFipe': '008203-1', 'MesReferencia': 'janeiro de 2026', 'SiglaCombustivel': 'F'}
2026-01-30 08:53:28 | INFO | fipe | Gravado
2026-01-30 08:53:29 | INFO | fipe | Extraindo 6 -> Audi -> {'code': '7391', 'name': 'A3 Sedan 1.4 TFSI Flex Tiptronic 4p'} -> {'code': '2016-5', 'name': '2016 Flex'}
2026-01-30 08:53:29 | INFO | fipe | Gravando json para 6 -> Audi -> {'code': '7391', 'name': 'A3 Sedan 1.4 TFSI Flex Tiptronic 4p'} -> {'code': '2016-5', 'name': '2016 Flex'} -> {'TipoVeiculo': 1, 'Valor': 'R$ 75.500,00', 'Marca': 'Audi', 'Modelo': 'A3 Sedan 1.4 TFSI Flex Tiptronic 4p', 'AnoModelo': 2016, 'Combustivel': 'Flex', 'CodigoFipe': '008203-1', 'MesReferencia': 'janeiro de 2026', 'SiglaCombustivel': 'F'}
2026-01-30 08:53:29 | INFO | fipe | Gravado
2026-01-30 08:53:30 | INFO | fipe | Extraindo 6 -> Audi -> {'code': '6768', 'name': 'A3 Sedan 1.4/ Attra. 16V TB FSI S-tronic'}
2026-01-30 08:53:30 | INFO | fipe | Extraindo 6 -> Audi -> {'code': '6768', 'name': 'A3 Sedan 1.4/ Attra. 16V TB FSI S-tronic'} -> {'code': '2016-1', 'name': '2016 Gasolina'}
2026-01-30 08:53:31 | INFO | fipe | Gravando json para 6 -> Audi -> {'code': '6768', 'name': 'A3 Sedan 1.4/ Attra. 16V TB FSI S-tronic'} -> {'code': '2016-1', 'name': '2016 Gasolina'} -> {'TipoVeiculo': 1, 'Valor': 'R$ 75.866,00', 'Marca': 'Audi', 'Modelo': 'A3 Sedan 1.4/ Attra. 16V TB FSI S-tronic', 'AnoModelo': 2016, 'Combustivel': 'Gasolina', 'CodigoFipe': '008192-2', 'MesReferencia': 'janeiro de 2026', 'SiglaCombustivel': 'G'}
2026-01-30 08:53:31 | INFO | fipe | Gravado
2026-01-30 08:53:31 | INFO | fipe | Extraindo 6 -> Audi -> {'code': '6768', 'name': 'A3 Sedan 1.4/ Attra. 16V TB FSI S-tronic'} -> {'code': '2015-1', 'name': '2015 Gasolina'}
2026-01-30 08:53:32 | INFO | fipe | Gravando json para 6 -> Audi -> {'code': '6768', 'name': 'A3 Sedan 1.4/ Attra. 16V TB FSI S-tronic'} -> {'code': '2015-1', 'name': '2015 Gasolina'} -> {'TipoVeiculo': 1, 'Valor': 'R$ 72.467,00', 'Marca': 'Audi', 'Modelo': 'A3 Sedan 1.4/ Attra. 16V TB FSI S-tronic', 'AnoModelo': 2015, 'Combustivel': 'Gasolina', 'CodigoFipe': '008192-2', 'MesReferencia': 'janeiro de 2026', 'SiglaCombustivel': 'G'}
2026-01-30 08:53:32 | INFO | fipe | Gravado
2026-01-30 08:53:32 | INFO | fipe | Extraindo 6 -> Audi -> {'code': '6768', 'name': 'A3 Sedan 1.4/ Attra. 16V TB FSI S-tronic'} -> {'code': '2014-1', 'name': '2014 Gasolina'}
2026-01-30 08:53:33 | INFO | fipe | Gravando json para 6 -> Audi -> {'code': '6768', 'name': 'A3 Sedan 1.4/ Attra. 16V TB FSI S-tronic'} -> {'code': '2014-1', 'name': '2014 Gasolina'} -> {'TipoVeiculo': 1, 'Valor': 'R$ 70.497,00', 'Marca': 'Audi', 'Modelo': 'A3 Sedan 1.4/ Attra. 16V TB FSI S-tronic', 'AnoModelo': 2014, 'Combustivel': 'Gasolina', 'CodigoFipe': '008192-2', 'MesReferencia': 'janeiro de 2026', 'SiglaCombustivel': 'G'}
2026-01-30 08:53:33 | INFO | fipe | Gravado
2026-01-30 08:53:33 | INFO | fipe | Extraindo 6 -> Audi -> {'code': '11367', 'name': 'A3 Sedan Advance 2.0 TFSI S-tronic'}
2026-01-30 08:53:34 | INFO | fipe | Extraindo 6 -> Audi -> {'code': '11367', 'name': 'A3 Sedan Advance 2.0 TFSI S-tronic'} -> {'code': '32000-1', 'name': '32000 Gasolina'}
2026-01-30 08:53:34 | INFO | fipe | Gravando json para 6 -> Audi -> {'code': '11367', 'name': 'A3 Sedan Advance 2.0 TFSI S-tronic'} -> {'code': '32000-1', 'name': '32000 Gasolina'} -> {'TipoVeiculo': 1, 'Valor': 'R$ 314.543,00', 'Marca': 'Audi', 'Modelo': 'A3 Sedan Advance 2.0 TFSI S-tronic', 'AnoModelo': 32000, 'Combustivel': 'Gasolina', 'CodigoFipe': '008311-9', 'MesReferencia': 'janeiro de 2026', 'SiglaCombustivel': 'G'}
2026-01-30 08:53:34 | INFO | fipe | Gravado
2026-01-30 08:53:35 | INFO | fipe | Extraindo 6 -> Audi -> {'code': '11367', 'name': 'A3 Sedan Advance 2.0 TFSI S-tronic'} -> {'code': '2026-1', 'name': '2026 Gasolina'}
2026-01-30 08:53:35 | INFO | fipe | Gravando json para 6 -> Audi -> {'code': '11367', 'name': 'A3 Sedan Advance 2.0 TFSI S-tronic'} -> {'code': '2026-1', 'name': '2026 Gasolina'} -> {'TipoVeiculo': 1, 'Valor': 'R$ 268.030,00', 'Marca': 'Audi', 'Modelo': 'A3 Sedan Advance 2.0 TFSI S-tronic', 'AnoModelo': 2026, 'Combustivel': 'Gasolina', 'CodigoFipe': '008311-9', 'MesReferencia': 'janeiro de 2026', 'SiglaCombustivel': 'G'}
2026-01-30 08:53:35 | INFO | fipe | Gravado
2026-01-30 08:53:36 | INFO | fipe | Extraindo 6 -> Audi -> {'code': '11367', 'name': 'A3 Sedan Advance 2.0 TFSI S-tronic'} -> {'code': '2025-1', 'name': '2025 Gasolina'}
2026-01-30 08:53:36 | INFO | fipe | Gravando json para 6 -> Audi -> {'code': '11367', 'name': 'A3 Sedan Advance 2.0 TFSI S-tronic'} -> {'code': '2025-1', 'name': '2025 Gasolina'} -> {'TipoVeiculo': 1, 'Valor': 'R$ 255.232,00', 'Marca': 'Audi', 'Modelo': 'A3 Sedan Advance 2.0 TFSI S-tronic', 'AnoModelo': 2025, 'Combustivel': 'Gasolina', 'CodigoFipe': '008311-9', 'MesReferencia': 'janeiro de 2026', 'SiglaCombustivel': 'G'}
2026-01-30 08:53:36 | INFO | fipe | Gravado
2026-01-30 08:53:37 | INFO | fipe | Extraindo 6 -> Audi -> {'code': '8560', 'name': 'A3 Sedan Performance 2.0 TFSI S-tronic'}
2026-01-30 08:53:37 | INFO | fipe | Extraindo 6 -> Audi -> {'code': '8560', 'name': 'A3 Sedan Performance 2.0 TFSI S-tronic'} -> {'code': '32000-1', 'name': '32000 Gasolina'}
2026-01-30 08:53:38 | INFO | fipe | Gravando json para 6 -> Audi -> {'code': '8560', 'name': 'A3 Sedan Performance 2.0 TFSI S-tronic'} -> {'code': '32000-1', 'name': '32000 Gasolina'} -> {'TipoVeiculo': 1, 'Valor': 'R$ 342.093,00', 'Marca': 'Audi', 'Modelo': 'A3 Sedan Performance 2.0 TFSI S-tronic', 'AnoModelo': 32000, 'Combustivel': 'Gasolina', 'CodigoFipe': '008237-6', 'MesReferencia': 'janeiro de 2026', 'SiglaCombustivel': 'G'}
2026-01-30 08:53:38 | INFO | fipe | Gravado
2026-01-30 08:53:38 | INFO | fipe | Extraindo 6 -> Audi -> {'code': '8560', 'name': 'A3 Sedan Performance 2.0 TFSI S-tronic'} -> {'code': '2026-1', 'name': '2026 Gasolina'}
2026-01-30 08:53:39 | INFO | fipe | Gravando json para 6 -> Audi -> {'code': '8560', 'name': 'A3 Sedan Performance 2.0 TFSI S-tronic'} -> {'code': '2026-1', 'name': '2026 Gasolina'} -> {'TipoVeiculo': 1, 'Valor': 'R$ 301.545,00', 'Marca': 'Audi', 'Modelo': 'A3 Sedan Performance 2.0 TFSI S-tronic', 'AnoModelo': 2026, 'Combustivel': 'Gasolina', 'CodigoFipe': '008237-6', 'MesReferencia': 'janeiro de 2026', 'SiglaCombustivel': 'G'}
2026-01-30 08:53:39 | INFO | fipe | Gravado
2026-01-30 08:53:39 | INFO | fipe | Extraindo 6 -> Audi -> {'code': '8560', 'name': 'A3 Sedan Performance 2.0 TFSI S-tronic'} -> {'code': '2025-1', 'name': '2025 Gasolina'}
2026-01-30 08:53:40 | INFO | fipe | Gravando json para 6 -> Audi -> {'code': '8560', 'name': 'A3 Sedan Performance 2.0 TFSI S-tronic'} -> {'code': '2025-1', 'name': '2025 Gasolina'} -> {'TipoVeiculo': 1, 'Valor': 'R$ 285.430,00', 'Marca': 'Audi', 'Modelo': 'A3 Sedan Performance 2.0 TFSI S-tronic', 'AnoModelo': 2025, 'Combustivel': 'Gasolina', 'CodigoFipe': '008237-6', 'MesReferencia': 'janeiro de 2026', 'SiglaCombustivel': 'G'}
2026-01-30 08:53:40 | INFO | fipe | Gravado
2026-01-30 08:53:40 | INFO | fipe | Extraindo 6 -> Audi -> {'code': '8560', 'name': 'A3 Sedan Performance 2.0 TFSI S-tronic'} -> {'code': '2020-1', 'name': '2020 Gasolina'}
2026-01-30 08:53:43 | INFO | fipe | Gravando json para 6 -> Audi -> {'code': '8560', 'name': 'A3 Sedan Performance 2.0 TFSI S-tronic'} -> {'code': '2020-1', 'name': '2020 Gasolina'} -> {'TipoVeiculo': 1, 'Valor': 'R$ 163.206,00', 'Marca': 'Audi', 'Modelo': 'A3 Sedan Performance 2.0 TFSI S-tronic', 'AnoModelo': 2020, 'Combustivel': 'Gasolina', 'CodigoFipe': '008237-6', 'MesReferencia': 'janeiro de 2026', 'SiglaCombustivel': 'G'}
2026-01-30 08:53:43 | INFO | fipe | Gravado
2026-01-30 08:53:44 | INFO | fipe | Extraindo 6 -> Audi -> {'code': '8560', 'name': 'A3 Sedan Performance 2.0 TFSI S-tronic'} -> {'code': '2019-1', 'name': '2019 Gasolina'}
2026-01-30 08:53:44 | INFO | fipe | Gravando json para 6 -> Audi -> {'code': '8560', 'name': 'A3 Sedan Performance 2.0 TFSI S-tronic'} -> {'code': '2019-1', 'name': '2019 Gasolina'} -> {'TipoVeiculo': 1, 'Valor': 'R$ 148.916,00', 'Marca': 'Audi', 'Modelo': 'A3 Sedan Performance 2.0 TFSI S-tronic', 'AnoModelo': 2019, 'Combustivel': 'Gasolina', 'CodigoFipe': '008237-6', 'MesReferencia': 'janeiro de 2026', 'SiglaCombustivel': 'G'}
2026-01-30 08:53:44 | INFO | fipe | Gravado
2026-01-30 08:53:45 | INFO | fipe | Extraindo 6 -> Audi -> {'code': '8561', 'name': 'A3 Sedan Prestige 1.4 TFSI Flex Tip.'}
2026-01-30 08:53:45 | INFO | fipe | Extraindo 6 -> Audi -> {'code': '8561', 'name': 'A3 Sedan Prestige 1.4 TFSI Flex Tip.'} -> error
2026-01-30 08:53:45 | ERROR | fipe | Erro ao buscar dados 6 -> Audi -> {'code': '8561', 'name': 'A3 Sedan Prestige 1.4 TFSI Flex Tip.'} -> error
2026-01-30 08:53:45 | INFO | fipe | Extraindo 6 -> Audi -> {'code': '8562', 'name': 'A3 Sedan Prestige Plus 1.4 TFSI Flex Tip'}
2026-01-30 08:53:46 | INFO | fipe | Extraindo 6 -> Audi -> {'code': '8562', 'name': 'A3 Sedan Prestige Plus 1.4 TFSI Flex Tip'} -> {'code': '2021-5', 'name': '2021 Flex'}
2026-01-30 08:53:46 | INFO | fipe | Gravando json para 6 -> Audi -> {'code': '8562', 'name': 'A3 Sedan Prestige Plus 1.4 TFSI Flex Tip'} -> {'code': '2021-5', 'name': '2021 Flex'} -> {'TipoVeiculo': 1, 'Valor': 'R$ 135.120,00', 'Marca': 'Audi', 'Modelo': 'A3 Sedan Prestige Plus 1.4 TFSI Flex Tip', 'AnoModelo': 2021, 'Combustivel': 'Flex', 'CodigoFipe': '008235-0', 'MesReferencia': 'janeiro de 2026', 'SiglaCombustivel': 'F'}
2026-01-30 08:53:46 | INFO | fipe | Gravado
2026-01-30 08:53:47 | INFO | fipe | Extraindo 6 -> Audi -> {'code': '8562', 'name': 'A3 Sedan Prestige Plus 1.4 TFSI Flex Tip'} -> {'code': '2020-5', 'name': '2020 Flex'}
2026-01-30 08:53:47 | INFO | fipe | Gravando json para 6 -> Audi -> {'code': '8562', 'name': 'A3 Sedan Prestige Plus 1.4 TFSI Flex Tip'} -> {'code': '2020-5', 'name': '2020 Flex'} -> {'TipoVeiculo': 1, 'Valor': 'R$ 120.963,00', 'Marca': 'Audi', 'Modelo': 'A3 Sedan Prestige Plus 1.4 TFSI Flex Tip', 'AnoModelo': 2020, 'Combustivel': 'Flex', 'CodigoFipe': '008235-0', 'MesReferencia': 'janeiro de 2026', 'SiglaCombustivel': 'F'}
2026-01-30 08:53:47 | INFO | fipe | Gravado
2026-01-30 08:53:48 | INFO | fipe | Extraindo 6 -> Audi -> {'code': '8562', 'name': 'A3 Sedan Prestige Plus 1.4 TFSI Flex Tip'} -> {'code': '2019-5', 'name': '2019 Flex'}
2026-01-30 08:53:48 | INFO | fipe | Gravando json para 6 -> Audi -> {'code': '8562', 'name': 'A3 Sedan Prestige Plus 1.4 TFSI Flex Tip'} -> {'code': '2019-5', 'name': '2019 Flex'} -> {'TipoVeiculo': 1, 'Valor': 'R$ 112.274,00', 'Marca': 'Audi', 'Modelo': 'A3 Sedan Prestige Plus 1.4 TFSI Flex Tip', 'AnoModelo': 2019, 'Combustivel': 'Flex', 'CodigoFipe': '008235-0', 'MesReferencia': 'janeiro de 2026', 'SiglaCombustivel': 'F'}
2026-01-30 08:53:48 | INFO | fipe | Gravado
2026-01-30 08:53:49 | INFO | fipe | Extraindo 6 -> Audi -> {'code': '9963', 'name': 'A3 Sedan S-Line 2.0 TFSI  S-Tron.(Híb.)'}
2026-01-30 08:53:49 | INFO | fipe | Extraindo 6 -> Audi -> {'code': '9963', 'name': 'A3 Sedan S-Line 2.0 TFSI  S-Tron.(Híb.)'} -> {'code': '2024-6', 'name': '2024 Híbrido'}
2026-01-30 08:53:50 | INFO | fipe | Gravando json para 6 -> Audi -> {'code': '9963', 'name': 'A3 Sedan S-Line 2.0 TFSI  S-Tron.(Híb.)'} -> {'code': '2024-6', 'name': '2024 Híbrido'} -> {'TipoVeiculo': 1, 'Valor': 'R$ 217.884,00', 'Marca': 'Audi', 'Modelo': 'A3 Sedan S-Line 2.0 TFSI  S-Tron.(Híb.)', 'AnoModelo': 2024, 'Combustivel': 'Híbrido', 'CodigoFipe': '008279-1', 'MesReferencia': 'janeiro de 2026', 'SiglaCombustivel': 'H'}
2026-01-30 08:53:50 | INFO | fipe | Gravado
2026-01-30 08:53:50 | INFO | fipe | Extraindo 6 -> Audi -> {'code': '9963', 'name': 'A3 Sedan S-Line 2.0 TFSI  S-Tron.(Híb.)'} -> {'code': '2023-6', 'name': '2023 Híbrido'}
2026-01-30 08:53:51 | INFO | fipe | Gravando json para 6 -> Audi -> {'code': '9963', 'name': 'A3 Sedan S-Line 2.0 TFSI  S-Tron.(Híb.)'} -> {'code': '2023-6', 'name': '2023 Híbrido'} -> {'TipoVeiculo': 1, 'Valor': 'R$ 209.976,00', 'Marca': 'Audi', 'Modelo': 'A3 Sedan S-Line 2.0 TFSI  S-Tron.(Híb.)', 'AnoModelo': 2023, 'Combustivel': 'Híbrido', 'CodigoFipe': '008279-1', 'MesReferencia': 'janeiro de 2026', 'SiglaCombustivel': 'H'}
2026-01-30 08:53:51 | INFO | fipe | Gravado
2026-01-30 08:53:51 | INFO | fipe | Extraindo 6 -> Audi -> {'code': '9963', 'name': 'A3 Sedan S-Line 2.0 TFSI  S-Tron.(Híb.)'} -> {'code': '2022-6', 'name': '2022 Híbrido'}
2026-01-30 08:53:52 | INFO | fipe | Gravando json para 6 -> Audi -> {'code': '9963', 'name': 'A3 Sedan S-Line 2.0 TFSI  S-Tron.(Híb.)'} -> {'code': '2022-6', 'name': '2022 Híbrido'} -> {'TipoVeiculo': 1, 'Valor': 'R$ 190.920,00', 'Marca': 'Audi', 'Modelo': 'A3 Sedan S-Line 2.0 TFSI  S-Tron.(Híb.)', 'AnoModelo': 2022, 'Combustivel': 'Híbrido', 'CodigoFipe': '008279-1', 'MesReferencia': 'janeiro de 2026', 'SiglaCombustivel': 'H'}
2026-01-30 08:53:52 | INFO | fipe | Gravado
2026-01-30 08:53:52 | INFO | fipe | Extraindo 6 -> Audi -> {'code': '9655', 'name': 'A3 Sedan S-Line Limited 1.4 TFSI Tiptro.'}
2026-01-30 08:53:52 | INFO | fipe | Extraindo 6 -> Audi -> {'code': '9655', 'name': 'A3 Sedan S-Line Limited 1.4 TFSI Tiptro.'} -> {'code': '2022-1', 'name': '2022 Gasolina'}
2026-01-30 08:53:53 | INFO | fipe | Gravando json para 6 -> Audi -> {'code': '9655', 'name': 'A3 Sedan S-Line Limited 1.4 TFSI Tiptro.'} -> {'code': '2022-1', 'name': '2022 Gasolina'} -> {'TipoVeiculo': 1, 'Valor': 'R$ 169.560,00', 'Marca': 'Audi', 'Modelo': 'A3 Sedan S-Line Limited 1.4 TFSI Tiptro.', 'AnoModelo': 2022, 'Combustivel': 'Gasolina', 'CodigoFipe': '008277-5', 'MesReferencia': 'janeiro de 2026', 'SiglaCombustivel': 'G'}
2026-01-30 08:53:53 | INFO | fipe | Gravado
2026-01-30 08:53:54 | INFO | fipe | Extraindo 6 -> Audi -> {'code': '6461', 'name': 'A3 Sport 1.8 16V TFSI S-tronic 3p'}
2026-01-30 08:53:54 | INFO | fipe | Extraindo 6 -> Audi -> {'code': '6461', 'name': 'A3 Sport 1.8 16V TFSI S-tronic 3p'} -> {'code': '2014-1', 'name': '2014 Gasolina'}
2026-01-30 08:53:54 | INFO | fipe | Gravando json para 6 -> Audi -> {'code': '6461', 'name': 'A3 Sport 1.8 16V TFSI S-tronic 3p'} -> {'code': '2014-1', 'name': '2014 Gasolina'} -> {'TipoVeiculo': 1, 'Valor': 'R$ 88.325,00', 'Marca': 'Audi', 'Modelo': 'A3 Sport 1.8 16V TFSI S-tronic 3p', 'AnoModelo': 2014, 'Combustivel': 'Gasolina', 'CodigoFipe': '008181-7', 'MesReferencia': 'janeiro de 2026', 'SiglaCombustivel': 'G'}
2026-01-30 08:53:54 | INFO | fipe | Gravado
2026-01-30 08:53:55 | INFO | fipe | Extraindo 6 -> Audi -> {'code': '6461', 'name': 'A3 Sport 1.8 16V TFSI S-tronic 3p'} -> {'code': '2013-1', 'name': '2013 Gasolina'}
2026-01-30 08:53:55 | INFO | fipe | Gravando json para 6 -> Audi -> {'code': '6461', 'name': 'A3 Sport 1.8 16V TFSI S-tronic 3p'} -> {'code': '2013-1', 'name': '2013 Gasolina'} -> {'TipoVeiculo': 1, 'Valor': 'R$ 79.751,00', 'Marca': 'Audi', 'Modelo': 'A3 Sport 1.8 16V TFSI S-tronic 3p', 'AnoModelo': 2013, 'Combustivel': 'Gasolina', 'CodigoFipe': '008181-7', 'MesReferencia': 'janeiro de 2026', 'SiglaCombustivel': 'G'}
2026-01-30 08:53:55 | INFO | fipe | Gravado
2026-01-30 08:53:56 | INFO | fipe | Extraindo 6 -> Audi -> {'code': '5125', 'name': 'A3 Sport 2.0 16V TFSI S- tronic'}
2026-01-30 08:53:56 | INFO | fipe | Extraindo 6 -> Audi -> {'code': '5125', 'name': 'A3 Sport 2.0 16V TFSI S- tronic'} -> {'code': '2013-1', 'name': '2013 Gasolina'}
2026-01-30 08:53:57 | INFO | fipe | Gravando json para 6 -> Audi -> {'code': '5125', 'name': 'A3 Sport 2.0 16V TFSI S- tronic'} -> {'code': '2013-1', 'name': '2013 Gasolina'} -> {'TipoVeiculo': 1, 'Valor': 'R$ 80.827,00', 'Marca': 'Audi', 'Modelo': 'A3 Sport 2.0 16V TFSI S- tronic', 'AnoModelo': 2013, 'Combustivel': 'Gasolina', 'CodigoFipe': '008138-8', 'MesReferencia': 'janeiro de 2026', 'SiglaCombustivel': 'G'}
2026-01-30 08:53:57 | INFO | fipe | Gravado
2026-01-30 08:53:57 | INFO | fipe | Extraindo 6 -> Audi -> {'code': '5125', 'name': 'A3 Sport 2.0 16V TFSI S- tronic'} -> {'code': '2012-1', 'name': '2012 Gasolina'}
2026-01-30 08:53:58 | INFO | fipe | Gravando json para 6 -> Audi -> {'code': '5125', 'name': 'A3 Sport 2.0 16V TFSI S- tronic'} -> {'code': '2012-1', 'name': '2012 Gasolina'} -> {'TipoVeiculo': 1, 'Valor': 'R$ 70.311,00', 'Marca': 'Audi', 'Modelo': 'A3 Sport 2.0 16V TFSI S- tronic', 'AnoModelo': 2012, 'Combustivel': 'Gasolina', 'CodigoFipe': '008138-8', 'MesReferencia': 'janeiro de 2026', 'SiglaCombustivel': 'G'}
2026-01-30 08:53:58 | INFO | fipe | Gravado
2026-01-30 08:53:58 | INFO | fipe | Extraindo 6 -> Audi -> {'code': '5125', 'name': 'A3 Sport 2.0 16V TFSI S- tronic'} -> {'code': '2011-1', 'name': '2011 Gasolina'}
2026-01-30 08:53:59 | INFO | fipe | Gravando json para 6 -> Audi -> {'code': '5125', 'name': 'A3 Sport 2.0 16V TFSI S- tronic'} -> {'code': '2011-1', 'name': '2011 Gasolina'} -> {'TipoVeiculo': 1, 'Valor': 'R$ 64.591,00', 'Marca': 'Audi', 'Modelo': 'A3 Sport 2.0 16V TFSI S- tronic', 'AnoModelo': 2011, 'Combustivel': 'Gasolina', 'CodigoFipe': '008138-8', 'MesReferencia': 'janeiro de 2026', 'SiglaCombustivel': 'G'}
2026-01-30 08:53:59 | INFO | fipe | Gravado
2026-01-30 08:53:59 | INFO | fipe | Extraindo 6 -> Audi -> {'code': '5125', 'name': 'A3 Sport 2.0 16V TFSI S- tronic'} -> {'code': '2010-1', 'name': '2010 Gasolina'}
2026-01-30 08:54:00 | INFO | fipe | Gravando json para 6 -> Audi -> {'code': '5125', 'name': 'A3 Sport 2.0 16V TFSI S- tronic'} -> {'code': '2010-1', 'name': '2010 Gasolina'} -> {'TipoVeiculo': 1, 'Valor': 'R$ 60.192,00', 'Marca': 'Audi', 'Modelo': 'A3 Sport 2.0 16V TFSI S- tronic', 'AnoModelo': 2010, 'Combustivel': 'Gasolina', 'CodigoFipe': '008138-8', 'MesReferencia': 'janeiro de 2026', 'SiglaCombustivel': 'G'}
2026-01-30 08:54:00 | INFO | fipe | Gravado
2026-01-30 08:54:00 | INFO | fipe | Extraindo 6 -> Audi -> {'code': '9964', 'name': 'A3 Sportb. Perf. Black 2.0 S-tron.(Híb.)'}
2026-01-30 08:54:01 | INFO | fipe | Extraindo 6 -> Audi -> {'code': '9964', 'name': 'A3 Sportb. Perf. Black 2.0 S-tron.(Híb.)'} -> {'code': '32000-6', 'name': '32000 Híbrido'}
2026-01-30 08:54:01 | INFO | fipe | Gravando json para 6 -> Audi -> {'code': '9964', 'name': 'A3 Sportb. Perf. Black 2.0 S-tron.(Híb.)'} -> {'code': '32000-6', 'name': '32000 Híbrido'} -> {'TipoVeiculo': 1, 'Valor': 'R$ 350.191,00', 'Marca': 'Audi', 'Modelo': 'A3 Sportb. Perf. Black 2.0 S-tron.(Híb.)', 'AnoModelo': 32000, 'Combustivel': 'Híbrido', 'CodigoFipe': '008275-9', 'MesReferencia': 'janeiro de 2026', 'SiglaCombustivel': 'H'}
2026-01-30 08:54:01 | INFO | fipe | Gravado
2026-01-30 08:54:02 | INFO | fipe | Extraindo 6 -> Audi -> {'code': '9964', 'name': 'A3 Sportb. Perf. Black 2.0 S-tron.(Híb.)'} -> {'code': '2025-6', 'name': '2025 Híbrido'}
2026-01-30 08:54:02 | INFO | fipe | Gravando json para 6 -> Audi -> {'code': '9964', 'name': 'A3 Sportb. Perf. Black 2.0 S-tron.(Híb.)'} -> {'code': '2025-6', 'name': '2025 Híbrido'} -> {'TipoVeiculo': 1, 'Valor': 'R$ 313.650,00', 'Marca': 'Audi', 'Modelo': 'A3 Sportb. Perf. Black 2.0 S-tron.(Híb.)', 'AnoModelo': 2025, 'Combustivel': 'Híbrido', 'CodigoFipe': '008275-9', 'MesReferencia': 'janeiro de 2026', 'SiglaCombustivel': 'H'}
2026-01-30 08:54:02 | INFO | fipe | Gravado
2026-01-30 08:54:03 | INFO | fipe | Extraindo 6 -> Audi -> {'code': '9964', 'name': 'A3 Sportb. Perf. Black 2.0 S-tron.(Híb.)'} -> {'code': '2024-6', 'name': '2024 Híbrido'}
2026-01-30 08:54:03 | INFO | fipe | Gravando json para 6 -> Audi -> {'code': '9964', 'name': 'A3 Sportb. Perf. Black 2.0 S-tron.(Híb.)'} -> {'code': '2024-6', 'name': '2024 Híbrido'} -> {'TipoVeiculo': 1, 'Valor': 'R$ 242.112,00', 'Marca': 'Audi', 'Modelo': 'A3 Sportb. Perf. Black 2.0 S-tron.(Híb.)', 'AnoModelo': 2024, 'Combustivel': 'Híbrido', 'CodigoFipe': '008275-9', 'MesReferencia': 'janeiro de 2026', 'SiglaCombustivel': 'H'}
2026-01-30 08:54:03 | INFO | fipe | Gravado
2026-01-30 08:54:04 | INFO | fipe | Extraindo 6 -> Audi -> {'code': '9964', 'name': 'A3 Sportb. Perf. Black 2.0 S-tron.(Híb.)'} -> {'code': '2023-6', 'name': '2023 Híbrido'}
2026-01-30 08:54:05 | INFO | fipe | Gravando json para 6 -> Audi -> {'code': '9964', 'name': 'A3 Sportb. Perf. Black 2.0 S-tron.(Híb.)'} -> {'code': '2023-6', 'name': '2023 Híbrido'} -> {'TipoVeiculo': 1, 'Valor': 'R$ 219.685,00', 'Marca': 'Audi', 'Modelo': 'A3 Sportb. Perf. Black 2.0 S-tron.(Híb.)', 'AnoModelo': 2023, 'Combustivel': 'Híbrido', 'CodigoFipe': '008275-9', 'MesReferencia': 'janeiro de 2026', 'SiglaCombustivel': 'H'}
2026-01-30 08:54:05 | INFO | fipe | Gravado
2026-01-30 08:54:05 | INFO | fipe | Extraindo 6 -> Audi -> {'code': '9964', 'name': 'A3 Sportb. Perf. Black 2.0 S-tron.(Híb.)'} -> {'code': '2022-6', 'name': '2022 Híbrido'}
2026-01-30 08:54:06 | INFO | fipe | Gravando json para 6 -> Audi -> {'code': '9964', 'name': 'A3 Sportb. Perf. Black 2.0 S-tron.(Híb.)'} -> {'code': '2022-6', 'name': '2022 Híbrido'} -> {'TipoVeiculo': 1, 'Valor': 'R$ 209.367,00', 'Marca': 'Audi', 'Modelo': 'A3 Sportb. Perf. Black 2.0 S-tron.(Híb.)', 'AnoModelo': 2022, 'Combustivel': 'Híbrido', 'CodigoFipe': '008275-9', 'MesReferencia': 'janeiro de 2026', 'SiglaCombustivel': 'H'}
2026-01-30 08:54:06 | INFO | fipe | Gravado
2026-01-30 08:54:06 | INFO | fipe | Extraindo 6 -> Audi -> {'code': '11483', 'name': 'A3 Sportb. Performance 2.0 TFSI S-tronic'}
2026-01-30 08:54:06 | INFO | fipe | Extraindo 6 -> Audi -> {'code': '11483', 'name': 'A3 Sportb. Performance 2.0 TFSI S-tronic'} -> {'code': '32000-1', 'name': '32000 Gasolina'}
2026-01-30 08:54:07 | INFO | fipe | Gravando json para 6 -> Audi -> {'code': '11483', 'name': 'A3 Sportb. Performance 2.0 TFSI S-tronic'} -> {'code': '32000-1', 'name': '32000 Gasolina'} -> {'TipoVeiculo': 1, 'Valor': 'R$ 351.320,00', 'Marca': 'Audi', 'Modelo': 'A3 Sportb. Performance 2.0 TFSI S-tronic', 'AnoModelo': 32000, 'Combustivel': 'Gasolina', 'CodigoFipe': '008313-5', 'MesReferencia': 'janeiro de 2026', 'SiglaCombustivel': 'G'}
2026-01-30 08:54:07 | INFO | fipe | Gravado
2026-01-30 08:54:08 | INFO | fipe | Extraindo 6 -> Audi -> {'code': '11483', 'name': 'A3 Sportb. Performance 2.0 TFSI S-tronic'} -> {'code': '2026-1', 'name': '2026 Gasolina'}
2026-01-30 08:54:08 | INFO | fipe | Gravando json para 6 -> Audi -> {'code': '11483', 'name': 'A3 Sportb. Performance 2.0 TFSI S-tronic'} -> {'code': '2026-1', 'name': '2026 Gasolina'} -> {'TipoVeiculo': 1, 'Valor': 'R$ 312.925,00', 'Marca': 'Audi', 'Modelo': 'A3 Sportb. Performance 2.0 TFSI S-tronic', 'AnoModelo': 2026, 'Combustivel': 'Gasolina', 'CodigoFipe': '008313-5', 'MesReferencia': 'janeiro de 2026', 'SiglaCombustivel': 'G'}
2026-01-30 08:54:08 | INFO | fipe | Gravado
2026-01-30 08:54:09 | INFO | fipe | Extraindo 6 -> Audi -> {'code': '11483', 'name': 'A3 Sportb. Performance 2.0 TFSI S-tronic'} -> {'code': '2025-1', 'name': '2025 Gasolina'}
2026-01-30 08:54:09 | INFO | fipe | Gravando json para 6 -> Audi -> {'code': '11483', 'name': 'A3 Sportb. Performance 2.0 TFSI S-tronic'} -> {'code': '2025-1', 'name': '2025 Gasolina'} -> {'TipoVeiculo': 1, 'Valor': 'R$ 293.509,00', 'Marca': 'Audi', 'Modelo': 'A3 Sportb. Performance 2.0 TFSI S-tronic', 'AnoModelo': 2025, 'Combustivel': 'Gasolina', 'CodigoFipe': '008313-5', 'MesReferencia': 'janeiro de 2026', 'SiglaCombustivel': 'G'}
2026-01-30 08:54:09 | INFO | fipe | Gravado
2026-01-30 08:54:10 | INFO | fipe | Extraindo 6 -> Audi -> {'code': '11531', 'name': 'A3 Sportb. Performance Black 2.0 S-tron.'}
2026-01-30 08:54:10 | INFO | fipe | Extraindo 6 -> Audi -> {'code': '11531', 'name': 'A3 Sportb. Performance Black 2.0 S-tron.'} -> {'code': '32000-1', 'name': '32000 Gasolina'}
2026-01-30 08:54:11 | INFO | fipe | Gravando json para 6 -> Audi -> {'code': '11531', 'name': 'A3 Sportb. Performance Black 2.0 S-tron.'} -> {'code': '32000-1', 'name': '32000 Gasolina'} -> {'TipoVeiculo': 1, 'Valor': 'R$ 379.823,00', 'Marca': 'Audi', 'Modelo': 'A3 Sportb. Performance Black 2.0 S-tron.', 'AnoModelo': 32000, 'Combustivel': 'Gasolina', 'CodigoFipe': '008314-3', 'MesReferencia': 'janeiro de 2026', 'SiglaCombustivel': 'G'}
2026-01-30 08:54:11 | INFO | fipe | Gravado
2026-01-30 08:54:11 | INFO | fipe | Extraindo 6 -> Audi -> {'code': '11531', 'name': 'A3 Sportb. Performance Black 2.0 S-tron.'} -> {'code': '2026-1', 'name': '2026 Gasolina'}
2026-01-30 08:54:12 | INFO | fipe | Gravando json para 6 -> Audi -> {'code': '11531', 'name': 'A3 Sportb. Performance Black 2.0 S-tron.'} -> {'code': '2026-1', 'name': '2026 Gasolina'} -> {'TipoVeiculo': 1, 'Valor': 'R$ 328.200,00', 'Marca': 'Audi', 'Modelo': 'A3 Sportb. Performance Black 2.0 S-tron.', 'AnoModelo': 2026, 'Combustivel': 'Gasolina', 'CodigoFipe': '008314-3', 'MesReferencia': 'janeiro de 2026', 'SiglaCombustivel': 'G'}
2026-01-30 08:54:12 | INFO | fipe | Gravado
2026-01-30 08:54:12 | INFO | fipe | Extraindo 6 -> Audi -> {'code': '11531', 'name': 'A3 Sportb. Performance Black 2.0 S-tron.'} -> {'code': '2025-1', 'name': '2025 Gasolina'}
2026-01-30 08:54:13 | INFO | fipe | Gravando json para 6 -> Audi -> {'code': '11531', 'name': 'A3 Sportb. Performance Black 2.0 S-tron.'} -> {'code': '2025-1', 'name': '2025 Gasolina'} -> {'TipoVeiculo': 1, 'Valor': 'R$ 309.364,00', 'Marca': 'Audi', 'Modelo': 'A3 Sportb. Performance Black 2.0 S-tron.', 'AnoModelo': 2025, 'Combustivel': 'Gasolina', 'CodigoFipe': '008314-3', 'MesReferencia': 'janeiro de 2026', 'SiglaCombustivel': 'G'}
2026-01-30 08:54:13 | INFO | fipe | Gravado
2026-01-30 08:54:13 | INFO | fipe | Extraindo 6 -> Audi -> {'code': '8563', 'name': 'A3 Sportb. Prestige Plus 1.4 TFSI S-tron'}
2026-01-30 08:54:13 | INFO | fipe | Extraindo 6 -> Audi -> {'code': '8563', 'name': 'A3 Sportb. Prestige Plus 1.4 TFSI S-tron'} -> error
2026-01-30 08:54:14 | ERROR | fipe | Erro ao buscar dados 6 -> Audi -> {'code': '8563', 'name': 'A3 Sportb. Prestige Plus 1.4 TFSI S-tron'} -> error
2026-01-30 08:54:14 | INFO | fipe | Extraindo 6 -> Audi -> {'code': '9965', 'name': 'A3 Sportb. S-Line 2.0 TFSI S-Tron.(Híb.)'}
2026-01-30 08:54:14 | INFO | fipe | Extraindo 6 -> Audi -> {'code': '9965', 'name': 'A3 Sportb. S-Line 2.0 TFSI S-Tron.(Híb.)'} -> {'code': '32000-6', 'name': '32000 Híbrido'}
2026-01-30 08:54:15 | INFO | fipe | Gravando json para 6 -> Audi -> {'code': '9965', 'name': 'A3 Sportb. S-Line 2.0 TFSI S-Tron.(Híb.)'} -> {'code': '32000-6', 'name': '32000 Híbrido'} -> {'TipoVeiculo': 1, 'Valor': 'R$ 272.200,00', 'Marca': 'Audi', 'Modelo': 'A3 Sportb. S-Line 2.0 TFSI S-Tron.(Híb.)', 'AnoModelo': 32000, 'Combustivel': 'Híbrido', 'CodigoFipe': '008278-3', 'MesReferencia': 'janeiro de 2026', 'SiglaCombustivel': 'H'}
2026-01-30 08:54:15 | INFO | fipe | Gravado
2026-01-30 08:54:15 | INFO | fipe | Extraindo 6 -> Audi -> {'code': '9965', 'name': 'A3 Sportb. S-Line 2.0 TFSI S-Tron.(Híb.)'} -> {'code': '2024-6', 'name': '2024 Híbrido'}
2026-01-30 08:54:16 | INFO | fipe | Gravando json para 6 -> Audi -> {'code': '9965', 'name': 'A3 Sportb. S-Line 2.0 TFSI S-Tron.(Híb.)'} -> {'code': '2024-6', 'name': '2024 Híbrido'} -> {'TipoVeiculo': 1, 'Valor': 'R$ 236.051,00', 'Marca': 'Audi', 'Modelo': 'A3 Sportb. S-Line 2.0 TFSI S-Tron.(Híb.)', 'AnoModelo': 2024, 'Combustivel': 'Híbrido', 'CodigoFipe': '008278-3', 'MesReferencia': 'janeiro de 2026', 'SiglaCombustivel': 'H'}
2026-01-30 08:54:16 | INFO | fipe | Gravado
2026-01-30 08:54:16 | INFO | fipe | Extraindo 6 -> Audi -> {'code': '9965', 'name': 'A3 Sportb. S-Line 2.0 TFSI S-Tron.(Híb.)'} -> {'code': '2023-6', 'name': '2023 Híbrido'}
2026-01-30 08:54:17 | INFO | fipe | Gravando json para 6 -> Audi -> {'code': '9965', 'name': 'A3 Sportb. S-Line 2.0 TFSI S-Tron.(Híb.)'} -> {'code': '2023-6', 'name': '2023 Híbrido'} -> {'TipoVeiculo': 1, 'Valor': 'R$ 210.875,00', 'Marca': 'Audi', 'Modelo': 'A3 Sportb. S-Line 2.0 TFSI S-Tron.(Híb.)', 'AnoModelo': 2023, 'Combustivel': 'Híbrido', 'CodigoFipe': '008278-3', 'MesReferencia': 'janeiro de 2026', 'SiglaCombustivel': 'H'}
2026-01-30 08:54:17 | INFO | fipe | Gravado
2026-01-30 08:54:17 | INFO | fipe | Extraindo 6 -> Audi -> {'code': '9965', 'name': 'A3 Sportb. S-Line 2.0 TFSI S-Tron.(Híb.)'} -> {'code': '2022-6', 'name': '2022 Híbrido'}
2026-01-30 08:54:18 | INFO | fipe | Gravando json para 6 -> Audi -> {'code': '9965', 'name': 'A3 Sportb. S-Line 2.0 TFSI S-Tron.(Híb.)'} -> {'code': '2022-6', 'name': '2022 Híbrido'} -> {'TipoVeiculo': 1, 'Valor': 'R$ 192.521,00', 'Marca': 'Audi', 'Modelo': 'A3 Sportb. S-Line 2.0 TFSI S-Tron.(Híb.)', 'AnoModelo': 2022, 'Combustivel': 'Híbrido', 'CodigoFipe': '008278-3', 'MesReferencia': 'janeiro de 2026', 'SiglaCombustivel': 'H'}
2026-01-30 08:54:18 | INFO | fipe | Gravado
2026-01-30 08:54:19 | INFO | fipe | Extraindo 6 -> Audi -> {'code': '9657', 'name': 'A3 Sportb. S-Line Limited 1.4 TFSI Tip.'}
2026-01-30 08:54:19 | INFO | fipe | Extraindo 6 -> Audi -> {'code': '9657', 'name': 'A3 Sportb. S-Line Limited 1.4 TFSI Tip.'} -> {'code': '2022-1', 'name': '2022 Gasolina'}
2026-01-30 08:54:19 | INFO | fipe | Gravando json para 6 -> Audi -> {'code': '9657', 'name': 'A3 Sportb. S-Line Limited 1.4 TFSI Tip.'} -> {'code': '2022-1', 'name': '2022 Gasolina'} -> {'TipoVeiculo': 1, 'Valor': 'R$ 177.973,00', 'Marca': 'Audi', 'Modelo': 'A3 Sportb. S-Line Limited 1.4 TFSI Tip.', 'AnoModelo': 2022, 'Combustivel': 'Gasolina', 'CodigoFipe': '008276-7', 'MesReferencia': 'janeiro de 2026', 'SiglaCombustivel': 'G'}
2026-01-30 08:54:19 | INFO | fipe | Gravado
2026-01-30 08:54:20 | INFO | fipe | Extraindo 6 -> Audi -> {'code': '6510', 'name': 'A3 Sportback 1.4 TFSI S-tronic'}
2026-01-30 08:54:20 | INFO | fipe | Extraindo 6 -> Audi -> {'code': '6510', 'name': 'A3 Sportback 1.4 TFSI S-tronic'} -> {'code': '2018-1', 'name': '2018 Gasolina'}
2026-01-30 08:54:21 | INFO | fipe | Gravando json para 6 -> Audi -> {'code': '6510', 'name': 'A3 Sportback 1.4 TFSI S-tronic'} -> {'code': '2018-1', 'name': '2018 Gasolina'} -> {'TipoVeiculo': 1, 'Valor': 'R$ 102.105,00', 'Marca': 'Audi', 'Modelo': 'A3 Sportback 1.4 TFSI S-tronic', 'AnoModelo': 2018, 'Combustivel': 'Gasolina', 'CodigoFipe': '008184-1', 'MesReferencia': 'janeiro de 2026', 'SiglaCombustivel': 'G'}
2026-01-30 08:54:21 | INFO | fipe | Gravado
2026-01-30 08:54:21 | INFO | fipe | Extraindo 6 -> Audi -> {'code': '6510', 'name': 'A3 Sportback 1.4 TFSI S-tronic'} -> {'code': '2017-1', 'name': '2017 Gasolina'}
2026-01-30 08:54:22 | INFO | fipe | Gravando json para 6 -> Audi -> {'code': '6510', 'name': 'A3 Sportback 1.4 TFSI S-tronic'} -> {'code': '2017-1', 'name': '2017 Gasolina'} -> {'TipoVeiculo': 1, 'Valor': 'R$ 84.273,00', 'Marca': 'Audi', 'Modelo': 'A3 Sportback 1.4 TFSI S-tronic', 'AnoModelo': 2017, 'Combustivel': 'Gasolina', 'CodigoFipe': '008184-1', 'MesReferencia': 'janeiro de 2026', 'SiglaCombustivel': 'G'}
2026-01-30 08:54:22 | INFO | fipe | Gravado
2026-01-30 08:54:22 | INFO | fipe | Extraindo 6 -> Audi -> {'code': '6510', 'name': 'A3 Sportback 1.4 TFSI S-tronic'} -> {'code': '2016-1', 'name': '2016 Gasolina'}
2026-01-30 08:54:23 | INFO | fipe | Gravando json para 6 -> Audi -> {'code': '6510', 'name': 'A3 Sportback 1.4 TFSI S-tronic'} -> {'code': '2016-1', 'name': '2016 Gasolina'} -> {'TipoVeiculo': 1, 'Valor': 'R$ 79.067,00', 'Marca': 'Audi', 'Modelo': 'A3 Sportback 1.4 TFSI S-tronic', 'AnoModelo': 2016, 'Combustivel': 'Gasolina', 'CodigoFipe': '008184-1', 'MesReferencia': 'janeiro de 2026', 'SiglaCombustivel': 'G'}
2026-01-30 08:54:23 | INFO | fipe | Gravado
2026-01-30 08:54:24 | INFO | fipe | Extraindo 6 -> Audi -> {'code': '6510', 'name': 'A3 Sportback 1.4 TFSI S-tronic'} -> {'code': '2015-1', 'name': '2015 Gasolina'}
2026-01-30 08:54:24 | INFO | fipe | Gravando json para 6 -> Audi -> {'code': '6510', 'name': 'A3 Sportback 1.4 TFSI S-tronic'} -> {'code': '2015-1', 'name': '2015 Gasolina'} -> {'TipoVeiculo': 1, 'Valor': 'R$ 73.681,00', 'Marca': 'Audi', 'Modelo': 'A3 Sportback 1.4 TFSI S-tronic', 'AnoModelo': 2015, 'Combustivel': 'Gasolina', 'CodigoFipe': '008184-1', 'MesReferencia': 'janeiro de 2026', 'SiglaCombustivel': 'G'}
2026-01-30 08:54:24 | INFO | fipe | Gravado
2026-01-30 08:54:25 | INFO | fipe | Extraindo 6 -> Audi -> {'code': '6510', 'name': 'A3 Sportback 1.4 TFSI S-tronic'} -> {'code': '2014-1', 'name': '2014 Gasolina'}
2026-01-30 08:54:25 | INFO | fipe | Gravando json para 6 -> Audi -> {'code': '6510', 'name': 'A3 Sportback 1.4 TFSI S-tronic'} -> {'code': '2014-1', 'name': '2014 Gasolina'} -> {'TipoVeiculo': 1, 'Valor': 'R$ 71.883,00', 'Marca': 'Audi', 'Modelo': 'A3 Sportback 1.4 TFSI S-tronic', 'AnoModelo': 2014, 'Combustivel': 'Gasolina', 'CodigoFipe': '008184-1', 'MesReferencia': 'janeiro de 2026', 'SiglaCombustivel': 'G'}
2026-01-30 08:54:25 | INFO | fipe | Gravado
2026-01-30 08:54:26 | INFO | fipe | Extraindo 6 -> Audi -> {'code': '4155', 'name': 'A3 Sportback 1.6 8V 102cv 5p'}
2026-01-30 08:54:26 | INFO | fipe | Extraindo 6 -> Audi -> {'code': '4155', 'name': 'A3 Sportback 1.6 8V 102cv 5p'} -> {'code': '2010-1', 'name': '2010 Gasolina'}
2026-01-30 08:54:27 | INFO | fipe | Gravando json para 6 -> Audi -> {'code': '4155', 'name': 'A3 Sportback 1.6 8V 102cv 5p'} -> {'code': '2010-1', 'name': '2010 Gasolina'} -> {'TipoVeiculo': 1, 'Valor': 'R$ 57.969,00', 'Marca': 'Audi', 'Modelo': 'A3 Sportback 1.6 8V 102cv 5p', 'AnoModelo': 2010, 'Combustivel': 'Gasolina', 'CodigoFipe': '008117-5', 'MesReferencia': 'janeiro de 2026', 'SiglaCombustivel': 'G'}
2026-01-30 08:54:27 | INFO | fipe | Gravado
2026-01-30 08:54:27 | INFO | fipe | Extraindo 6 -> Audi -> {'code': '4155', 'name': 'A3 Sportback 1.6 8V 102cv 5p'} -> {'code': '2009-1', 'name': '2009 Gasolina'}
2026-01-30 08:54:28 | INFO | fipe | Gravando json para 6 -> Audi -> {'code': '4155', 'name': 'A3 Sportback 1.6 8V 102cv 5p'} -> {'code': '2009-1', 'name': '2009 Gasolina'} -> {'TipoVeiculo': 1, 'Valor': 'R$ 53.527,00', 'Marca': 'Audi', 'Modelo': 'A3 Sportback 1.6 8V 102cv 5p', 'AnoModelo': 2009, 'Combustivel': 'Gasolina', 'CodigoFipe': '008117-5', 'MesReferencia': 'janeiro de 2026', 'SiglaCombustivel': 'G'}
2026-01-30 08:54:28 | INFO | fipe | Gravado
2026-01-30 08:54:28 | INFO | fipe | Extraindo 6 -> Audi -> {'code': '4155', 'name': 'A3 Sportback 1.6 8V 102cv 5p'} -> {'code': '2008-1', 'name': '2008 Gasolina'}
2026-01-30 08:54:29 | INFO | fipe | Gravando json para 6 -> Audi -> {'code': '4155', 'name': 'A3 Sportback 1.6 8V 102cv 5p'} -> {'code': '2008-1', 'name': '2008 Gasolina'} -> {'TipoVeiculo': 1, 'Valor': 'R$ 46.066,00', 'Marca': 'Audi', 'Modelo': 'A3 Sportback 1.6 8V 102cv 5p', 'AnoModelo': 2008, 'Combustivel': 'Gasolina', 'CodigoFipe': '008117-5', 'MesReferencia': 'janeiro de 2026', 'SiglaCombustivel': 'G'}
2026-01-30 08:54:29 | INFO | fipe | Gravado
2026-01-30 08:54:29 | INFO | fipe | Extraindo 6 -> Audi -> {'code': '4155', 'name': 'A3 Sportback 1.6 8V 102cv 5p'} -> {'code': '2007-1', 'name': '2007 Gasolina'}
2026-01-30 08:54:30 | INFO | fipe | Gravando json para 6 -> Audi -> {'code': '4155', 'name': 'A3 Sportback 1.6 8V 102cv 5p'} -> {'code': '2007-1', 'name': '2007 Gasolina'} -> {'TipoVeiculo': 1, 'Valor': 'R$ 44.942,00', 'Marca': 'Audi', 'Modelo': 'A3 Sportback 1.6 8V 102cv 5p', 'AnoModelo': 2007, 'Combustivel': 'Gasolina', 'CodigoFipe': '008117-5', 'MesReferencia': 'janeiro de 2026', 'SiglaCombustivel': 'G'}
2026-01-30 08:54:30 | INFO | fipe | Gravado
2026-01-30 08:54:30 | INFO | fipe | Extraindo 6 -> Audi -> {'code': '6511', 'name': 'A3 Sportback 1.8 16V TFSI S-tronic 5p'}
2026-01-30 08:54:31 | INFO | fipe | Extraindo 6 -> Audi -> {'code': '6511', 'name': 'A3 Sportback 1.8 16V TFSI S-tronic 5p'} -> {'code': '2016-1', 'name': '2016 Gasolina'}
2026-01-30 08:54:31 | INFO | fipe | Gravando json para 6 -> Audi -> {'code': '6511', 'name': 'A3 Sportback 1.8 16V TFSI S-tronic 5p'} -> {'code': '2016-1', 'name': '2016 Gasolina'} -> {'TipoVeiculo': 1, 'Valor': 'R$ 88.931,00', 'Marca': 'Audi', 'Modelo': 'A3 Sportback 1.8 16V TFSI S-tronic 5p', 'AnoModelo': 2016, 'Combustivel': 'Gasolina', 'CodigoFipe': '008185-0', 'MesReferencia': 'janeiro de 2026', 'SiglaCombustivel': 'G'}
2026-01-30 08:54:31 | INFO | fipe | Gravado
2026-01-30 08:54:32 | INFO | fipe | Extraindo 6 -> Audi -> {'code': '6511', 'name': 'A3 Sportback 1.8 16V TFSI S-tronic 5p'} -> {'code': '2015-1', 'name': '2015 Gasolina'}
2026-01-30 08:54:32 | INFO | fipe | Gravando json para 6 -> Audi -> {'code': '6511', 'name': 'A3 Sportback 1.8 16V TFSI S-tronic 5p'} -> {'code': '2015-1', 'name': '2015 Gasolina'} -> {'TipoVeiculo': 1, 'Valor': 'R$ 84.571,00', 'Marca': 'Audi', 'Modelo': 'A3 Sportback 1.8 16V TFSI S-tronic 5p', 'AnoModelo': 2015, 'Combustivel': 'Gasolina', 'CodigoFipe': '008185-0', 'MesReferencia': 'janeiro de 2026', 'SiglaCombustivel': 'G'}
2026-01-30 08:54:32 | INFO | fipe | Gravado
2026-01-30 08:54:33 | INFO | fipe | Extraindo 6 -> Audi -> {'code': '6511', 'name': 'A3 Sportback 1.8 16V TFSI S-tronic 5p'} -> {'code': '2014-1', 'name': '2014 Gasolina'}
2026-01-30 08:54:33 | INFO | fipe | Gravando json para 6 -> Audi -> {'code': '6511', 'name': 'A3 Sportback 1.8 16V TFSI S-tronic 5p'} -> {'code': '2014-1', 'name': '2014 Gasolina'} -> {'TipoVeiculo': 1, 'Valor': 'R$ 82.280,00', 'Marca': 'Audi', 'Modelo': 'A3 Sportback 1.8 16V TFSI S-tronic 5p', 'AnoModelo': 2014, 'Combustivel': 'Gasolina', 'CodigoFipe': '008185-0', 'MesReferencia': 'janeiro de 2026', 'SiglaCombustivel': 'G'}
2026-01-30 08:54:33 | INFO | fipe | Gravado
2026-01-30 08:54:34 | INFO | fipe | Extraindo 6 -> Audi -> {'code': '4156', 'name': 'A3 Sportback 2.0 16V TFSI Mec.'}
2026-01-30 08:54:34 | INFO | fipe | Extraindo 6 -> Audi -> {'code': '4156', 'name': 'A3 Sportback 2.0 16V TFSI Mec.'} -> {'code': '2011-1', 'name': '2011 Gasolina'}
2026-01-30 08:54:35 | INFO | fipe | Gravando json para 6 -> Audi -> {'code': '4156', 'name': 'A3 Sportback 2.0 16V TFSI Mec.'} -> {'code': '2011-1', 'name': '2011 Gasolina'} -> {'TipoVeiculo': 1, 'Valor': 'R$ 66.224,00', 'Marca': 'Audi', 'Modelo': 'A3 Sportback 2.0 16V TFSI Mec.', 'AnoModelo': 2011, 'Combustivel': 'Gasolina', 'CodigoFipe': '008118-3', 'MesReferencia': 'janeiro de 2026', 'SiglaCombustivel': 'G'}
2026-01-30 08:54:35 | INFO | fipe | Gravado
2026-01-30 08:54:35 | INFO | fipe | Extraindo 6 -> Audi -> {'code': '4156', 'name': 'A3 Sportback 2.0 16V TFSI Mec.'} -> {'code': '2010-1', 'name': '2010 Gasolina'}
2026-01-30 08:54:36 | INFO | fipe | Gravando json para 6 -> Audi -> {'code': '4156', 'name': 'A3 Sportback 2.0 16V TFSI Mec.'} -> {'code': '2010-1', 'name': '2010 Gasolina'} -> {'TipoVeiculo': 1, 'Valor': 'R$ 58.047,00', 'Marca': 'Audi', 'Modelo': 'A3 Sportback 2.0 16V TFSI Mec.', 'AnoModelo': 2010, 'Combustivel': 'Gasolina', 'CodigoFipe': '008118-3', 'MesReferencia': 'janeiro de 2026', 'SiglaCombustivel': 'G'}
2026-01-30 08:54:36 | INFO | fipe | Gravado
2026-01-30 08:54:36 | INFO | fipe | Extraindo 6 -> Audi -> {'code': '4156', 'name': 'A3 Sportback 2.0 16V TFSI Mec.'} -> {'code': '2009-1', 'name': '2009 Gasolina'}
2026-01-30 08:54:37 | INFO | fipe | Gravando json para 6 -> Audi -> {'code': '4156', 'name': 'A3 Sportback 2.0 16V TFSI Mec.'} -> {'code': '2009-1', 'name': '2009 Gasolina'} -> {'TipoVeiculo': 1, 'Valor': 'R$ 52.596,00', 'Marca': 'Audi', 'Modelo': 'A3 Sportback 2.0 16V TFSI Mec.', 'AnoModelo': 2009, 'Combustivel': 'Gasolina', 'CodigoFipe': '008118-3', 'MesReferencia': 'janeiro de 2026', 'SiglaCombustivel': 'G'}
2026-01-30 08:54:37 | INFO | fipe | Gravado
2026-01-30 08:54:37 | INFO | fipe | Extraindo 6 -> Audi -> {'code': '4156', 'name': 'A3 Sportback 2.0 16V TFSI Mec.'} -> {'code': '2008-1', 'name': '2008 Gasolina'}
2026-01-30 08:54:38 | INFO | fipe | Gravando json para 6 -> Audi -> {'code': '4156', 'name': 'A3 Sportback 2.0 16V TFSI Mec.'} -> {'code': '2008-1', 'name': '2008 Gasolina'} -> {'TipoVeiculo': 1, 'Valor': 'R$ 48.094,00', 'Marca': 'Audi', 'Modelo': 'A3 Sportback 2.0 16V TFSI Mec.', 'AnoModelo': 2008, 'Combustivel': 'Gasolina', 'CodigoFipe': '008118-3', 'MesReferencia': 'janeiro de 2026', 'SiglaCombustivel': 'G'}
2026-01-30 08:54:38 | INFO | fipe | Gravado
2026-01-30 08:54:39 | INFO | fipe | Extraindo 6 -> Audi -> {'code': '4156', 'name': 'A3 Sportback 2.0 16V TFSI Mec.'} -> {'code': '2007-1', 'name': '2007 Gasolina'}
2026-01-30 08:54:39 | INFO | fipe | Gravando json para 6 -> Audi -> {'code': '4156', 'name': 'A3 Sportback 2.0 16V TFSI Mec.'} -> {'code': '2007-1', 'name': '2007 Gasolina'} -> {'TipoVeiculo': 1, 'Valor': 'R$ 41.133,00', 'Marca': 'Audi', 'Modelo': 'A3 Sportback 2.0 16V TFSI Mec.', 'AnoModelo': 2007, 'Combustivel': 'Gasolina', 'CodigoFipe': '008118-3', 'MesReferencia': 'janeiro de 2026', 'SiglaCombustivel': 'G'}
2026-01-30 08:54:39 | INFO | fipe | Gravado
2026-01-30 08:54:40 | INFO | fipe | Extraindo 6 -> Audi -> {'code': '4157', 'name': 'A3 Sportback 2.0 16V TFSI S-tronic'}
2026-01-30 08:54:40 | INFO | fipe | Extraindo 6 -> Audi -> {'code': '4157', 'name': 'A3 Sportback 2.0 16V TFSI S-tronic'} -> {'code': '2013-1', 'name': '2013 Gasolina'}
2026-01-30 08:54:40 | INFO | fipe | Gravando json para 6 -> Audi -> {'code': '4157', 'name': 'A3 Sportback 2.0 16V TFSI S-tronic'} -> {'code': '2013-1', 'name': '2013 Gasolina'} -> {'TipoVeiculo': 1, 'Valor': 'R$ 81.252,00', 'Marca': 'Audi', 'Modelo': 'A3 Sportback 2.0 16V TFSI S-tronic', 'AnoModelo': 2013, 'Combustivel': 'Gasolina', 'CodigoFipe': '008119-1', 'MesReferencia': 'janeiro de 2026', 'SiglaCombustivel': 'G'}
2026-01-30 08:54:40 | INFO | fipe | Gravado
2026-01-30 08:54:41 | INFO | fipe | Extraindo 6 -> Audi -> {'code': '4157', 'name': 'A3 Sportback 2.0 16V TFSI S-tronic'} -> {'code': '2012-1', 'name': '2012 Gasolina'}
2026-01-30 08:54:42 | INFO | fipe | Gravando json para 6 -> Audi -> {'code': '4157', 'name': 'A3 Sportback 2.0 16V TFSI S-tronic'} -> {'code': '2012-1', 'name': '2012 Gasolina'} -> {'TipoVeiculo': 1, 'Valor': 'R$ 71.707,00', 'Marca': 'Audi', 'Modelo': 'A3 Sportback 2.0 16V TFSI S-tronic', 'AnoModelo': 2012, 'Combustivel': 'Gasolina', 'CodigoFipe': '008119-1', 'MesReferencia': 'janeiro de 2026', 'SiglaCombustivel': 'G'}
2026-01-30 08:54:42 | INFO | fipe | Gravado
2026-01-30 08:54:42 | INFO | fipe | Extraindo 6 -> Audi -> {'code': '4157', 'name': 'A3 Sportback 2.0 16V TFSI S-tronic'} -> {'code': '2011-1', 'name': '2011 Gasolina'}
2026-01-30 08:54:43 | INFO | fipe | Gravando json para 6 -> Audi -> {'code': '4157', 'name': 'A3 Sportback 2.0 16V TFSI S-tronic'} -> {'code': '2011-1', 'name': '2011 Gasolina'} -> {'TipoVeiculo': 1, 'Valor': 'R$ 66.990,00', 'Marca': 'Audi', 'Modelo': 'A3 Sportback 2.0 16V TFSI S-tronic', 'AnoModelo': 2011, 'Combustivel': 'Gasolina', 'CodigoFipe': '008119-1', 'MesReferencia': 'janeiro de 2026', 'SiglaCombustivel': 'G'}
2026-01-30 08:54:43 | INFO | fipe | Gravado
2026-01-30 08:54:44 | INFO | fipe | Extraindo 6 -> Audi -> {'code': '4157', 'name': 'A3 Sportback 2.0 16V TFSI S-tronic'} -> {'code': '2010-1', 'name': '2010 Gasolina'}
2026-01-30 08:54:46 | INFO | fipe | Gravando json para 6 -> Audi -> {'code': '4157', 'name': 'A3 Sportback 2.0 16V TFSI S-tronic'} -> {'code': '2010-1', 'name': '2010 Gasolina'} -> {'TipoVeiculo': 1, 'Valor': 'R$ 60.266,00', 'Marca': 'Audi', 'Modelo': 'A3 Sportback 2.0 16V TFSI S-tronic', 'AnoModelo': 2010, 'Combustivel': 'Gasolina', 'CodigoFipe': '008119-1', 'MesReferencia': 'janeiro de 2026', 'SiglaCombustivel': 'G'}
2026-01-30 08:54:46 | INFO | fipe | Gravado
2026-01-30 08:54:47 | INFO | fipe | Extraindo 6 -> Audi -> {'code': '4157', 'name': 'A3 Sportback 2.0 16V TFSI S-tronic'} -> {'code': '2009-1', 'name': '2009 Gasolina'}
2026-01-30 08:54:47 | INFO | fipe | Gravando json para 6 -> Audi -> {'code': '4157', 'name': 'A3 Sportback 2.0 16V TFSI S-tronic'} -> {'code': '2009-1', 'name': '2009 Gasolina'} -> {'TipoVeiculo': 1, 'Valor': 'R$ 56.788,00', 'Marca': 'Audi', 'Modelo': 'A3 Sportback 2.0 16V TFSI S-tronic', 'AnoModelo': 2009, 'Combustivel': 'Gasolina', 'CodigoFipe': '008119-1', 'MesReferencia': 'janeiro de 2026', 'SiglaCombustivel': 'G'}
2026-01-30 08:54:47 | INFO | fipe | Gravado
2026-01-30 08:54:48 | INFO | fipe | Extraindo 6 -> Audi -> {'code': '4157', 'name': 'A3 Sportback 2.0 16V TFSI S-tronic'} -> {'code': '2008-1', 'name': '2008 Gasolina'}
2026-01-30 08:54:48 | INFO | fipe | Gravando json para 6 -> Audi -> {'code': '4157', 'name': 'A3 Sportback 2.0 16V TFSI S-tronic'} -> {'code': '2008-1', 'name': '2008 Gasolina'} -> {'TipoVeiculo': 1, 'Valor': 'R$ 48.351,00', 'Marca': 'Audi', 'Modelo': 'A3 Sportback 2.0 16V TFSI S-tronic', 'AnoModelo': 2008, 'Combustivel': 'Gasolina', 'CodigoFipe': '008119-1', 'MesReferencia': 'janeiro de 2026', 'SiglaCombustivel': 'G'}
2026-01-30 08:54:48 | INFO | fipe | Gravado
2026-01-30 08:54:49 | INFO | fipe | Extraindo 6 -> Audi -> {'code': '4157', 'name': 'A3 Sportback 2.0 16V TFSI S-tronic'} -> {'code': '2007-1', 'name': '2007 Gasolina'}
2026-01-30 08:54:49 | INFO | fipe | Gravando json para 6 -> Audi -> {'code': '4157', 'name': 'A3 Sportback 2.0 16V TFSI S-tronic'} -> {'code': '2007-1', 'name': '2007 Gasolina'} -> {'TipoVeiculo': 1, 'Valor': 'R$ 41.375,00', 'Marca': 'Audi', 'Modelo': 'A3 Sportback 2.0 16V TFSI S-tronic', 'AnoModelo': 2007, 'Combustivel': 'Gasolina', 'CodigoFipe': '008119-1', 'MesReferencia': 'janeiro de 2026', 'SiglaCombustivel': 'G'}
2026-01-30 08:54:49 | INFO | fipe | Gravado
2026-01-30 08:54:50 | INFO | fipe | Extraindo 6 -> Audi -> {'code': '68', 'name': 'A4 1.8  Aut.'}
2026-01-30 08:54:50 | INFO | fipe | Extraindo 6 -> Audi -> {'code': '68', 'name': 'A4 1.8  Aut.'} -> {'code': '2001-1', 'name': '2001 Gasolina'}
2026-01-30 08:54:51 | INFO | fipe | Gravando json para 6 -> Audi -> {'code': '68', 'name': 'A4 1.8  Aut.'} -> {'code': '2001-1', 'name': '2001 Gasolina'} -> {'TipoVeiculo': 1, 'Valor': 'R$ 27.206,00', 'Marca': 'Audi', 'Modelo': 'A4 1.8  Aut.', 'AnoModelo': 2001, 'Combustivel': 'Gasolina', 'CodigoFipe': '008047-0', 'MesReferencia': 'janeiro de 2026', 'SiglaCombustivel': 'G'}
2026-01-30 08:54:51 | INFO | fipe | Gravado
2026-01-30 08:54:51 | INFO | fipe | Extraindo 6 -> Audi -> {'code': '68', 'name': 'A4 1.8  Aut.'} -> {'code': '2000-1', 'name': '2000 Gasolina'}
2026-01-30 08:54:52 | INFO | fipe | Gravando json para 6 -> Audi -> {'code': '68', 'name': 'A4 1.8  Aut.'} -> {'code': '2000-1', 'name': '2000 Gasolina'} -> {'TipoVeiculo': 1, 'Valor': 'R$ 22.589,00', 'Marca': 'Audi', 'Modelo': 'A4 1.8  Aut.', 'AnoModelo': 2000, 'Combustivel': 'Gasolina', 'CodigoFipe': '008047-0', 'MesReferencia': 'janeiro de 2026', 'SiglaCombustivel': 'G'}
2026-01-30 08:54:52 | INFO | fipe | Gravado
2026-01-30 08:54:52 | INFO | fipe | Extraindo 6 -> Audi -> {'code': '68', 'name': 'A4 1.8  Aut.'} -> {'code': '1999-1', 'name': '1999 Gasolina'}
2026-01-30 08:54:53 | ERROR | fipe | Não gravou 6 -> Audi -> {'code': '68', 'name': 'A4 1.8  Aut.'} -> {'code': '1999-1', 'name': '1999 Gasolina'} -> 
2026-01-30 08:54:53 | INFO | fipe | Extraindo 6 -> Audi -> {'code': '68', 'name': 'A4 1.8  Aut.'} -> {'code': '1998-1', 'name': '1998 Gasolina'}
2026-01-30 08:54:53 | ERROR | fipe | Não gravou 6 -> Audi -> {'code': '68', 'name': 'A4 1.8  Aut.'} -> {'code': '1998-1', 'name': '1998 Gasolina'} -> 
2026-01-30 08:54:53 | INFO | fipe | Extraindo 6 -> Audi -> {'code': '68', 'name': 'A4 1.8  Aut.'} -> {'code': '1997-1', 'name': '1997 Gasolina'}
2026-01-30 08:54:54 | ERROR | fipe | Não gravou 6 -> Audi -> {'code': '68', 'name': 'A4 1.8  Aut.'} -> {'code': '1997-1', 'name': '1997 Gasolina'} -> 
2026-01-30 08:54:54 | INFO | fipe | Extraindo 6 -> Audi -> {'code': '68', 'name': 'A4 1.8  Aut.'} -> {'code': '1996-1', 'name': '1996 Gasolina'}
2026-01-30 08:54:54 | ERROR | fipe | Não gravou 6 -> Audi -> {'code': '68', 'name': 'A4 1.8  Aut.'} -> {'code': '1996-1', 'name': '1996 Gasolina'} -> 
2026-01-30 08:54:54 | INFO | fipe | Extraindo 6 -> Audi -> {'code': '68', 'name': 'A4 1.8  Aut.'} -> {'code': '1995-1', 'name': '1995 Gasolina'}
2026-01-30 08:54:55 | ERROR | fipe | Não gravou 6 -> Audi -> {'code': '68', 'name': 'A4 1.8  Aut.'} -> {'code': '1995-1', 'name': '1995 Gasolina'} -> 
2026-01-30 08:54:55 | INFO | fipe | Extraindo 6 -> Audi -> {'code': '69', 'name': 'A4 1.8  Mec.'}
2026-01-30 08:54:55 | INFO | fipe | Extraindo 6 -> Audi -> {'code': '69', 'name': 'A4 1.8  Mec.'} -> {'code': '2001-1', 'name': '2001 Gasolina'}
2026-01-30 08:54:57 | INFO | fipe | Gravando json para 6 -> Audi -> {'code': '69', 'name': 'A4 1.8  Mec.'} -> {'code': '2001-1', 'name': '2001 Gasolina'} -> {'TipoVeiculo': 1, 'Valor': 'R$ 19.816,00', 'Marca': 'Audi', 'Modelo': 'A4 1.8  Mec.', 'AnoModelo': 2001, 'Combustivel': 'Gasolina', 'CodigoFipe': '008007-1', 'MesReferencia': 'janeiro de 2026', 'SiglaCombustivel': 'G'}
2026-01-30 08:54:57 | INFO | fipe | Gravado
2026-01-30 08:54:57 | INFO | fipe | Extraindo 6 -> Audi -> {'code': '69', 'name': 'A4 1.8  Mec.'} -> {'code': '2000-1', 'name': '2000 Gasolina'}
2026-01-30 08:54:58 | INFO | fipe | Gravando json para 6 -> Audi -> {'code': '69', 'name': 'A4 1.8  Mec.'} -> {'code': '2000-1', 'name': '2000 Gasolina'} -> {'TipoVeiculo': 1, 'Valor': 'R$ 18.853,00', 'Marca': 'Audi', 'Modelo': 'A4 1.8  Mec.', 'AnoModelo': 2000, 'Combustivel': 'Gasolina', 'CodigoFipe': '008007-1', 'MesReferencia': 'janeiro de 2026', 'SiglaCombustivel': 'G'}
2026-01-30 08:54:58 | INFO | fipe | Gravado
2026-01-30 08:54:58 | INFO | fipe | Extraindo 6 -> Audi -> {'code': '69', 'name': 'A4 1.8  Mec.'} -> {'code': '1999-1', 'name': '1999 Gasolina'}
2026-01-30 08:54:59 | ERROR | fipe | Não gravou 6 -> Audi -> {'code': '69', 'name': 'A4 1.8  Mec.'} -> {'code': '1999-1', 'name': '1999 Gasolina'} -> 
2026-01-30 08:54:59 | INFO | fipe | Extraindo 6 -> Audi -> {'code': '69', 'name': 'A4 1.8  Mec.'} -> {'code': '1998-1', 'name': '1998 Gasolina'}
2026-01-30 08:54:59 | ERROR | fipe | Não gravou 6 -> Audi -> {'code': '69', 'name': 'A4 1.8  Mec.'} -> {'code': '1998-1', 'name': '1998 Gasolina'} -> 
2026-01-30 08:54:59 | INFO | fipe | Extraindo 6 -> Audi -> {'code': '69', 'name': 'A4 1.8  Mec.'} -> {'code': '1997-1', 'name': '1997 Gasolina'}
2026-01-30 08:55:00 | ERROR | fipe | Não gravou 6 -> Audi -> {'code': '69', 'name': 'A4 1.8  Mec.'} -> {'code': '1997-1', 'name': '1997 Gasolina'} -> 
2026-01-30 08:55:00 | INFO | fipe | Extraindo 6 -> Audi -> {'code': '69', 'name': 'A4 1.8  Mec.'} -> {'code': '1996-1', 'name': '1996 Gasolina'}
2026-01-30 08:55:00 | ERROR | fipe | Não gravou 6 -> Audi -> {'code': '69', 'name': 'A4 1.8  Mec.'} -> {'code': '1996-1', 'name': '1996 Gasolina'} -> 
2026-01-30 08:55:00 | INFO | fipe | Extraindo 6 -> Audi -> {'code': '69', 'name': 'A4 1.8  Mec.'} -> {'code': '1995-1', 'name': '1995 Gasolina'}
2026-01-30 08:55:01 | ERROR | fipe | Não gravou 6 -> Audi -> {'code': '69', 'name': 'A4 1.8  Mec.'} -> {'code': '1995-1', 'name': '1995 Gasolina'} -> 
2026-01-30 08:55:01 | INFO | fipe | Extraindo 6 -> Audi -> {'code': '70', 'name': 'A4 1.8 Avant Aut.'}
2026-01-30 08:55:01 | INFO | fipe | Extraindo 6 -> Audi -> {'code': '70', 'name': 'A4 1.8 Avant Aut.'} -> {'code': '2001-1', 'name': '2001 Gasolina'}
2026-01-30 08:55:02 | INFO | fipe | Gravando json para 6 -> Audi -> {'code': '70', 'name': 'A4 1.8 Avant Aut.'} -> {'code': '2001-1', 'name': '2001 Gasolina'} -> {'TipoVeiculo': 1, 'Valor': 'R$ 21.464,00', 'Marca': 'Audi', 'Modelo': 'A4 1.8 Avant Aut.', 'AnoModelo': 2001, 'Combustivel': 'Gasolina', 'CodigoFipe': '008048-9', 'MesReferencia': 'janeiro de 2026', 'SiglaCombustivel': 'G'}
2026-01-30 08:55:02 | INFO | fipe | Gravado
2026-01-30 08:55:02 | INFO | fipe | Extraindo 6 -> Audi -> {'code': '70', 'name': 'A4 1.8 Avant Aut.'} -> {'code': '2000-1', 'name': '2000 Gasolina'}
2026-01-30 08:55:03 | INFO | fipe | Gravando json para 6 -> Audi -> {'code': '70', 'name': 'A4 1.8 Avant Aut.'} -> {'code': '2000-1', 'name': '2000 Gasolina'} -> {'TipoVeiculo': 1, 'Valor': 'R$ 20.846,00', 'Marca': 'Audi', 'Modelo': 'A4 1.8 Avant Aut.', 'AnoModelo': 2000, 'Combustivel': 'Gasolina', 'CodigoFipe': '008048-9', 'MesReferencia': 'janeiro de 2026', 'SiglaCombustivel': 'G'}
2026-01-30 08:55:03 | INFO | fipe | Gravado
2026-01-30 08:55:03 | INFO | fipe | Extraindo 6 -> Audi -> {'code': '70', 'name': 'A4 1.8 Avant Aut.'} -> {'code': '1999-1', 'name': '1999 Gasolina'}
2026-01-30 08:55:04 | ERROR | fipe | Não gravou 6 -> Audi -> {'code': '70', 'name': 'A4 1.8 Avant Aut.'} -> {'code': '1999-1', 'name': '1999 Gasolina'} -> 
2026-01-30 08:55:04 | INFO | fipe | Extraindo 6 -> Audi -> {'code': '70', 'name': 'A4 1.8 Avant Aut.'} -> {'code': '1997-1', 'name': '1997 Gasolina'}
2026-01-30 08:55:05 | ERROR | fipe | Não gravou 6 -> Audi -> {'code': '70', 'name': 'A4 1.8 Avant Aut.'} -> {'code': '1997-1', 'name': '1997 Gasolina'} -> 
2026-01-30 08:55:05 | INFO | fipe | Extraindo 6 -> Audi -> {'code': '70', 'name': 'A4 1.8 Avant Aut.'} -> {'code': '1996-1', 'name': '1996 Gasolina'}
2026-01-30 08:55:05 | ERROR | fipe | Não gravou 6 -> Audi -> {'code': '70', 'name': 'A4 1.8 Avant Aut.'} -> {'code': '1996-1', 'name': '1996 Gasolina'} -> 
2026-01-30 08:55:05 | INFO | fipe | Extraindo 6 -> Audi -> {'code': '71', 'name': 'A4 1.8 Avant Mec.'}
2026-01-30 08:55:05 | INFO | fipe | Extraindo 6 -> Audi -> {'code': '71', 'name': 'A4 1.8 Avant Mec.'} -> {'code': '2001-1', 'name': '2001 Gasolina'}
2026-01-30 08:55:06 | INFO | fipe | Gravando json para 6 -> Audi -> {'code': '71', 'name': 'A4 1.8 Avant Mec.'} -> {'code': '2001-1', 'name': '2001 Gasolina'} -> {'TipoVeiculo': 1, 'Valor': 'R$ 20.557,00', 'Marca': 'Audi', 'Modelo': 'A4 1.8 Avant Mec.', 'AnoModelo': 2001, 'Combustivel': 'Gasolina', 'CodigoFipe': '008009-8', 'MesReferencia': 'janeiro de 2026', 'SiglaCombustivel': 'G'}
2026-01-30 08:55:06 | INFO | fipe | Gravado
2026-01-30 08:55:06 | INFO | fipe | Extraindo 6 -> Audi -> {'code': '71', 'name': 'A4 1.8 Avant Mec.'} -> {'code': '2000-1', 'name': '2000 Gasolina'}
2026-01-30 08:55:07 | INFO | fipe | Gravando json para 6 -> Audi -> {'code': '71', 'name': 'A4 1.8 Avant Mec.'} -> {'code': '2000-1', 'name': '2000 Gasolina'} -> {'TipoVeiculo': 1, 'Valor': 'R$ 20.055,00', 'Marca': 'Audi', 'Modelo': 'A4 1.8 Avant Mec.', 'AnoModelo': 2000, 'Combustivel': 'Gasolina', 'CodigoFipe': '008009-8', 'MesReferencia': 'janeiro de 2026', 'SiglaCombustivel': 'G'}
2026-01-30 08:55:07 | INFO | fipe | Gravado
2026-01-30 08:55:07 | INFO | fipe | Extraindo 6 -> Audi -> {'code': '71', 'name': 'A4 1.8 Avant Mec.'} -> {'code': '1999-1', 'name': '1999 Gasolina'}
2026-01-30 08:55:08 | ERROR | fipe | Não gravou 6 -> Audi -> {'code': '71', 'name': 'A4 1.8 Avant Mec.'} -> {'code': '1999-1', 'name': '1999 Gasolina'} -> 
2026-01-30 08:55:08 | INFO | fipe | Extraindo 6 -> Audi -> {'code': '71', 'name': 'A4 1.8 Avant Mec.'} -> {'code': '1998-1', 'name': '1998 Gasolina'}
2026-01-30 08:55:08 | ERROR | fipe | Não gravou 6 -> Audi -> {'code': '71', 'name': 'A4 1.8 Avant Mec.'} -> {'code': '1998-1', 'name': '1998 Gasolina'} -> 
2026-01-30 08:55:08 | INFO | fipe | Extraindo 6 -> Audi -> {'code': '71', 'name': 'A4 1.8 Avant Mec.'} -> {'code': '1997-1', 'name': '1997 Gasolina'}
2026-01-30 08:55:09 | ERROR | fipe | Não gravou 6 -> Audi -> {'code': '71', 'name': 'A4 1.8 Avant Mec.'} -> {'code': '1997-1', 'name': '1997 Gasolina'} -> 
2026-01-30 08:55:09 | INFO | fipe | Extraindo 6 -> Audi -> {'code': '71', 'name': 'A4 1.8 Avant Mec.'} -> {'code': '1996-1', 'name': '1996 Gasolina'}
2026-01-30 08:55:09 | ERROR | fipe | Não gravou 6 -> Audi -> {'code': '71', 'name': 'A4 1.8 Avant Mec.'} -> {'code': '1996-1', 'name': '1996 Gasolina'} -> 
2026-01-30 08:55:09 | INFO | fipe | Extraindo 6 -> Audi -> {'code': '72', 'name': 'A4 1.8 Avant Turbo Mec.'}
2026-01-30 08:55:10 | INFO | fipe | Extraindo 6 -> Audi -> {'code': '72', 'name': 'A4 1.8 Avant Turbo Mec.'} -> {'code': '2001-1', 'name': '2001 Gasolina'}
2026-01-30 08:55:10 | INFO | fipe | Gravando json para 6 -> Audi -> {'code': '72', 'name': 'A4 1.8 Avant Turbo Mec.'} -> {'code': '2001-1', 'name': '2001 Gasolina'} -> {'TipoVeiculo': 1, 'Valor': 'R$ 24.095,00', 'Marca': 'Audi', 'Modelo': 'A4 1.8 Avant Turbo Mec.', 'AnoModelo': 2001, 'Combustivel': 'Gasolina', 'CodigoFipe': '008010-1', 'MesReferencia': 'janeiro de 2026', 'SiglaCombustivel': 'G'}
2026-01-30 08:55:10 | INFO | fipe | Gravado
2026-01-30 08:55:11 | INFO | fipe | Extraindo 6 -> Audi -> {'code': '72', 'name': 'A4 1.8 Avant Turbo Mec.'} -> {'code': '2000-1', 'name': '2000 Gasolina'}
2026-01-30 08:55:11 | INFO | fipe | Gravando json para 6 -> Audi -> {'code': '72', 'name': 'A4 1.8 Avant Turbo Mec.'} -> {'code': '2000-1', 'name': '2000 Gasolina'} -> {'TipoVeiculo': 1, 'Valor': 'R$ 21.018,00', 'Marca': 'Audi', 'Modelo': 'A4 1.8 Avant Turbo Mec.', 'AnoModelo': 2000, 'Combustivel': 'Gasolina', 'CodigoFipe': '008010-1', 'MesReferencia': 'janeiro de 2026', 'SiglaCombustivel': 'G'}
2026-01-30 08:55:11 | INFO | fipe | Gravado
2026-01-30 08:55:12 | INFO | fipe | Extraindo 6 -> Audi -> {'code': '72', 'name': 'A4 1.8 Avant Turbo Mec.'} -> {'code': '1999-1', 'name': '1999 Gasolina'}
2026-01-30 08:55:12 | ERROR | fipe | Não gravou 6 -> Audi -> {'code': '72', 'name': 'A4 1.8 Avant Turbo Mec.'} -> {'code': '1999-1', 'name': '1999 Gasolina'} -> 
2026-01-30 08:55:12 | INFO | fipe | Extraindo 6 -> Audi -> {'code': '72', 'name': 'A4 1.8 Avant Turbo Mec.'} -> {'code': '1998-1', 'name': '1998 Gasolina'}
2026-01-30 08:55:13 | ERROR | fipe | Não gravou 6 -> Audi -> {'code': '72', 'name': 'A4 1.8 Avant Turbo Mec.'} -> {'code': '1998-1', 'name': '1998 Gasolina'} -> 
2026-01-30 08:55:13 | INFO | fipe | Extraindo 6 -> Audi -> {'code': '72', 'name': 'A4 1.8 Avant Turbo Mec.'} -> {'code': '1997-1', 'name': '1997 Gasolina'}
2026-01-30 08:55:13 | ERROR | fipe | Não gravou 6 -> Audi -> {'code': '72', 'name': 'A4 1.8 Avant Turbo Mec.'} -> {'code': '1997-1', 'name': '1997 Gasolina'} -> 
2026-01-30 08:55:13 | INFO | fipe | Extraindo 6 -> Audi -> {'code': '72', 'name': 'A4 1.8 Avant Turbo Mec.'} -> {'code': '1996-1', 'name': '1996 Gasolina'}
2026-01-30 08:55:14 | ERROR | fipe | Não gravou 6 -> Audi -> {'code': '72', 'name': 'A4 1.8 Avant Turbo Mec.'} -> {'code': '1996-1', 'name': '1996 Gasolina'} -> 
2026-01-30 08:55:14 | INFO | fipe | Extraindo 6 -> Audi -> {'code': '73', 'name': 'A4 1.8 Avant Turbo Tip./ Multitronic'}
2026-01-30 08:55:14 | INFO | fipe | Extraindo 6 -> Audi -> {'code': '73', 'name': 'A4 1.8 Avant Turbo Tip./ Multitronic'} -> {'code': '2016-1', 'name': '2016 Gasolina'}
2026-01-30 08:55:15 | INFO | fipe | Gravando json para 6 -> Audi -> {'code': '73', 'name': 'A4 1.8 Avant Turbo Tip./ Multitronic'} -> {'code': '2016-1', 'name': '2016 Gasolina'} -> {'TipoVeiculo': 1, 'Valor': 'R$ 91.769,00', 'Marca': 'Audi', 'Modelo': 'A4 1.8 Avant Turbo Tip./ Multitronic', 'AnoModelo': 2016, 'Combustivel': 'Gasolina', 'CodigoFipe': '008049-7', 'MesReferencia': 'janeiro de 2026', 'SiglaCombustivel': 'G'}
2026-01-30 08:55:15 | INFO | fipe | Gravado
2026-01-30 08:55:15 | INFO | fipe | Extraindo 6 -> Audi -> {'code': '73', 'name': 'A4 1.8 Avant Turbo Tip./ Multitronic'} -> {'code': '2015-1', 'name': '2015 Gasolina'}
2026-01-30 08:55:16 | INFO | fipe | Gravando json para 6 -> Audi -> {'code': '73', 'name': 'A4 1.8 Avant Turbo Tip./ Multitronic'} -> {'code': '2015-1', 'name': '2015 Gasolina'} -> {'TipoVeiculo': 1, 'Valor': 'R$ 83.991,00', 'Marca': 'Audi', 'Modelo': 'A4 1.8 Avant Turbo Tip./ Multitronic', 'AnoModelo': 2015, 'Combustivel': 'Gasolina', 'CodigoFipe': '008049-7', 'MesReferencia': 'janeiro de 2026', 'SiglaCombustivel': 'G'}
2026-01-30 08:55:16 | INFO | fipe | Gravado
2026-01-30 08:55:16 | INFO | fipe | Extraindo 6 -> Audi -> {'code': '73', 'name': 'A4 1.8 Avant Turbo Tip./ Multitronic'} -> {'code': '2008-1', 'name': '2008 Gasolina'}
2026-01-30 08:55:17 | INFO | fipe | Gravando json para 6 -> Audi -> {'code': '73', 'name': 'A4 1.8 Avant Turbo Tip./ Multitronic'} -> {'code': '2008-1', 'name': '2008 Gasolina'} -> {'TipoVeiculo': 1, 'Valor': 'R$ 48.395,00', 'Marca': 'Audi', 'Modelo': 'A4 1.8 Avant Turbo Tip./ Multitronic', 'AnoModelo': 2008, 'Combustivel': 'Gasolina', 'CodigoFipe': '008049-7', 'MesReferencia': 'janeiro de 2026', 'SiglaCombustivel': 'G'}
2026-01-30 08:55:17 | INFO | fipe | Gravado
2026-01-30 08:55:17 | INFO | fipe | Extraindo 6 -> Audi -> {'code': '73', 'name': 'A4 1.8 Avant Turbo Tip./ Multitronic'} -> {'code': '2007-1', 'name': '2007 Gasolina'}
2026-01-30 08:55:18 | INFO | fipe | Gravando json para 6 -> Audi -> {'code': '73', 'name': 'A4 1.8 Avant Turbo Tip./ Multitronic'} -> {'code': '2007-1', 'name': '2007 Gasolina'} -> {'TipoVeiculo': 1, 'Valor': 'R$ 45.702,00', 'Marca': 'Audi', 'Modelo': 'A4 1.8 Avant Turbo Tip./ Multitronic', 'AnoModelo': 2007, 'Combustivel': 'Gasolina', 'CodigoFipe': '008049-7', 'MesReferencia': 'janeiro de 2026', 'SiglaCombustivel': 'G'}
2026-01-30 08:55:18 | INFO | fipe | Gravado
2026-01-30 08:55:18 | INFO | fipe | Extraindo 6 -> Audi -> {'code': '73', 'name': 'A4 1.8 Avant Turbo Tip./ Multitronic'} -> {'code': '2006-1', 'name': '2006 Gasolina'}
2026-01-30 08:55:19 | INFO | fipe | Gravando json para 6 -> Audi -> {'code': '73', 'name': 'A4 1.8 Avant Turbo Tip./ Multitronic'} -> {'code': '2006-1', 'name': '2006 Gasolina'} -> {'TipoVeiculo': 1, 'Valor': 'R$ 43.252,00', 'Marca': 'Audi', 'Modelo': 'A4 1.8 Avant Turbo Tip./ Multitronic', 'AnoModelo': 2006, 'Combustivel': 'Gasolina', 'CodigoFipe': '008049-7', 'MesReferencia': 'janeiro de 2026', 'SiglaCombustivel': 'G'}
2026-01-30 08:55:19 | INFO | fipe | Gravado
2026-01-30 08:55:20 | INFO | fipe | Extraindo 6 -> Audi -> {'code': '73', 'name': 'A4 1.8 Avant Turbo Tip./ Multitronic'} -> {'code': '2005-1', 'name': '2005 Gasolina'}
2026-01-30 08:55:20 | INFO | fipe | Gravando json para 6 -> Audi -> {'code': '73', 'name': 'A4 1.8 Avant Turbo Tip./ Multitronic'} -> {'code': '2005-1', 'name': '2005 Gasolina'} -> {'TipoVeiculo': 1, 'Valor': 'R$ 39.891,00', 'Marca': 'Audi', 'Modelo': 'A4 1.8 Avant Turbo Tip./ Multitronic', 'AnoModelo': 2005, 'Combustivel': 'Gasolina', 'CodigoFipe': '008049-7', 'MesReferencia': 'janeiro de 2026', 'SiglaCombustivel': 'G'}
2026-01-30 08:55:20 | INFO | fipe | Gravado
2026-01-30 08:55:21 | INFO | fipe | Extraindo 6 -> Audi -> {'code': '73', 'name': 'A4 1.8 Avant Turbo Tip./ Multitronic'} -> {'code': '2004-1', 'name': '2004 Gasolina'}
2026-01-30 08:55:21 | INFO | fipe | Gravando json para 6 -> Audi -> {'code': '73', 'name': 'A4 1.8 Avant Turbo Tip./ Multitronic'} -> {'code': '2004-1', 'name': '2004 Gasolina'} -> {'TipoVeiculo': 1, 'Valor': 'R$ 31.825,00', 'Marca': 'Audi', 'Modelo': 'A4 1.8 Avant Turbo Tip./ Multitronic', 'AnoModelo': 2004, 'Combustivel': 'Gasolina', 'CodigoFipe': '008049-7', 'MesReferencia': 'janeiro de 2026', 'SiglaCombustivel': 'G'}
2026-01-30 08:55:21 | INFO | fipe | Gravado
2026-01-30 08:55:22 | INFO | fipe | Extraindo 6 -> Audi -> {'code': '73', 'name': 'A4 1.8 Avant Turbo Tip./ Multitronic'} -> {'code': '2003-1', 'name': '2003 Gasolina'}
2026-01-30 08:55:22 | INFO | fipe | Gravando json para 6 -> Audi -> {'code': '73', 'name': 'A4 1.8 Avant Turbo Tip./ Multitronic'} -> {'code': '2003-1', 'name': '2003 Gasolina'} -> {'TipoVeiculo': 1, 'Valor': 'R$ 28.937,00', 'Marca': 'Audi', 'Modelo': 'A4 1.8 Avant Turbo Tip./ Multitronic', 'AnoModelo': 2003, 'Combustivel': 'Gasolina', 'CodigoFipe': '008049-7', 'MesReferencia': 'janeiro de 2026', 'SiglaCombustivel': 'G'}
2026-01-30 08:55:22 | INFO | fipe | Gravado
2026-01-30 08:55:23 | INFO | fipe | Extraindo 6 -> Audi -> {'code': '73', 'name': 'A4 1.8 Avant Turbo Tip./ Multitronic'} -> {'code': '2002-1', 'name': '2002 Gasolina'}
2026-01-30 08:55:24 | INFO | fipe | Gravando json para 6 -> Audi -> {'code': '73', 'name': 'A4 1.8 Avant Turbo Tip./ Multitronic'} -> {'code': '2002-1', 'name': '2002 Gasolina'} -> {'TipoVeiculo': 1, 'Valor': 'R$ 26.865,00', 'Marca': 'Audi', 'Modelo': 'A4 1.8 Avant Turbo Tip./ Multitronic', 'AnoModelo': 2002, 'Combustivel': 'Gasolina', 'CodigoFipe': '008049-7', 'MesReferencia': 'janeiro de 2026', 'SiglaCombustivel': 'G'}
2026-01-30 08:55:24 | INFO | fipe | Gravado
2026-01-30 08:55:24 | INFO | fipe | Extraindo 6 -> Audi -> {'code': '73', 'name': 'A4 1.8 Avant Turbo Tip./ Multitronic'} -> {'code': '2001-1', 'name': '2001 Gasolina'}
2026-01-30 08:55:25 | INFO | fipe | Gravando json para 6 -> Audi -> {'code': '73', 'name': 'A4 1.8 Avant Turbo Tip./ Multitronic'} -> {'code': '2001-1', 'name': '2001 Gasolina'} -> {'TipoVeiculo': 1, 'Valor': 'R$ 24.307,00', 'Marca': 'Audi', 'Modelo': 'A4 1.8 Avant Turbo Tip./ Multitronic', 'AnoModelo': 2001, 'Combustivel': 'Gasolina', 'CodigoFipe': '008049-7', 'MesReferencia': 'janeiro de 2026', 'SiglaCombustivel': 'G'}
2026-01-30 08:55:25 | INFO | fipe | Gravado
2026-01-30 08:55:25 | INFO | fipe | Extraindo 6 -> Audi -> {'code': '73', 'name': 'A4 1.8 Avant Turbo Tip./ Multitronic'} -> {'code': '2000-1', 'name': '2000 Gasolina'}
2026-01-30 08:55:26 | INFO | fipe | Gravando json para 6 -> Audi -> {'code': '73', 'name': 'A4 1.8 Avant Turbo Tip./ Multitronic'} -> {'code': '2000-1', 'name': '2000 Gasolina'} -> {'TipoVeiculo': 1, 'Valor': 'R$ 23.346,00', 'Marca': 'Audi', 'Modelo': 'A4 1.8 Avant Turbo Tip./ Multitronic', 'AnoModelo': 2000, 'Combustivel': 'Gasolina', 'CodigoFipe': '008049-7', 'MesReferencia': 'janeiro de 2026', 'SiglaCombustivel': 'G'}
2026-01-30 08:55:26 | INFO | fipe | Gravado
2026-01-30 08:55:26 | INFO | fipe | Extraindo 6 -> Audi -> {'code': '73', 'name': 'A4 1.8 Avant Turbo Tip./ Multitronic'} -> {'code': '1999-1', 'name': '1999 Gasolina'}
2026-01-30 08:55:27 | ERROR | fipe | Não gravou 6 -> Audi -> {'code': '73', 'name': 'A4 1.8 Avant Turbo Tip./ Multitronic'} -> {'code': '1999-1', 'name': '1999 Gasolina'} -> 
2026-01-30 08:55:27 | INFO | fipe | Extraindo 6 -> Audi -> {'code': '73', 'name': 'A4 1.8 Avant Turbo Tip./ Multitronic'} -> {'code': '1998-1', 'name': '1998 Gasolina'}
2026-01-30 08:55:27 | ERROR | fipe | Não gravou 6 -> Audi -> {'code': '73', 'name': 'A4 1.8 Avant Turbo Tip./ Multitronic'} -> {'code': '1998-1', 'name': '1998 Gasolina'} -> 
2026-01-30 08:55:27 | INFO | fipe | Extraindo 6 -> Audi -> {'code': '73', 'name': 'A4 1.8 Avant Turbo Tip./ Multitronic'} -> {'code': '1997-1', 'name': '1997 Gasolina'}
2026-01-30 08:55:28 | ERROR | fipe | Não gravou 6 -> Audi -> {'code': '73', 'name': 'A4 1.8 Avant Turbo Tip./ Multitronic'} -> {'code': '1997-1', 'name': '1997 Gasolina'} -> 
2026-01-30 08:55:28 | INFO | fipe | Extraindo 6 -> Audi -> {'code': '73', 'name': 'A4 1.8 Avant Turbo Tip./ Multitronic'} -> {'code': '1996-1', 'name': '1996 Gasolina'}
2026-01-30 08:55:28 | ERROR | fipe | Não gravou 6 -> Audi -> {'code': '73', 'name': 'A4 1.8 Avant Turbo Tip./ Multitronic'} -> {'code': '1996-1', 'name': '1996 Gasolina'} -> 
2026-01-30 08:55:28 | INFO | fipe | Extraindo 6 -> Audi -> {'code': '74', 'name': 'A4 1.8 Tip./ Multitronic Turbo'}
2026-01-30 08:55:28 | INFO | fipe | Extraindo 6 -> Audi -> {'code': '74', 'name': 'A4 1.8 Tip./ Multitronic Turbo'} -> {'code': '2016-1', 'name': '2016 Gasolina'}
2026-01-30 08:55:29 | INFO | fipe | Gravando json para 6 -> Audi -> {'code': '74', 'name': 'A4 1.8 Tip./ Multitronic Turbo'} -> {'code': '2016-1', 'name': '2016 Gasolina'} -> {'TipoVeiculo': 1, 'Valor': 'R$ 89.562,00', 'Marca': 'Audi', 'Modelo': 'A4 1.8 Tip./ Multitronic Turbo', 'AnoModelo': 2016, 'Combustivel': 'Gasolina', 'CodigoFipe': '008008-0', 'MesReferencia': 'janeiro de 2026', 'SiglaCombustivel': 'G'}
2026-01-30 08:55:29 | INFO | fipe | Gravado
2026-01-30 08:55:30 | INFO | fipe | Extraindo 6 -> Audi -> {'code': '74', 'name': 'A4 1.8 Tip./ Multitronic Turbo'} -> {'code': '2015-1', 'name': '2015 Gasolina'}
2026-01-30 08:55:30 | INFO | fipe | Gravando json para 6 -> Audi -> {'code': '74', 'name': 'A4 1.8 Tip./ Multitronic Turbo'} -> {'code': '2015-1', 'name': '2015 Gasolina'} -> {'TipoVeiculo': 1, 'Valor': 'R$ 84.652,00', 'Marca': 'Audi', 'Modelo': 'A4 1.8 Tip./ Multitronic Turbo', 'AnoModelo': 2015, 'Combustivel': 'Gasolina', 'CodigoFipe': '008008-0', 'MesReferencia': 'janeiro de 2026', 'SiglaCombustivel': 'G'}
2026-01-30 08:55:30 | INFO | fipe | Gravado
2026-01-30 08:55:31 | INFO | fipe | Extraindo 6 -> Audi -> {'code': '74', 'name': 'A4 1.8 Tip./ Multitronic Turbo'} -> {'code': '2008-1', 'name': '2008 Gasolina'}
2026-01-30 08:55:31 | INFO | fipe | Gravando json para 6 -> Audi -> {'code': '74', 'name': 'A4 1.8 Tip./ Multitronic Turbo'} -> {'code': '2008-1', 'name': '2008 Gasolina'} -> {'TipoVeiculo': 1, 'Valor': 'R$ 46.179,00', 'Marca': 'Audi', 'Modelo': 'A4 1.8 Tip./ Multitronic Turbo', 'AnoModelo': 2008, 'Combustivel': 'Gasolina', 'CodigoFipe': '008008-0', 'MesReferencia': 'janeiro de 2026', 'SiglaCombustivel': 'G'}
2026-01-30 08:55:31 | INFO | fipe | Gravado
2026-01-30 08:55:32 | INFO | fipe | Extraindo 6 -> Audi -> {'code': '74', 'name': 'A4 1.8 Tip./ Multitronic Turbo'} -> {'code': '2007-1', 'name': '2007 Gasolina'}
2026-01-30 08:55:33 | INFO | fipe | Gravando json para 6 -> Audi -> {'code': '74', 'name': 'A4 1.8 Tip./ Multitronic Turbo'} -> {'code': '2007-1', 'name': '2007 Gasolina'} -> {'TipoVeiculo': 1, 'Valor': 'R$ 42.429,00', 'Marca': 'Audi', 'Modelo': 'A4 1.8 Tip./ Multitronic Turbo', 'AnoModelo': 2007, 'Combustivel': 'Gasolina', 'CodigoFipe': '008008-0', 'MesReferencia': 'janeiro de 2026', 'SiglaCombustivel': 'G'}
2026-01-30 08:55:33 | INFO | fipe | Gravado
2026-01-30 08:55:33 | INFO | fipe | Extraindo 6 -> Audi -> {'code': '74', 'name': 'A4 1.8 Tip./ Multitronic Turbo'} -> {'code': '2006-1', 'name': '2006 Gasolina'}
2026-01-30 08:55:34 | INFO | fipe | Gravando json para 6 -> Audi -> {'code': '74', 'name': 'A4 1.8 Tip./ Multitronic Turbo'} -> {'code': '2006-1', 'name': '2006 Gasolina'} -> {'TipoVeiculo': 1, 'Valor': 'R$ 35.369,00', 'Marca': 'Audi', 'Modelo': 'A4 1.8 Tip./ Multitronic Turbo', 'AnoModelo': 2006, 'Combustivel': 'Gasolina', 'CodigoFipe': '008008-0', 'MesReferencia': 'janeiro de 2026', 'SiglaCombustivel': 'G'}
2026-01-30 08:55:34 | INFO | fipe | Gravado
2026-01-30 08:55:34 | INFO | fipe | Extraindo 6 -> Audi -> {'code': '74', 'name': 'A4 1.8 Tip./ Multitronic Turbo'} -> {'code': '2005-1', 'name': '2005 Gasolina'}
2026-01-30 08:55:35 | INFO | fipe | Gravando json para 6 -> Audi -> {'code': '74', 'name': 'A4 1.8 Tip./ Multitronic Turbo'} -> {'code': '2005-1', 'name': '2005 Gasolina'} -> {'TipoVeiculo': 1, 'Valor': 'R$ 33.561,00', 'Marca': 'Audi', 'Modelo': 'A4 1.8 Tip./ Multitronic Turbo', 'AnoModelo': 2005, 'Combustivel': 'Gasolina', 'CodigoFipe': '008008-0', 'MesReferencia': 'janeiro de 2026', 'SiglaCombustivel': 'G'}
2026-01-30 08:55:35 | INFO | fipe | Gravado
2026-01-30 08:55:35 | INFO | fipe | Extraindo 6 -> Audi -> {'code': '74', 'name': 'A4 1.8 Tip./ Multitronic Turbo'} -> {'code': '2004-1', 'name': '2004 Gasolina'}
2026-01-30 08:55:36 | INFO | fipe | Gravando json para 6 -> Audi -> {'code': '74', 'name': 'A4 1.8 Tip./ Multitronic Turbo'} -> {'code': '2004-1', 'name': '2004 Gasolina'} -> {'TipoVeiculo': 1, 'Valor': 'R$ 31.505,00', 'Marca': 'Audi', 'Modelo': 'A4 1.8 Tip./ Multitronic Turbo', 'AnoModelo': 2004, 'Combustivel': 'Gasolina', 'CodigoFipe': '008008-0', 'MesReferencia': 'janeiro de 2026', 'SiglaCombustivel': 'G'}
2026-01-30 08:55:36 | INFO | fipe | Gravado
2026-01-30 08:55:37 | INFO | fipe | Extraindo 6 -> Audi -> {'code': '74', 'name': 'A4 1.8 Tip./ Multitronic Turbo'} -> {'code': '2003-1', 'name': '2003 Gasolina'}
2026-01-30 08:55:37 | INFO | fipe | Gravando json para 6 -> Audi -> {'code': '74', 'name': 'A4 1.8 Tip./ Multitronic Turbo'} -> {'code': '2003-1', 'name': '2003 Gasolina'} -> {'TipoVeiculo': 1, 'Valor': 'R$ 28.194,00', 'Marca': 'Audi', 'Modelo': 'A4 1.8 Tip./ Multitronic Turbo', 'AnoModelo': 2003, 'Combustivel': 'Gasolina', 'CodigoFipe': '008008-0', 'MesReferencia': 'janeiro de 2026', 'SiglaCombustivel': 'G'}
2026-01-30 08:55:37 | INFO | fipe | Gravado
2026-01-30 08:55:38 | INFO | fipe | Extraindo 6 -> Audi -> {'code': '74', 'name': 'A4 1.8 Tip./ Multitronic Turbo'} -> {'code': '2002-1', 'name': '2002 Gasolina'}
2026-01-30 08:55:38 | INFO | fipe | Gravando json para 6 -> Audi -> {'code': '74', 'name': 'A4 1.8 Tip./ Multitronic Turbo'} -> {'code': '2002-1', 'name': '2002 Gasolina'} -> {'TipoVeiculo': 1, 'Valor': 'R$ 26.100,00', 'Marca': 'Audi', 'Modelo': 'A4 1.8 Tip./ Multitronic Turbo', 'AnoModelo': 2002, 'Combustivel': 'Gasolina', 'CodigoFipe': '008008-0', 'MesReferencia': 'janeiro de 2026', 'SiglaCombustivel': 'G'}
2026-01-30 08:55:38 | INFO | fipe | Gravado
2026-01-30 08:55:39 | INFO | fipe | Extraindo 6 -> Audi -> {'code': '74', 'name': 'A4 1.8 Tip./ Multitronic Turbo'} -> {'code': '2001-1', 'name': '2001 Gasolina'}
2026-01-30 08:55:39 | INFO | fipe | Gravando json para 6 -> Audi -> {'code': '74', 'name': 'A4 1.8 Tip./ Multitronic Turbo'} -> {'code': '2001-1', 'name': '2001 Gasolina'} -> {'TipoVeiculo': 1, 'Valor': 'R$ 24.342,00', 'Marca': 'Audi', 'Modelo': 'A4 1.8 Tip./ Multitronic Turbo', 'AnoModelo': 2001, 'Combustivel': 'Gasolina', 'CodigoFipe': '008008-0', 'MesReferencia': 'janeiro de 2026', 'SiglaCombustivel': 'G'}
2026-01-30 08:55:39 | INFO | fipe | Gravado
2026-01-30 08:55:40 | INFO | fipe | Extraindo 6 -> Audi -> {'code': '74', 'name': 'A4 1.8 Tip./ Multitronic Turbo'} -> {'code': '2000-1', 'name': '2000 Gasolina'}
2026-01-30 08:55:40 | INFO | fipe | Gravando json para 6 -> Audi -> {'code': '74', 'name': 'A4 1.8 Tip./ Multitronic Turbo'} -> {'code': '2000-1', 'name': '2000 Gasolina'} -> {'TipoVeiculo': 1, 'Valor': 'R$ 19.172,00', 'Marca': 'Audi', 'Modelo': 'A4 1.8 Tip./ Multitronic Turbo', 'AnoModelo': 2000, 'Combustivel': 'Gasolina', 'CodigoFipe': '008008-0', 'MesReferencia': 'janeiro de 2026', 'SiglaCombustivel': 'G'}
2026-01-30 08:55:40 | INFO | fipe | Gravado
2026-01-30 08:55:41 | INFO | fipe | Extraindo 6 -> Audi -> {'code': '74', 'name': 'A4 1.8 Tip./ Multitronic Turbo'} -> {'code': '1999-1', 'name': '1999 Gasolina'}
2026-01-30 08:55:41 | ERROR | fipe | Não gravou 6 -> Audi -> {'code': '74', 'name': 'A4 1.8 Tip./ Multitronic Turbo'} -> {'code': '1999-1', 'name': '1999 Gasolina'} -> 
2026-01-30 08:55:41 | INFO | fipe | Extraindo 6 -> Audi -> {'code': '74', 'name': 'A4 1.8 Tip./ Multitronic Turbo'} -> {'code': '1998-1', 'name': '1998 Gasolina'}
2026-01-30 08:55:42 | ERROR | fipe | Não gravou 6 -> Audi -> {'code': '74', 'name': 'A4 1.8 Tip./ Multitronic Turbo'} -> {'code': '1998-1', 'name': '1998 Gasolina'} -> 
2026-01-30 08:55:42 | INFO | fipe | Extraindo 6 -> Audi -> {'code': '74', 'name': 'A4 1.8 Tip./ Multitronic Turbo'} -> {'code': '1997-1', 'name': '1997 Gasolina'}
2026-01-30 08:55:42 | ERROR | fipe | Não gravou 6 -> Audi -> {'code': '74', 'name': 'A4 1.8 Tip./ Multitronic Turbo'} -> {'code': '1997-1', 'name': '1997 Gasolina'} -> 
2026-01-30 08:55:42 | INFO | fipe | Extraindo 6 -> Audi -> {'code': '74', 'name': 'A4 1.8 Tip./ Multitronic Turbo'} -> {'code': '1996-1', 'name': '1996 Gasolina'}
2026-01-30 08:55:43 | ERROR | fipe | Não gravou 6 -> Audi -> {'code': '74', 'name': 'A4 1.8 Tip./ Multitronic Turbo'} -> {'code': '1996-1', 'name': '1996 Gasolina'} -> 
2026-01-30 08:55:43 | INFO | fipe | Extraindo 6 -> Audi -> {'code': '74', 'name': 'A4 1.8 Tip./ Multitronic Turbo'} -> {'code': '1995-1', 'name': '1995 Gasolina'}
2026-01-30 08:55:43 | ERROR | fipe | Não gravou 6 -> Audi -> {'code': '74', 'name': 'A4 1.8 Tip./ Multitronic Turbo'} -> {'code': '1995-1', 'name': '1995 Gasolina'} -> 
2026-01-30 08:55:43 | INFO | fipe | Extraindo 6 -> Audi -> {'code': '75', 'name': 'A4 1.8 Turbo'}
2026-01-30 08:55:44 | INFO | fipe | Extraindo 6 -> Audi -> {'code': '75', 'name': 'A4 1.8 Turbo'} -> {'code': '2001-1', 'name': '2001 Gasolina'}
2026-01-30 08:55:44 | INFO | fipe | Gravando json para 6 -> Audi -> {'code': '75', 'name': 'A4 1.8 Turbo'} -> {'code': '2001-1', 'name': '2001 Gasolina'} -> {'TipoVeiculo': 1, 'Valor': 'R$ 23.918,00', 'Marca': 'Audi', 'Modelo': 'A4 1.8 Turbo', 'AnoModelo': 2001, 'Combustivel': 'Gasolina', 'CodigoFipe': '008070-5', 'MesReferencia': 'janeiro de 2026', 'SiglaCombustivel': 'G'}
2026-01-30 08:55:44 | INFO | fipe | Gravado
2026-01-30 08:55:45 | INFO | fipe | Extraindo 6 -> Audi -> {'code': '75', 'name': 'A4 1.8 Turbo'} -> {'code': '2000-1', 'name': '2000 Gasolina'}
2026-01-30 08:55:45 | INFO | fipe | Gravando json para 6 -> Audi -> {'code': '75', 'name': 'A4 1.8 Turbo'} -> {'code': '2000-1', 'name': '2000 Gasolina'} -> {'TipoVeiculo': 1, 'Valor': 'R$ 23.334,00', 'Marca': 'Audi', 'Modelo': 'A4 1.8 Turbo', 'AnoModelo': 2000, 'Combustivel': 'Gasolina', 'CodigoFipe': '008070-5', 'MesReferencia': 'janeiro de 2026', 'SiglaCombustivel': 'G'}
2026-01-30 08:55:45 | INFO | fipe | Gravado
2026-01-30 08:55:46 | INFO | fipe | Extraindo 6 -> Audi -> {'code': '75', 'name': 'A4 1.8 Turbo'} -> {'code': '1999-1', 'name': '1999 Gasolina'}
2026-01-30 08:55:46 | ERROR | fipe | Não gravou 6 -> Audi -> {'code': '75', 'name': 'A4 1.8 Turbo'} -> {'code': '1999-1', 'name': '1999 Gasolina'} -> 
2026-01-30 08:55:46 | INFO | fipe | Extraindo 6 -> Audi -> {'code': '75', 'name': 'A4 1.8 Turbo'} -> {'code': '1998-1', 'name': '1998 Gasolina'}
2026-01-30 08:55:47 | ERROR | fipe | Não gravou 6 -> Audi -> {'code': '75', 'name': 'A4 1.8 Turbo'} -> {'code': '1998-1', 'name': '1998 Gasolina'} -> 
2026-01-30 08:55:47 | INFO | fipe | Extraindo 6 -> Audi -> {'code': '75', 'name': 'A4 1.8 Turbo'} -> {'code': '1997-1', 'name': '1997 Gasolina'}
2026-01-30 08:55:47 | ERROR | fipe | Não gravou 6 -> Audi -> {'code': '75', 'name': 'A4 1.8 Turbo'} -> {'code': '1997-1', 'name': '1997 Gasolina'} -> 
2026-01-30 08:55:47 | INFO | fipe | Extraindo 6 -> Audi -> {'code': '75', 'name': 'A4 1.8 Turbo'} -> {'code': '1996-1', 'name': '1996 Gasolina'}
2026-01-30 08:55:48 | ERROR | fipe | Não gravou 6 -> Audi -> {'code': '75', 'name': 'A4 1.8 Turbo'} -> {'code': '1996-1', 'name': '1996 Gasolina'} -> 
2026-01-30 08:55:48 | INFO | fipe | Extraindo 6 -> Audi -> {'code': '75', 'name': 'A4 1.8 Turbo'} -> {'code': '1995-1', 'name': '1995 Gasolina'}
2026-01-30 08:55:48 | ERROR | fipe | Não gravou 6 -> Audi -> {'code': '75', 'name': 'A4 1.8 Turbo'} -> {'code': '1995-1', 'name': '1995 Gasolina'} -> 
2026-01-30 08:55:48 | INFO | fipe | Extraindo 6 -> Audi -> {'code': '4843', 'name': 'A4 2.0 16V TFSI 183/180cv Multitronic'}
2026-01-30 08:55:49 | INFO | fipe | Extraindo 6 -> Audi -> {'code': '4843', 'name': 'A4 2.0 16V TFSI 183/180cv Multitronic'} -> {'code': '2014-1', 'name': '2014 Gasolina'}
2026-01-30 08:55:49 | INFO | fipe | Gravando json para 6 -> Audi -> {'code': '4843', 'name': 'A4 2.0 16V TFSI 183/180cv Multitronic'} -> {'code': '2014-1', 'name': '2014 Gasolina'} -> {'TipoVeiculo': 1, 'Valor': 'R$ 72.385,00', 'Marca': 'Audi', 'Modelo': 'A4 2.0 16V TFSI 183/180cv Multitronic', 'AnoModelo': 2014, 'Combustivel': 'Gasolina', 'CodigoFipe': '008132-9', 'MesReferencia': 'janeiro de 2026', 'SiglaCombustivel': 'G'}
2026-01-30 08:55:49 | INFO | fipe | Gravado
2026-01-30 08:55:50 | INFO | fipe | Extraindo 6 -> Audi -> {'code': '4843', 'name': 'A4 2.0 16V TFSI 183/180cv Multitronic'} -> {'code': '2013-1', 'name': '2013 Gasolina'}
2026-01-30 08:55:50 | INFO | fipe | Gravando json para 6 -> Audi -> {'code': '4843', 'name': 'A4 2.0 16V TFSI 183/180cv Multitronic'} -> {'code': '2013-1', 'name': '2013 Gasolina'} -> {'TipoVeiculo': 1, 'Valor': 'R$ 67.902,00', 'Marca': 'Audi', 'Modelo': 'A4 2.0 16V TFSI 183/180cv Multitronic', 'AnoModelo': 2013, 'Combustivel': 'Gasolina', 'CodigoFipe': '008132-9', 'MesReferencia': 'janeiro de 2026', 'SiglaCombustivel': 'G'}
2026-01-30 08:55:50 | INFO | fipe | Gravado
2026-01-30 08:55:51 | INFO | fipe | Extraindo 6 -> Audi -> {'code': '4843', 'name': 'A4 2.0 16V TFSI 183/180cv Multitronic'} -> {'code': '2012-1', 'name': '2012 Gasolina'}
2026-01-30 08:55:52 | INFO | fipe | Gravando json para 6 -> Audi -> {'code': '4843', 'name': 'A4 2.0 16V TFSI 183/180cv Multitronic'} -> {'code': '2012-1', 'name': '2012 Gasolina'} -> {'TipoVeiculo': 1, 'Valor': 'R$ 64.145,00', 'Marca': 'Audi', 'Modelo': 'A4 2.0 16V TFSI 183/180cv Multitronic', 'AnoModelo': 2012, 'Combustivel': 'Gasolina', 'CodigoFipe': '008132-9', 'MesReferencia': 'janeiro de 2026', 'SiglaCombustivel': 'G'}
2026-01-30 08:55:52 | INFO | fipe | Gravado
2026-01-30 08:55:52 | INFO | fipe | Extraindo 6 -> Audi -> {'code': '4843', 'name': 'A4 2.0 16V TFSI 183/180cv Multitronic'} -> {'code': '2011-1', 'name': '2011 Gasolina'}
2026-01-30 08:55:53 | INFO | fipe | Gravando json para 6 -> Audi -> {'code': '4843', 'name': 'A4 2.0 16V TFSI 183/180cv Multitronic'} -> {'code': '2011-1', 'name': '2011 Gasolina'} -> {'TipoVeiculo': 1, 'Valor': 'R$ 56.481,00', 'Marca': 'Audi', 'Modelo': 'A4 2.0 16V TFSI 183/180cv Multitronic', 'AnoModelo': 2011, 'Combustivel': 'Gasolina', 'CodigoFipe': '008132-9', 'MesReferencia': 'janeiro de 2026', 'SiglaCombustivel': 'G'}
2026-01-30 08:55:53 | INFO | fipe | Gravado
2026-01-30 08:55:53 | INFO | fipe | Extraindo 6 -> Audi -> {'code': '4843', 'name': 'A4 2.0 16V TFSI 183/180cv Multitronic'} -> {'code': '2010-1', 'name': '2010 Gasolina'}
2026-01-30 08:55:54 | INFO | fipe | Gravando json para 6 -> Audi -> {'code': '4843', 'name': 'A4 2.0 16V TFSI 183/180cv Multitronic'} -> {'code': '2010-1', 'name': '2010 Gasolina'} -> {'TipoVeiculo': 1, 'Valor': 'R$ 50.841,00', 'Marca': 'Audi', 'Modelo': 'A4 2.0 16V TFSI 183/180cv Multitronic', 'AnoModelo': 2010, 'Combustivel': 'Gasolina', 'CodigoFipe': '008132-9', 'MesReferencia': 'janeiro de 2026', 'SiglaCombustivel': 'G'}
2026-01-30 08:55:54 | INFO | fipe | Gravado
2026-01-30 08:55:54 | INFO | fipe | Extraindo 6 -> Audi -> {'code': '4843', 'name': 'A4 2.0 16V TFSI 183/180cv Multitronic'} -> {'code': '2009-1', 'name': '2009 Gasolina'}
2026-01-30 08:55:55 | INFO | fipe | Gravando json para 6 -> Audi -> {'code': '4843', 'name': 'A4 2.0 16V TFSI 183/180cv Multitronic'} -> {'code': '2009-1', 'name': '2009 Gasolina'} -> {'TipoVeiculo': 1, 'Valor': 'R$ 45.122,00', 'Marca': 'Audi', 'Modelo': 'A4 2.0 16V TFSI 183/180cv Multitronic', 'AnoModelo': 2009, 'Combustivel': 'Gasolina', 'CodigoFipe': '008132-9', 'MesReferencia': 'janeiro de 2026', 'SiglaCombustivel': 'G'}
2026-01-30 08:55:55 | INFO | fipe | Gravado
2026-01-30 08:55:55 | INFO | fipe | Extraindo 6 -> Audi -> {'code': '4182', 'name': 'A4 2.0 16V TFSI 200/ 214cv Multitronic'}
2026-01-30 08:55:55 | INFO | fipe | Extraindo 6 -> Audi -> {'code': '4182', 'name': 'A4 2.0 16V TFSI 200/ 214cv Multitronic'} -> {'code': '2011-1', 'name': '2011 Gasolina'}
2026-01-30 08:55:56 | INFO | fipe | Gravando json para 6 -> Audi -> {'code': '4182', 'name': 'A4 2.0 16V TFSI 200/ 214cv Multitronic'} -> {'code': '2011-1', 'name': '2011 Gasolina'} -> {'TipoVeiculo': 1, 'Valor': 'R$ 60.938,00', 'Marca': 'Audi', 'Modelo': 'A4 2.0 16V TFSI 200/ 214cv Multitronic', 'AnoModelo': 2011, 'Combustivel': 'Gasolina', 'CodigoFipe': '008120-5', 'MesReferencia': 'janeiro de 2026', 'SiglaCombustivel': 'G'}
2026-01-30 08:55:56 | INFO | fipe | Gravado
2026-01-30 08:55:57 | INFO | fipe | Extraindo 6 -> Audi -> {'code': '4182', 'name': 'A4 2.0 16V TFSI 200/ 214cv Multitronic'} -> {'code': '2010-1', 'name': '2010 Gasolina'}
2026-01-30 08:55:57 | INFO | fipe | Gravando json para 6 -> Audi -> {'code': '4182', 'name': 'A4 2.0 16V TFSI 200/ 214cv Multitronic'} -> {'code': '2010-1', 'name': '2010 Gasolina'} -> {'TipoVeiculo': 1, 'Valor': 'R$ 52.492,00', 'Marca': 'Audi', 'Modelo': 'A4 2.0 16V TFSI 200/ 214cv Multitronic', 'AnoModelo': 2010, 'Combustivel': 'Gasolina', 'CodigoFipe': '008120-5', 'MesReferencia': 'janeiro de 2026', 'SiglaCombustivel': 'G'}
2026-01-30 08:55:57 | INFO | fipe | Gravado
2026-01-30 08:55:58 | INFO | fipe | Extraindo 6 -> Audi -> {'code': '4182', 'name': 'A4 2.0 16V TFSI 200/ 214cv Multitronic'} -> {'code': '2009-1', 'name': '2009 Gasolina'}
2026-01-30 08:55:58 | INFO | fipe | Gravando json para 6 -> Audi -> {'code': '4182', 'name': 'A4 2.0 16V TFSI 200/ 214cv Multitronic'} -> {'code': '2009-1', 'name': '2009 Gasolina'} -> {'TipoVeiculo': 1, 'Valor': 'R$ 51.211,00', 'Marca': 'Audi', 'Modelo': 'A4 2.0 16V TFSI 200/ 214cv Multitronic', 'AnoModelo': 2009, 'Combustivel': 'Gasolina', 'CodigoFipe': '008120-5', 'MesReferencia': 'janeiro de 2026', 'SiglaCombustivel': 'G'}
2026-01-30 08:55:58 | INFO | fipe | Gravado
2026-01-30 08:55:59 | INFO | fipe | Extraindo 6 -> Audi -> {'code': '4182', 'name': 'A4 2.0 16V TFSI 200/ 214cv Multitronic'} -> {'code': '2008-1', 'name': '2008 Gasolina'}
2026-01-30 08:55:59 | INFO | fipe | Gravando json para 6 -> Audi -> {'code': '4182', 'name': 'A4 2.0 16V TFSI 200/ 214cv Multitronic'} -> {'code': '2008-1', 'name': '2008 Gasolina'} -> {'TipoVeiculo': 1, 'Valor': 'R$ 49.832,00', 'Marca': 'Audi', 'Modelo': 'A4 2.0 16V TFSI 200/ 214cv Multitronic', 'AnoModelo': 2008, 'Combustivel': 'Gasolina', 'CodigoFipe': '008120-5', 'MesReferencia': 'janeiro de 2026', 'SiglaCombustivel': 'G'}
2026-01-30 08:55:59 | INFO | fipe | Gravado
2026-01-30 08:56:00 | INFO | fipe | Extraindo 6 -> Audi -> {'code': '4182', 'name': 'A4 2.0 16V TFSI 200/ 214cv Multitronic'} -> {'code': '2007-1', 'name': '2007 Gasolina'}
2026-01-30 08:56:01 | INFO | fipe | Gravando json para 6 -> Audi -> {'code': '4182', 'name': 'A4 2.0 16V TFSI 200/ 214cv Multitronic'} -> {'code': '2007-1', 'name': '2007 Gasolina'} -> {'TipoVeiculo': 1, 'Valor': 'R$ 45.707,00', 'Marca': 'Audi', 'Modelo': 'A4 2.0 16V TFSI 200/ 214cv Multitronic', 'AnoModelo': 2007, 'Combustivel': 'Gasolina', 'CodigoFipe': '008120-5', 'MesReferencia': 'janeiro de 2026', 'SiglaCombustivel': 'G'}
2026-01-30 08:56:01 | INFO | fipe | Gravado
2026-01-30 08:56:01 | INFO | fipe | Extraindo 6 -> Audi -> {'code': '6144', 'name': 'A4 2.0 16V TFSI Quattro Stronic'}
2026-01-30 08:56:01 | INFO | fipe | Extraindo 6 -> Audi -> {'code': '6144', 'name': 'A4 2.0 16V TFSI Quattro Stronic'} -> {'code': '2014-1', 'name': '2014 Gasolina'}
2026-01-30 08:56:02 | INFO | fipe | Gravando json para 6 -> Audi -> {'code': '6144', 'name': 'A4 2.0 16V TFSI Quattro Stronic'} -> {'code': '2014-1', 'name': '2014 Gasolina'} -> {'TipoVeiculo': 1, 'Valor': 'R$ 69.024,00', 'Marca': 'Audi', 'Modelo': 'A4 2.0 16V TFSI Quattro Stronic', 'AnoModelo': 2014, 'Combustivel': 'Gasolina', 'CodigoFipe': '008170-1', 'MesReferencia': 'janeiro de 2026', 'SiglaCombustivel': 'G'}
2026-01-30 08:56:02 | INFO | fipe | Gravado
2026-01-30 08:56:03 | INFO | fipe | Extraindo 6 -> Audi -> {'code': '6144', 'name': 'A4 2.0 16V TFSI Quattro Stronic'} -> {'code': '2013-1', 'name': '2013 Gasolina'}
2026-01-30 08:56:03 | INFO | fipe | Gravando json para 6 -> Audi -> {'code': '6144', 'name': 'A4 2.0 16V TFSI Quattro Stronic'} -> {'code': '2013-1', 'name': '2013 Gasolina'} -> {'TipoVeiculo': 1, 'Valor': 'R$ 67.340,00', 'Marca': 'Audi', 'Modelo': 'A4 2.0 16V TFSI Quattro Stronic', 'AnoModelo': 2013, 'Combustivel': 'Gasolina', 'CodigoFipe': '008170-1', 'MesReferencia': 'janeiro de 2026', 'SiglaCombustivel': 'G'}
2026-01-30 08:56:03 | INFO | fipe | Gravado
2026-01-30 08:56:04 | INFO | fipe | Extraindo 6 -> Audi -> {'code': '76', 'name': 'A4 2.0 20V 130cv Multitronic 4p'}
2026-01-30 08:56:04 | INFO | fipe | Extraindo 6 -> Audi -> {'code': '76', 'name': 'A4 2.0 20V 130cv Multitronic 4p'} -> {'code': '2003-1', 'name': '2003 Gasolina'}
2026-01-30 08:56:05 | INFO | fipe | Gravando json para 6 -> Audi -> {'code': '76', 'name': 'A4 2.0 20V 130cv Multitronic 4p'} -> {'code': '2003-1', 'name': '2003 Gasolina'} -> {'TipoVeiculo': 1, 'Valor': 'R$ 23.407,00', 'Marca': 'Audi', 'Modelo': 'A4 2.0 20V 130cv Multitronic 4p', 'AnoModelo': 2003, 'Combustivel': 'Gasolina', 'CodigoFipe': '008101-9', 'MesReferencia': 'janeiro de 2026', 'SiglaCombustivel': 'G'}
2026-01-30 08:56:05 | INFO | fipe | Gravado
2026-01-30 08:56:05 | INFO | fipe | Extraindo 6 -> Audi -> {'code': '76', 'name': 'A4 2.0 20V 130cv Multitronic 4p'} -> {'code': '2002-1', 'name': '2002 Gasolina'}
2026-01-30 08:56:06 | INFO | fipe | Gravando json para 6 -> Audi -> {'code': '76', 'name': 'A4 2.0 20V 130cv Multitronic 4p'} -> {'code': '2002-1', 'name': '2002 Gasolina'} -> {'TipoVeiculo': 1, 'Valor': 'R$ 22.079,00', 'Marca': 'Audi', 'Modelo': 'A4 2.0 20V 130cv Multitronic 4p', 'AnoModelo': 2002, 'Combustivel': 'Gasolina', 'CodigoFipe': '008101-9', 'MesReferencia': 'janeiro de 2026', 'SiglaCombustivel': 'G'}
2026-01-30 08:56:06 | INFO | fipe | Gravado
2026-01-30 08:56:06 | INFO | fipe | Extraindo 6 -> Audi -> {'code': '6145', 'name': 'A4 2.0 Avant 16V TFSI Quattro Stronic'}
2026-01-30 08:56:06 | INFO | fipe | Extraindo 6 -> Audi -> {'code': '6145', 'name': 'A4 2.0 Avant 16V TFSI Quattro Stronic'} -> {'code': '2014-1', 'name': '2014 Gasolina'}
2026-01-30 08:56:07 | INFO | fipe | Gravando json para 6 -> Audi -> {'code': '6145', 'name': 'A4 2.0 Avant 16V TFSI Quattro Stronic'} -> {'code': '2014-1', 'name': '2014 Gasolina'} -> {'TipoVeiculo': 1, 'Valor': 'R$ 78.688,00', 'Marca': 'Audi', 'Modelo': 'A4 2.0 Avant 16V TFSI Quattro Stronic', 'AnoModelo': 2014, 'Combustivel': 'Gasolina', 'CodigoFipe': '008171-0', 'MesReferencia': 'janeiro de 2026', 'SiglaCombustivel': 'G'}
2026-01-30 08:56:07 | INFO | fipe | Gravado
2026-01-30 08:56:08 | INFO | fipe | Extraindo 6 -> Audi -> {'code': '6145', 'name': 'A4 2.0 Avant 16V TFSI Quattro Stronic'} -> {'code': '2013-1', 'name': '2013 Gasolina'}
2026-01-30 08:56:08 | INFO | fipe | Gravando json para 6 -> Audi -> {'code': '6145', 'name': 'A4 2.0 Avant 16V TFSI Quattro Stronic'} -> {'code': '2013-1', 'name': '2013 Gasolina'} -> {'TipoVeiculo': 1, 'Valor': 'R$ 76.768,00', 'Marca': 'Audi', 'Modelo': 'A4 2.0 Avant 16V TFSI Quattro Stronic', 'AnoModelo': 2013, 'Combustivel': 'Gasolina', 'CodigoFipe': '008171-0', 'MesReferencia': 'janeiro de 2026', 'SiglaCombustivel': 'G'}
2026-01-30 08:56:08 | INFO | fipe | Gravado
2026-01-30 08:56:09 | INFO | fipe | Extraindo 6 -> Audi -> {'code': '7750', 'name': 'A4 2.0 Avant Ambie. 2.0 16V TFSi S tron.'}
2026-01-30 08:56:09 | INFO | fipe | Extraindo 6 -> Audi -> {'code': '7750', 'name': 'A4 2.0 Avant Ambie. 2.0 16V TFSi S tron.'} -> {'code': '2018-1', 'name': '2018 Gasolina'}
2026-01-30 08:56:09 | INFO | fipe | Gravando json para 6 -> Audi -> {'code': '7750', 'name': 'A4 2.0 Avant Ambie. 2.0 16V TFSi S tron.'} -> {'code': '2018-1', 'name': '2018 Gasolina'} -> {'TipoVeiculo': 1, 'Valor': 'R$ 130.321,00', 'Marca': 'Audi', 'Modelo': 'A4 2.0 Avant Ambie. 2.0 16V TFSi S tron.', 'AnoModelo': 2018, 'Combustivel': 'Gasolina', 'CodigoFipe': '008211-2', 'MesReferencia': 'janeiro de 2026', 'SiglaCombustivel': 'G'}
2026-01-30 08:56:09 | INFO | fipe | Gravado
2026-01-30 08:56:10 | INFO | fipe | Extraindo 6 -> Audi -> {'code': '7750', 'name': 'A4 2.0 Avant Ambie. 2.0 16V TFSi S tron.'} -> {'code': '2017-1', 'name': '2017 Gasolina'}
2026-01-30 08:56:11 | INFO | fipe | Gravando json para 6 -> Audi -> {'code': '7750', 'name': 'A4 2.0 Avant Ambie. 2.0 16V TFSi S tron.'} -> {'code': '2017-1', 'name': '2017 Gasolina'} -> {'TipoVeiculo': 1, 'Valor': 'R$ 127.142,00', 'Marca': 'Audi', 'Modelo': 'A4 2.0 Avant Ambie. 2.0 16V TFSi S tron.', 'AnoModelo': 2017, 'Combustivel': 'Gasolina', 'CodigoFipe': '008211-2', 'MesReferencia': 'janeiro de 2026', 'SiglaCombustivel': 'G'}
2026-01-30 08:56:11 | INFO | fipe | Gravado
2026-01-30 08:56:11 | INFO | fipe | Extraindo 6 -> Audi -> {'code': '4844', 'name': 'A4 2.0 Avant TFSI 183/180cv Multitroni'}
2026-01-30 08:56:11 | INFO | fipe | Extraindo 6 -> Audi -> {'code': '4844', 'name': 'A4 2.0 Avant TFSI 183/180cv Multitroni'} -> {'code': '2014-1', 'name': '2014 Gasolina'}
2026-01-30 08:56:12 | INFO | fipe | Gravando json para 6 -> Audi -> {'code': '4844', 'name': 'A4 2.0 Avant TFSI 183/180cv Multitroni'} -> {'code': '2014-1', 'name': '2014 Gasolina'} -> {'TipoVeiculo': 1, 'Valor': 'R$ 74.614,00', 'Marca': 'Audi', 'Modelo': 'A4 2.0 Avant TFSI 183/180cv Multitroni', 'AnoModelo': 2014, 'Combustivel': 'Gasolina', 'CodigoFipe': '008133-7', 'MesReferencia': 'janeiro de 2026', 'SiglaCombustivel': 'G'}
2026-01-30 08:56:12 | INFO | fipe | Gravado
2026-01-30 08:56:12 | INFO | fipe | Extraindo 6 -> Audi -> {'code': '4844', 'name': 'A4 2.0 Avant TFSI 183/180cv Multitroni'} -> {'code': '2013-1', 'name': '2013 Gasolina'}
2026-01-30 08:56:13 | INFO | fipe | Gravando json para 6 -> Audi -> {'code': '4844', 'name': 'A4 2.0 Avant TFSI 183/180cv Multitroni'} -> {'code': '2013-1', 'name': '2013 Gasolina'} -> {'TipoVeiculo': 1, 'Valor': 'R$ 72.659,00', 'Marca': 'Audi', 'Modelo': 'A4 2.0 Avant TFSI 183/180cv Multitroni', 'AnoModelo': 2013, 'Combustivel': 'Gasolina', 'CodigoFipe': '008133-7', 'MesReferencia': 'janeiro de 2026', 'SiglaCombustivel': 'G'}
2026-01-30 08:56:13 | INFO | fipe | Gravado
2026-01-30 08:56:13 | INFO | fipe | Extraindo 6 -> Audi -> {'code': '4844', 'name': 'A4 2.0 Avant TFSI 183/180cv Multitroni'} -> {'code': '2012-1', 'name': '2012 Gasolina'}
2026-01-30 08:56:14 | INFO | fipe | Gravando json para 6 -> Audi -> {'code': '4844', 'name': 'A4 2.0 Avant TFSI 183/180cv Multitroni'} -> {'code': '2012-1', 'name': '2012 Gasolina'} -> {'TipoVeiculo': 1, 'Valor': 'R$ 64.783,00', 'Marca': 'Audi', 'Modelo': 'A4 2.0 Avant TFSI 183/180cv Multitroni', 'AnoModelo': 2012, 'Combustivel': 'Gasolina', 'CodigoFipe': '008133-7', 'MesReferencia': 'janeiro de 2026', 'SiglaCombustivel': 'G'}
2026-01-30 08:56:14 | INFO | fipe | Gravado
2026-01-30 08:56:15 | INFO | fipe | Extraindo 6 -> Audi -> {'code': '4844', 'name': 'A4 2.0 Avant TFSI 183/180cv Multitroni'} -> {'code': '2011-1', 'name': '2011 Gasolina'}
2026-01-30 08:56:15 | INFO | fipe | Gravando json para 6 -> Audi -> {'code': '4844', 'name': 'A4 2.0 Avant TFSI 183/180cv Multitroni'} -> {'code': '2011-1', 'name': '2011 Gasolina'} -> {'TipoVeiculo': 1, 'Valor': 'R$ 60.143,00', 'Marca': 'Audi', 'Modelo': 'A4 2.0 Avant TFSI 183/180cv Multitroni', 'AnoModelo': 2011, 'Combustivel': 'Gasolina', 'CodigoFipe': '008133-7', 'MesReferencia': 'janeiro de 2026', 'SiglaCombustivel': 'G'}
2026-01-30 08:56:15 | INFO | fipe | Gravado
2026-01-30 08:56:16 | INFO | fipe | Extraindo 6 -> Audi -> {'code': '4844', 'name': 'A4 2.0 Avant TFSI 183/180cv Multitroni'} -> {'code': '2010-1', 'name': '2010 Gasolina'}
2026-01-30 08:56:16 | INFO | fipe | Gravando json para 6 -> Audi -> {'code': '4844', 'name': 'A4 2.0 Avant TFSI 183/180cv Multitroni'} -> {'code': '2010-1', 'name': '2010 Gasolina'} -> {'TipoVeiculo': 1, 'Valor': 'R$ 58.676,00', 'Marca': 'Audi', 'Modelo': 'A4 2.0 Avant TFSI 183/180cv Multitroni', 'AnoModelo': 2010, 'Combustivel': 'Gasolina', 'CodigoFipe': '008133-7', 'MesReferencia': 'janeiro de 2026', 'SiglaCombustivel': 'G'}
2026-01-30 08:56:16 | INFO | fipe | Gravado
2026-01-30 08:56:17 | INFO | fipe | Extraindo 6 -> Audi -> {'code': '4844', 'name': 'A4 2.0 Avant TFSI 183/180cv Multitroni'} -> {'code': '2009-1', 'name': '2009 Gasolina'}
2026-01-30 08:56:17 | INFO | fipe | Gravando json para 6 -> Audi -> {'code': '4844', 'name': 'A4 2.0 Avant TFSI 183/180cv Multitroni'} -> {'code': '2009-1', 'name': '2009 Gasolina'} -> {'TipoVeiculo': 1, 'Valor': 'R$ 55.032,00', 'Marca': 'Audi', 'Modelo': 'A4 2.0 Avant TFSI 183/180cv Multitroni', 'AnoModelo': 2009, 'Combustivel': 'Gasolina', 'CodigoFipe': '008133-7', 'MesReferencia': 'janeiro de 2026', 'SiglaCombustivel': 'G'}
2026-01-30 08:56:17 | INFO | fipe | Gravado
2026-01-30 08:56:18 | INFO | fipe | Extraindo 6 -> Audi -> {'code': '4183', 'name': 'A4 2.0 Avant TFSI 200/214cv Multitron.'}
2026-01-30 08:56:18 | INFO | fipe | Extraindo 6 -> Audi -> {'code': '4183', 'name': 'A4 2.0 Avant TFSI 200/214cv Multitron.'} -> {'code': '2011-1', 'name': '2011 Gasolina'}
2026-01-30 08:56:19 | INFO | fipe | Gravando json para 6 -> Audi -> {'code': '4183', 'name': 'A4 2.0 Avant TFSI 200/214cv Multitron.'} -> {'code': '2011-1', 'name': '2011 Gasolina'} -> {'TipoVeiculo': 1, 'Valor': 'R$ 61.400,00', 'Marca': 'Audi', 'Modelo': 'A4 2.0 Avant TFSI 200/214cv Multitron.', 'AnoModelo': 2011, 'Combustivel': 'Gasolina', 'CodigoFipe': '008121-3', 'MesReferencia': 'janeiro de 2026', 'SiglaCombustivel': 'G'}
2026-01-30 08:56:19 | INFO | fipe | Gravado
2026-01-30 08:56:19 | INFO | fipe | Extraindo 6 -> Audi -> {'code': '4183', 'name': 'A4 2.0 Avant TFSI 200/214cv Multitron.'} -> {'code': '2010-1', 'name': '2010 Gasolina'}
2026-01-30 08:56:20 | INFO | fipe | Gravando json para 6 -> Audi -> {'code': '4183', 'name': 'A4 2.0 Avant TFSI 200/214cv Multitron.'} -> {'code': '2010-1', 'name': '2010 Gasolina'} -> {'TipoVeiculo': 1, 'Valor': 'R$ 58.889,00', 'Marca': 'Audi', 'Modelo': 'A4 2.0 Avant TFSI 200/214cv Multitron.', 'AnoModelo': 2010, 'Combustivel': 'Gasolina', 'CodigoFipe': '008121-3', 'MesReferencia': 'janeiro de 2026', 'SiglaCombustivel': 'G'}
2026-01-30 08:56:20 | INFO | fipe | Gravado
2026-01-30 08:56:20 | INFO | fipe | Extraindo 6 -> Audi -> {'code': '4183', 'name': 'A4 2.0 Avant TFSI 200/214cv Multitron.'} -> {'code': '2009-1', 'name': '2009 Gasolina'}
2026-01-30 08:56:21 | INFO | fipe | Gravando json para 6 -> Audi -> {'code': '4183', 'name': 'A4 2.0 Avant TFSI 200/214cv Multitron.'} -> {'code': '2009-1', 'name': '2009 Gasolina'} -> {'TipoVeiculo': 1, 'Valor': 'R$ 56.070,00', 'Marca': 'Audi', 'Modelo': 'A4 2.0 Avant TFSI 200/214cv Multitron.', 'AnoModelo': 2009, 'Combustivel': 'Gasolina', 'CodigoFipe': '008121-3', 'MesReferencia': 'janeiro de 2026', 'SiglaCombustivel': 'G'}
2026-01-30 08:56:21 | INFO | fipe | Gravado
2026-01-30 08:56:22 | INFO | fipe | Extraindo 6 -> Audi -> {'code': '4183', 'name': 'A4 2.0 Avant TFSI 200/214cv Multitron.'} -> {'code': '2008-1', 'name': '2008 Gasolina'}
2026-01-30 08:56:22 | INFO | fipe | Gravando json para 6 -> Audi -> {'code': '4183', 'name': 'A4 2.0 Avant TFSI 200/214cv Multitron.'} -> {'code': '2008-1', 'name': '2008 Gasolina'} -> {'TipoVeiculo': 1, 'Valor': 'R$ 51.385,00', 'Marca': 'Audi', 'Modelo': 'A4 2.0 Avant TFSI 200/214cv Multitron.', 'AnoModelo': 2008, 'Combustivel': 'Gasolina', 'CodigoFipe': '008121-3', 'MesReferencia': 'janeiro de 2026', 'SiglaCombustivel': 'G'}
2026-01-30 08:56:22 | INFO | fipe | Gravado
2026-01-30 08:56:23 | INFO | fipe | Extraindo 6 -> Audi -> {'code': '4183', 'name': 'A4 2.0 Avant TFSI 200/214cv Multitron.'} -> {'code': '2007-1', 'name': '2007 Gasolina'}
2026-01-30 08:56:23 | INFO | fipe | Gravando json para 6 -> Audi -> {'code': '4183', 'name': 'A4 2.0 Avant TFSI 200/214cv Multitron.'} -> {'code': '2007-1', 'name': '2007 Gasolina'} -> {'TipoVeiculo': 1, 'Valor': 'R$ 46.379,00', 'Marca': 'Audi', 'Modelo': 'A4 2.0 Avant TFSI 200/214cv Multitron.', 'AnoModelo': 2007, 'Combustivel': 'Gasolina', 'CodigoFipe': '008121-3', 'MesReferencia': 'janeiro de 2026', 'SiglaCombustivel': 'G'}
2026-01-30 08:56:23 | INFO | fipe | Gravado
2026-01-30 08:56:24 | INFO | fipe | Extraindo 6 -> Audi -> {'code': '77', 'name': 'A4 2.4 30V Avant Mec.'}
2026-01-30 08:56:24 | INFO | fipe | Extraindo 6 -> Audi -> {'code': '77', 'name': 'A4 2.4 30V Avant Mec.'} -> error
2026-01-30 08:56:24 | ERROR | fipe | Erro ao buscar dados 6 -> Audi -> {'code': '77', 'name': 'A4 2.4 30V Avant Mec.'} -> error
2026-01-30 08:56:24 | INFO | fipe | Extraindo 6 -> Audi -> {'code': '78', 'name': 'A4 2.4 30V Avant Tip./Multitronic'}
2026-01-30 08:56:25 | INFO | fipe | Extraindo 6 -> Audi -> {'code': '78', 'name': 'A4 2.4 30V Avant Tip./Multitronic'} -> {'code': '2003-1', 'name': '2003 Gasolina'}
2026-01-30 08:56:25 | INFO | fipe | Gravando json para 6 -> Audi -> {'code': '78', 'name': 'A4 2.4 30V Avant Tip./Multitronic'} -> {'code': '2003-1', 'name': '2003 Gasolina'} -> {'TipoVeiculo': 1, 'Valor': 'R$ 43.134,00', 'Marca': 'Audi', 'Modelo': 'A4 2.4 30V Avant Tip./Multitronic', 'AnoModelo': 2003, 'Combustivel': 'Gasolina', 'CodigoFipe': '008021-7', 'MesReferencia': 'janeiro de 2026', 'SiglaCombustivel': 'G'}
2026-01-30 08:56:25 | INFO | fipe | Gravado
2026-01-30 08:56:26 | INFO | fipe | Extraindo 6 -> Audi -> {'code': '78', 'name': 'A4 2.4 30V Avant Tip./Multitronic'} -> {'code': '2002-1', 'name': '2002 Gasolina'}
2026-01-30 08:56:26 | INFO | fipe | Gravando json para 6 -> Audi -> {'code': '78', 'name': 'A4 2.4 30V Avant Tip./Multitronic'} -> {'code': '2002-1', 'name': '2002 Gasolina'} -> {'TipoVeiculo': 1, 'Valor': 'R$ 40.020,00', 'Marca': 'Audi', 'Modelo': 'A4 2.4 30V Avant Tip./Multitronic', 'AnoModelo': 2002, 'Combustivel': 'Gasolina', 'CodigoFipe': '008021-7', 'MesReferencia': 'janeiro de 2026', 'SiglaCombustivel': 'G'}
2026-01-30 08:56:26 | INFO | fipe | Gravado
2026-01-30 08:56:27 | INFO | fipe | Extraindo 6 -> Audi -> {'code': '78', 'name': 'A4 2.4 30V Avant Tip./Multitronic'} -> {'code': '2001-1', 'name': '2001 Gasolina'}
2026-01-30 08:56:27 | INFO | fipe | Gravando json para 6 -> Audi -> {'code': '78', 'name': 'A4 2.4 30V Avant Tip./Multitronic'} -> {'code': '2001-1', 'name': '2001 Gasolina'} -> {'TipoVeiculo': 1, 'Valor': 'R$ 31.173,00', 'Marca': 'Audi', 'Modelo': 'A4 2.4 30V Avant Tip./Multitronic', 'AnoModelo': 2001, 'Combustivel': 'Gasolina', 'CodigoFipe': '008021-7', 'MesReferencia': 'janeiro de 2026', 'SiglaCombustivel': 'G'}
2026-01-30 08:56:27 | INFO | fipe | Gravado
2026-01-30 08:56:28 | INFO | fipe | Extraindo 6 -> Audi -> {'code': '78', 'name': 'A4 2.4 30V Avant Tip./Multitronic'} -> {'code': '2000-1', 'name': '2000 Gasolina'}
2026-01-30 08:56:29 | INFO | fipe | Gravando json para 6 -> Audi -> {'code': '78', 'name': 'A4 2.4 30V Avant Tip./Multitronic'} -> {'code': '2000-1', 'name': '2000 Gasolina'} -> {'TipoVeiculo': 1, 'Valor': 'R$ 25.267,00', 'Marca': 'Audi', 'Modelo': 'A4 2.4 30V Avant Tip./Multitronic', 'AnoModelo': 2000, 'Combustivel': 'Gasolina', 'CodigoFipe': '008021-7', 'MesReferencia': 'janeiro de 2026', 'SiglaCombustivel': 'G'}
2026-01-30 08:56:29 | INFO | fipe | Gravado
2026-01-30 08:56:29 | INFO | fipe | Extraindo 6 -> Audi -> {'code': '78', 'name': 'A4 2.4 30V Avant Tip./Multitronic'} -> {'code': '1999-1', 'name': '1999 Gasolina'}
2026-01-30 08:56:30 | ERROR | fipe | Não gravou 6 -> Audi -> {'code': '78', 'name': 'A4 2.4 30V Avant Tip./Multitronic'} -> {'code': '1999-1', 'name': '1999 Gasolina'} -> 
2026-01-30 08:56:30 | INFO | fipe | Extraindo 6 -> Audi -> {'code': '78', 'name': 'A4 2.4 30V Avant Tip./Multitronic'} -> {'code': '1998-1', 'name': '1998 Gasolina'}
2026-01-30 08:56:30 | ERROR | fipe | Não gravou 6 -> Audi -> {'code': '78', 'name': 'A4 2.4 30V Avant Tip./Multitronic'} -> {'code': '1998-1', 'name': '1998 Gasolina'} -> 
2026-01-30 08:56:30 | INFO | fipe | Extraindo 6 -> Audi -> {'code': '79', 'name': 'A4 2.4 30V Mec.'}
2026-01-30 08:56:30 | INFO | fipe | Extraindo 6 -> Audi -> {'code': '79', 'name': 'A4 2.4 30V Mec.'} -> {'code': '2001-1', 'name': '2001 Gasolina'}
2026-01-30 08:56:31 | INFO | fipe | Gravando json para 6 -> Audi -> {'code': '79', 'name': 'A4 2.4 30V Mec.'} -> {'code': '2001-1', 'name': '2001 Gasolina'} -> {'TipoVeiculo': 1, 'Valor': 'R$ 20.781,00', 'Marca': 'Audi', 'Modelo': 'A4 2.4 30V Mec.', 'AnoModelo': 2001, 'Combustivel': 'Gasolina', 'CodigoFipe': '008018-7', 'MesReferencia': 'janeiro de 2026', 'SiglaCombustivel': 'G'}
2026-01-30 08:56:31 | INFO | fipe | Gravado
2026-01-30 08:56:31 | INFO | fipe | Extraindo 6 -> Audi -> {'code': '79', 'name': 'A4 2.4 30V Mec.'} -> {'code': '2000-1', 'name': '2000 Gasolina'}
2026-01-30 08:56:32 | INFO | fipe | Gravando json para 6 -> Audi -> {'code': '79', 'name': 'A4 2.4 30V Mec.'} -> {'code': '2000-1', 'name': '2000 Gasolina'} -> {'TipoVeiculo': 1, 'Valor': 'R$ 19.055,00', 'Marca': 'Audi', 'Modelo': 'A4 2.4 30V Mec.', 'AnoModelo': 2000, 'Combustivel': 'Gasolina', 'CodigoFipe': '008018-7', 'MesReferencia': 'janeiro de 2026', 'SiglaCombustivel': 'G'}
2026-01-30 08:56:32 | INFO | fipe | Gravado
2026-01-30 08:56:33 | INFO | fipe | Extraindo 6 -> Audi -> {'code': '79', 'name': 'A4 2.4 30V Mec.'} -> {'code': '1999-1', 'name': '1999 Gasolina'}
2026-01-30 08:56:33 | ERROR | fipe | Não gravou 6 -> Audi -> {'code': '79', 'name': 'A4 2.4 30V Mec.'} -> {'code': '1999-1', 'name': '1999 Gasolina'} -> 
2026-01-30 08:56:33 | INFO | fipe | Extraindo 6 -> Audi -> {'code': '79', 'name': 'A4 2.4 30V Mec.'} -> {'code': '1998-1', 'name': '1998 Gasolina'}
2026-01-30 08:56:34 | ERROR | fipe | Não gravou 6 -> Audi -> {'code': '79', 'name': 'A4 2.4 30V Mec.'} -> {'code': '1998-1', 'name': '1998 Gasolina'} -> 
2026-01-30 08:56:34 | INFO | fipe | Extraindo 6 -> Audi -> {'code': '80', 'name': 'A4 2.4 30V Tip./Multitronic'}
2026-01-30 08:56:34 | INFO | fipe | Extraindo 6 -> Audi -> {'code': '80', 'name': 'A4 2.4 30V Tip./Multitronic'} -> {'code': '2004-1', 'name': '2004 Gasolina'}
2026-01-30 08:56:34 | INFO | fipe | Gravando json para 6 -> Audi -> {'code': '80', 'name': 'A4 2.4 30V Tip./Multitronic'} -> {'code': '2004-1', 'name': '2004 Gasolina'} -> {'TipoVeiculo': 1, 'Valor': 'R$ 33.179,00', 'Marca': 'Audi', 'Modelo': 'A4 2.4 30V Tip./Multitronic', 'AnoModelo': 2004, 'Combustivel': 'Gasolina', 'CodigoFipe': '008019-5', 'MesReferencia': 'janeiro de 2026', 'SiglaCombustivel': 'G'}
2026-01-30 08:56:34 | INFO | fipe | Gravado
2026-01-30 08:56:35 | INFO | fipe | Extraindo 6 -> Audi -> {'code': '80', 'name': 'A4 2.4 30V Tip./Multitronic'} -> {'code': '2003-1', 'name': '2003 Gasolina'}
2026-01-30 08:56:35 | INFO | fipe | Gravando json para 6 -> Audi -> {'code': '80', 'name': 'A4 2.4 30V Tip./Multitronic'} -> {'code': '2003-1', 'name': '2003 Gasolina'} -> {'TipoVeiculo': 1, 'Valor': 'R$ 32.369,00', 'Marca': 'Audi', 'Modelo': 'A4 2.4 30V Tip./Multitronic', 'AnoModelo': 2003, 'Combustivel': 'Gasolina', 'CodigoFipe': '008019-5', 'MesReferencia': 'janeiro de 2026', 'SiglaCombustivel': 'G'}
2026-01-30 08:56:35 | INFO | fipe | Gravado
2026-01-30 08:56:36 | INFO | fipe | Extraindo 6 -> Audi -> {'code': '80', 'name': 'A4 2.4 30V Tip./Multitronic'} -> {'code': '2002-1', 'name': '2002 Gasolina'}
2026-01-30 08:56:36 | INFO | fipe | Gravando json para 6 -> Audi -> {'code': '80', 'name': 'A4 2.4 30V Tip./Multitronic'} -> {'code': '2002-1', 'name': '2002 Gasolina'} -> {'TipoVeiculo': 1, 'Valor': 'R$ 31.579,00', 'Marca': 'Audi', 'Modelo': 'A4 2.4 30V Tip./Multitronic', 'AnoModelo': 2002, 'Combustivel': 'Gasolina', 'CodigoFipe': '008019-5', 'MesReferencia': 'janeiro de 2026', 'SiglaCombustivel': 'G'}
2026-01-30 08:56:36 | INFO | fipe | Gravado
2026-01-30 08:56:37 | INFO | fipe | Extraindo 6 -> Audi -> {'code': '80', 'name': 'A4 2.4 30V Tip./Multitronic'} -> {'code': '2001-1', 'name': '2001 Gasolina'}
2026-01-30 08:56:38 | INFO | fipe | Gravando json para 6 -> Audi -> {'code': '80', 'name': 'A4 2.4 30V Tip./Multitronic'} -> {'code': '2001-1', 'name': '2001 Gasolina'} -> {'TipoVeiculo': 1, 'Valor': 'R$ 29.787,00', 'Marca': 'Audi', 'Modelo': 'A4 2.4 30V Tip./Multitronic', 'AnoModelo': 2001, 'Combustivel': 'Gasolina', 'CodigoFipe': '008019-5', 'MesReferencia': 'janeiro de 2026', 'SiglaCombustivel': 'G'}
2026-01-30 08:56:38 | INFO | fipe | Gravado
2026-01-30 08:56:38 | INFO | fipe | Extraindo 6 -> Audi -> {'code': '80', 'name': 'A4 2.4 30V Tip./Multitronic'} -> {'code': '2000-1', 'name': '2000 Gasolina'}
2026-01-30 08:56:39 | INFO | fipe | Gravando json para 6 -> Audi -> {'code': '80', 'name': 'A4 2.4 30V Tip./Multitronic'} -> {'code': '2000-1', 'name': '2000 Gasolina'} -> {'TipoVeiculo': 1, 'Valor': 'R$ 24.777,00', 'Marca': 'Audi', 'Modelo': 'A4 2.4 30V Tip./Multitronic', 'AnoModelo': 2000, 'Combustivel': 'Gasolina', 'CodigoFipe': '008019-5', 'MesReferencia': 'janeiro de 2026', 'SiglaCombustivel': 'G'}
2026-01-30 08:56:39 | INFO | fipe | Gravado
2026-01-30 08:56:39 | INFO | fipe | Extraindo 6 -> Audi -> {'code': '80', 'name': 'A4 2.4 30V Tip./Multitronic'} -> {'code': '1999-1', 'name': '1999 Gasolina'}
2026-01-30 08:56:40 | ERROR | fipe | Não gravou 6 -> Audi -> {'code': '80', 'name': 'A4 2.4 30V Tip./Multitronic'} -> {'code': '1999-1', 'name': '1999 Gasolina'} -> 
2026-01-30 08:56:40 | INFO | fipe | Extraindo 6 -> Audi -> {'code': '80', 'name': 'A4 2.4 30V Tip./Multitronic'} -> {'code': '1998-1', 'name': '1998 Gasolina'}
2026-01-30 08:56:40 | ERROR | fipe | Não gravou 6 -> Audi -> {'code': '80', 'name': 'A4 2.4 30V Tip./Multitronic'} -> {'code': '1998-1', 'name': '1998 Gasolina'} -> 
2026-01-30 08:56:40 | INFO | fipe | Extraindo 6 -> Audi -> {'code': '81', 'name': 'A4 2.4 Avant V6 30V Quattro Mec.'}
2026-01-30 08:56:40 | INFO | fipe | Extraindo 6 -> Audi -> {'code': '81', 'name': 'A4 2.4 Avant V6 30V Quattro Mec.'} -> {'code': '2001-1', 'name': '2001 Gasolina'}
2026-01-30 08:56:41 | INFO | fipe | Gravando json para 6 -> Audi -> {'code': '81', 'name': 'A4 2.4 Avant V6 30V Quattro Mec.'} -> {'code': '2001-1', 'name': '2001 Gasolina'} -> {'TipoVeiculo': 1, 'Valor': 'R$ 25.114,00', 'Marca': 'Audi', 'Modelo': 'A4 2.4 Avant V6 30V Quattro Mec.', 'AnoModelo': 2001, 'Combustivel': 'Gasolina', 'CodigoFipe': '008081-0', 'MesReferencia': 'janeiro de 2026', 'SiglaCombustivel': 'G'}
2026-01-30 08:56:41 | INFO | fipe | Gravado
2026-01-30 08:56:41 | INFO | fipe | Extraindo 6 -> Audi -> {'code': '82', 'name': 'A4 2.4 Avant V6 30V Quattro Tiptronic'}
2026-01-30 08:56:42 | INFO | fipe | Extraindo 6 -> Audi -> {'code': '82', 'name': 'A4 2.4 Avant V6 30V Quattro Tiptronic'} -> {'code': '2001-1', 'name': '2001 Gasolina'}
2026-01-30 08:56:42 | INFO | fipe | Gravando json para 6 -> Audi -> {'code': '82', 'name': 'A4 2.4 Avant V6 30V Quattro Tiptronic'} -> {'code': '2001-1', 'name': '2001 Gasolina'} -> {'TipoVeiculo': 1, 'Valor': 'R$ 25.161,00', 'Marca': 'Audi', 'Modelo': 'A4 2.4 Avant V6 30V Quattro Tiptronic', 'AnoModelo': 2001, 'Combustivel': 'Gasolina', 'CodigoFipe': '008082-9', 'MesReferencia': 'janeiro de 2026', 'SiglaCombustivel': 'G'}
2026-01-30 08:56:42 | INFO | fipe | Gravado
2026-01-30 08:56:43 | INFO | fipe | Extraindo 6 -> Audi -> {'code': '83', 'name': 'A4 2.4 V6 30V Quattro Mec.'}
2026-01-30 08:56:43 | INFO | fipe | Extraindo 6 -> Audi -> {'code': '83', 'name': 'A4 2.4 V6 30V Quattro Mec.'} -> {'code': '2001-1', 'name': '2001 Gasolina'}
2026-01-30 08:56:43 | INFO | fipe | Gravando json para 6 -> Audi -> {'code': '83', 'name': 'A4 2.4 V6 30V Quattro Mec.'} -> {'code': '2001-1', 'name': '2001 Gasolina'} -> {'TipoVeiculo': 1, 'Valor': 'R$ 24.965,00', 'Marca': 'Audi', 'Modelo': 'A4 2.4 V6 30V Quattro Mec.', 'AnoModelo': 2001, 'Combustivel': 'Gasolina', 'CodigoFipe': '008083-7', 'MesReferencia': 'janeiro de 2026', 'SiglaCombustivel': 'G'}
2026-01-30 08:56:43 | INFO | fipe | Gravado
2026-01-30 08:56:44 | INFO | fipe | Extraindo 6 -> Audi -> {'code': '84', 'name': 'A4 2.4 V6 30V Quattro Tiptronic'}
2026-01-30 08:56:44 | INFO | fipe | Extraindo 6 -> Audi -> {'code': '84', 'name': 'A4 2.4 V6 30V Quattro Tiptronic'} -> {'code': '2001-1', 'name': '2001 Gasolina'}
2026-01-30 08:56:45 | INFO | fipe | Gravando json para 6 -> Audi -> {'code': '84', 'name': 'A4 2.4 V6 30V Quattro Tiptronic'} -> {'code': '2001-1', 'name': '2001 Gasolina'} -> {'TipoVeiculo': 1, 'Valor': 'R$ 26.025,00', 'Marca': 'Audi', 'Modelo': 'A4 2.4 V6 30V Quattro Tiptronic', 'AnoModelo': 2001, 'Combustivel': 'Gasolina', 'CodigoFipe': '008084-5', 'MesReferencia': 'janeiro de 2026', 'SiglaCombustivel': 'G'}
2026-01-30 08:56:45 | INFO | fipe | Gravado
2026-01-30 08:56:45 | INFO | fipe | Extraindo 6 -> Audi -> {'code': '85', 'name': 'A4 2.8'}
2026-01-30 08:56:45 | INFO | fipe | Extraindo 6 -> Audi -> {'code': '85', 'name': 'A4 2.8'} -> {'code': '1997-1', 'name': '1997 Gasolina'}
2026-01-30 08:56:46 | ERROR | fipe | Não gravou 6 -> Audi -> {'code': '85', 'name': 'A4 2.8'} -> {'code': '1997-1', 'name': '1997 Gasolina'} -> 
2026-01-30 08:56:46 | INFO | fipe | Extraindo 6 -> Audi -> {'code': '85', 'name': 'A4 2.8'} -> {'code': '1996-1', 'name': '1996 Gasolina'}
2026-01-30 08:56:46 | ERROR | fipe | Não gravou 6 -> Audi -> {'code': '85', 'name': 'A4 2.8'} -> {'code': '1996-1', 'name': '1996 Gasolina'} -> 
2026-01-30 08:56:46 | INFO | fipe | Extraindo 6 -> Audi -> {'code': '85', 'name': 'A4 2.8'} -> {'code': '1995-1', 'name': '1995 Gasolina'}
2026-01-30 08:56:47 | ERROR | fipe | Não gravou 6 -> Audi -> {'code': '85', 'name': 'A4 2.8'} -> {'code': '1995-1', 'name': '1995 Gasolina'} -> 
2026-01-30 08:56:47 | INFO | fipe | Extraindo 6 -> Audi -> {'code': '86', 'name': 'A4 2.8 30V  Tiptronic/ Aut.'}
2026-01-30 08:56:47 | INFO | fipe | Extraindo 6 -> Audi -> {'code': '86', 'name': 'A4 2.8 30V  Tiptronic/ Aut.'} -> {'code': '2001-1', 'name': '2001 Gasolina'}
2026-01-30 08:56:48 | INFO | fipe | Gravando json para 6 -> Audi -> {'code': '86', 'name': 'A4 2.8 30V  Tiptronic/ Aut.'} -> {'code': '2001-1', 'name': '2001 Gasolina'} -> {'TipoVeiculo': 1, 'Valor': 'R$ 24.852,00', 'Marca': 'Audi', 'Modelo': 'A4 2.8 30V  Tiptronic/ Aut.', 'AnoModelo': 2001, 'Combustivel': 'Gasolina', 'CodigoFipe': '008023-3', 'MesReferencia': 'janeiro de 2026', 'SiglaCombustivel': 'G'}
2026-01-30 08:56:48 | INFO | fipe | Gravado
2026-01-30 08:56:48 | INFO | fipe | Extraindo 6 -> Audi -> {'code': '86', 'name': 'A4 2.8 30V  Tiptronic/ Aut.'} -> {'code': '2000-1', 'name': '2000 Gasolina'}
2026-01-30 08:56:49 | INFO | fipe | Gravando json para 6 -> Audi -> {'code': '86', 'name': 'A4 2.8 30V  Tiptronic/ Aut.'} -> {'code': '2000-1', 'name': '2000 Gasolina'} -> {'TipoVeiculo': 1, 'Valor': 'R$ 23.818,00', 'Marca': 'Audi', 'Modelo': 'A4 2.8 30V  Tiptronic/ Aut.', 'AnoModelo': 2000, 'Combustivel': 'Gasolina', 'CodigoFipe': '008023-3', 'MesReferencia': 'janeiro de 2026', 'SiglaCombustivel': 'G'}
2026-01-30 08:56:49 | INFO | fipe | Gravado
2026-01-30 08:56:49 | INFO | fipe | Extraindo 6 -> Audi -> {'code': '86', 'name': 'A4 2.8 30V  Tiptronic/ Aut.'} -> {'code': '1999-1', 'name': '1999 Gasolina'}
2026-01-30 08:56:50 | ERROR | fipe | Não gravou 6 -> Audi -> {'code': '86', 'name': 'A4 2.8 30V  Tiptronic/ Aut.'} -> {'code': '1999-1', 'name': '1999 Gasolina'} -> 
2026-01-30 08:56:50 | INFO | fipe | Extraindo 6 -> Audi -> {'code': '86', 'name': 'A4 2.8 30V  Tiptronic/ Aut.'} -> {'code': '1998-1', 'name': '1998 Gasolina'}
2026-01-30 08:56:50 | ERROR | fipe | Não gravou 6 -> Audi -> {'code': '86', 'name': 'A4 2.8 30V  Tiptronic/ Aut.'} -> {'code': '1998-1', 'name': '1998 Gasolina'} -> 
2026-01-30 08:56:50 | INFO | fipe | Extraindo 6 -> Audi -> {'code': '86', 'name': 'A4 2.8 30V  Tiptronic/ Aut.'} -> {'code': '1997-1', 'name': '1997 Gasolina'}
2026-01-30 08:56:51 | ERROR | fipe | Não gravou 6 -> Audi -> {'code': '86', 'name': 'A4 2.8 30V  Tiptronic/ Aut.'} -> {'code': '1997-1', 'name': '1997 Gasolina'} -> 
2026-01-30 08:56:51 | INFO | fipe | Extraindo 6 -> Audi -> {'code': '87', 'name': 'A4 2.8 30V Mec.'}
2026-01-30 08:56:51 | INFO | fipe | Extraindo 6 -> Audi -> {'code': '87', 'name': 'A4 2.8 30V Mec.'} -> {'code': '2001-1', 'name': '2001 Gasolina'}
2026-01-30 08:56:52 | INFO | fipe | Gravando json para 6 -> Audi -> {'code': '87', 'name': 'A4 2.8 30V Mec.'} -> {'code': '2001-1', 'name': '2001 Gasolina'} -> {'TipoVeiculo': 1, 'Valor': 'R$ 22.355,00', 'Marca': 'Audi', 'Modelo': 'A4 2.8 30V Mec.', 'AnoModelo': 2001, 'Combustivel': 'Gasolina', 'CodigoFipe': '008022-5', 'MesReferencia': 'janeiro de 2026', 'SiglaCombustivel': 'G'}
2026-01-30 08:56:52 | INFO | fipe | Gravado
2026-01-30 08:56:52 | INFO | fipe | Extraindo 6 -> Audi -> {'code': '87', 'name': 'A4 2.8 30V Mec.'} -> {'code': '2000-1', 'name': '2000 Gasolina'}
2026-01-30 08:56:53 | INFO | fipe | Gravando json para 6 -> Audi -> {'code': '87', 'name': 'A4 2.8 30V Mec.'} -> {'code': '2000-1', 'name': '2000 Gasolina'} -> {'TipoVeiculo': 1, 'Valor': 'R$ 21.386,00', 'Marca': 'Audi', 'Modelo': 'A4 2.8 30V Mec.', 'AnoModelo': 2000, 'Combustivel': 'Gasolina', 'CodigoFipe': '008022-5', 'MesReferencia': 'janeiro de 2026', 'SiglaCombustivel': 'G'}
2026-01-30 08:56:53 | INFO | fipe | Gravado
2026-01-30 08:56:53 | INFO | fipe | Extraindo 6 -> Audi -> {'code': '87', 'name': 'A4 2.8 30V Mec.'} -> {'code': '1999-1', 'name': '1999 Gasolina'}
2026-01-30 08:56:54 | ERROR | fipe | Não gravou 6 -> Audi -> {'code': '87', 'name': 'A4 2.8 30V Mec.'} -> {'code': '1999-1', 'name': '1999 Gasolina'} -> 
2026-01-30 08:56:54 | INFO | fipe | Extraindo 6 -> Audi -> {'code': '87', 'name': 'A4 2.8 30V Mec.'} -> {'code': '1998-1', 'name': '1998 Gasolina'}
2026-01-30 08:56:54 | ERROR | fipe | Não gravou 6 -> Audi -> {'code': '87', 'name': 'A4 2.8 30V Mec.'} -> {'code': '1998-1', 'name': '1998 Gasolina'} -> 
2026-01-30 08:56:54 | INFO | fipe | Extraindo 6 -> Audi -> {'code': '87', 'name': 'A4 2.8 30V Mec.'} -> {'code': '1997-1', 'name': '1997 Gasolina'}
2026-01-30 08:56:55 | ERROR | fipe | Não gravou 6 -> Audi -> {'code': '87', 'name': 'A4 2.8 30V Mec.'} -> {'code': '1997-1', 'name': '1997 Gasolina'} -> 
2026-01-30 08:56:55 | INFO | fipe | Extraindo 6 -> Audi -> {'code': '88', 'name': 'A4 2.8 Avant V6 12V'}
2026-01-30 08:56:55 | INFO | fipe | Extraindo 6 -> Audi -> {'code': '88', 'name': 'A4 2.8 Avant V6 12V'} -> {'code': '1997-1', 'name': '1997 Gasolina'}
2026-01-30 08:56:55 | ERROR | fipe | Não gravou 6 -> Audi -> {'code': '88', 'name': 'A4 2.8 Avant V6 12V'} -> {'code': '1997-1', 'name': '1997 Gasolina'} -> 
2026-01-30 08:56:55 | INFO | fipe | Extraindo 6 -> Audi -> {'code': '88', 'name': 'A4 2.8 Avant V6 12V'} -> {'code': '1996-1', 'name': '1996 Gasolina'}
2026-01-30 08:56:56 | ERROR | fipe | Não gravou 6 -> Audi -> {'code': '88', 'name': 'A4 2.8 Avant V6 12V'} -> {'code': '1996-1', 'name': '1996 Gasolina'} -> 
2026-01-30 08:56:56 | INFO | fipe | Extraindo 6 -> Audi -> {'code': '88', 'name': 'A4 2.8 Avant V6 12V'} -> {'code': '1995-1', 'name': '1995 Gasolina'}
2026-01-30 08:56:56 | ERROR | fipe | Não gravou 6 -> Audi -> {'code': '88', 'name': 'A4 2.8 Avant V6 12V'} -> {'code': '1995-1', 'name': '1995 Gasolina'} -> 
2026-01-30 08:56:56 | INFO | fipe | Extraindo 6 -> Audi -> {'code': '89', 'name': 'A4 2.8 Avant V6 30V Mec.'}
2026-01-30 08:56:56 | INFO | fipe | Extraindo 6 -> Audi -> {'code': '89', 'name': 'A4 2.8 Avant V6 30V Mec.'} -> {'code': '2001-1', 'name': '2001 Gasolina'}
2026-01-30 08:56:57 | INFO | fipe | Gravando json para 6 -> Audi -> {'code': '89', 'name': 'A4 2.8 Avant V6 30V Mec.'} -> {'code': '2001-1', 'name': '2001 Gasolina'} -> {'TipoVeiculo': 1, 'Valor': 'R$ 23.130,00', 'Marca': 'Audi', 'Modelo': 'A4 2.8 Avant V6 30V Mec.', 'AnoModelo': 2001, 'Combustivel': 'Gasolina', 'CodigoFipe': '008037-3', 'MesReferencia': 'janeiro de 2026', 'SiglaCombustivel': 'G'}
2026-01-30 08:56:57 | INFO | fipe | Gravado
2026-01-30 08:56:57 | INFO | fipe | Extraindo 6 -> Audi -> {'code': '89', 'name': 'A4 2.8 Avant V6 30V Mec.'} -> {'code': '2000-1', 'name': '2000 Gasolina'}
2026-01-30 08:56:58 | INFO | fipe | Gravando json para 6 -> Audi -> {'code': '89', 'name': 'A4 2.8 Avant V6 30V Mec.'} -> {'code': '2000-1', 'name': '2000 Gasolina'} -> {'TipoVeiculo': 1, 'Valor': 'R$ 22.503,00', 'Marca': 'Audi', 'Modelo': 'A4 2.8 Avant V6 30V Mec.', 'AnoModelo': 2000, 'Combustivel': 'Gasolina', 'CodigoFipe': '008037-3', 'MesReferencia': 'janeiro de 2026', 'SiglaCombustivel': 'G'}
2026-01-30 08:56:58 | INFO | fipe | Gravado
2026-01-30 08:56:59 | INFO | fipe | Extraindo 6 -> Audi -> {'code': '89', 'name': 'A4 2.8 Avant V6 30V Mec.'} -> {'code': '1999-1', 'name': '1999 Gasolina'}
2026-01-30 08:56:59 | ERROR | fipe | Não gravou 6 -> Audi -> {'code': '89', 'name': 'A4 2.8 Avant V6 30V Mec.'} -> {'code': '1999-1', 'name': '1999 Gasolina'} -> 
2026-01-30 08:56:59 | INFO | fipe | Extraindo 6 -> Audi -> {'code': '89', 'name': 'A4 2.8 Avant V6 30V Mec.'} -> {'code': '1998-1', 'name': '1998 Gasolina'}
2026-01-30 08:57:00 | ERROR | fipe | Não gravou 6 -> Audi -> {'code': '89', 'name': 'A4 2.8 Avant V6 30V Mec.'} -> {'code': '1998-1', 'name': '1998 Gasolina'} -> 
2026-01-30 08:57:00 | INFO | fipe | Extraindo 6 -> Audi -> {'code': '89', 'name': 'A4 2.8 Avant V6 30V Mec.'} -> {'code': '1997-1', 'name': '1997 Gasolina'}
2026-01-30 08:57:00 | ERROR | fipe | Não gravou 6 -> Audi -> {'code': '89', 'name': 'A4 2.8 Avant V6 30V Mec.'} -> {'code': '1997-1', 'name': '1997 Gasolina'} -> 
2026-01-30 08:57:00 | INFO | fipe | Extraindo 6 -> Audi -> {'code': '90', 'name': 'A4 2.8 Avant V6 30V Quattro Mec.'}
2026-01-30 08:57:00 | INFO | fipe | Extraindo 6 -> Audi -> {'code': '90', 'name': 'A4 2.8 Avant V6 30V Quattro Mec.'} -> {'code': '2001-1', 'name': '2001 Gasolina'}
2026-01-30 08:57:01 | INFO | fipe | Gravando json para 6 -> Audi -> {'code': '90', 'name': 'A4 2.8 Avant V6 30V Quattro Mec.'} -> {'code': '2001-1', 'name': '2001 Gasolina'} -> {'TipoVeiculo': 1, 'Valor': 'R$ 25.647,00', 'Marca': 'Audi', 'Modelo': 'A4 2.8 Avant V6 30V Quattro Mec.', 'AnoModelo': 2001, 'Combustivel': 'Gasolina', 'CodigoFipe': '008087-0', 'MesReferencia': 'janeiro de 2026', 'SiglaCombustivel': 'G'}
2026-01-30 08:57:01 | INFO | fipe | Gravado
2026-01-30 08:57:01 | INFO | fipe | Extraindo 6 -> Audi -> {'code': '91', 'name': 'A4 2.8 Avant V6 30V Quattro Tiptronic'}
2026-01-30 08:57:01 | INFO | fipe | Extraindo 6 -> Audi -> {'code': '91', 'name': 'A4 2.8 Avant V6 30V Quattro Tiptronic'} -> {'code': '2001-1', 'name': '2001 Gasolina'}
2026-01-30 08:57:02 | INFO | fipe | Gravando json para 6 -> Audi -> {'code': '91', 'name': 'A4 2.8 Avant V6 30V Quattro Tiptronic'} -> {'code': '2001-1', 'name': '2001 Gasolina'} -> {'TipoVeiculo': 1, 'Valor': 'R$ 30.639,00', 'Marca': 'Audi', 'Modelo': 'A4 2.8 Avant V6 30V Quattro Tiptronic', 'AnoModelo': 2001, 'Combustivel': 'Gasolina', 'CodigoFipe': '008088-8', 'MesReferencia': 'janeiro de 2026', 'SiglaCombustivel': 'G'}
2026-01-30 08:57:02 | INFO | fipe | Gravado
2026-01-30 08:57:03 | INFO | fipe | Extraindo 6 -> Audi -> {'code': '92', 'name': 'A4 2.8 Avant V6 30V Tiptronic'}
2026-01-30 08:57:03 | INFO | fipe | Extraindo 6 -> Audi -> {'code': '92', 'name': 'A4 2.8 Avant V6 30V Tiptronic'} -> {'code': '2001-1', 'name': '2001 Gasolina'}
2026-01-30 08:57:03 | INFO | fipe | Gravando json para 6 -> Audi -> {'code': '92', 'name': 'A4 2.8 Avant V6 30V Tiptronic'} -> {'code': '2001-1', 'name': '2001 Gasolina'} -> {'TipoVeiculo': 1, 'Valor': 'R$ 32.068,00', 'Marca': 'Audi', 'Modelo': 'A4 2.8 Avant V6 30V Tiptronic', 'AnoModelo': 2001, 'Combustivel': 'Gasolina', 'CodigoFipe': '008055-1', 'MesReferencia': 'janeiro de 2026', 'SiglaCombustivel': 'G'}
2026-01-30 08:57:03 | INFO | fipe | Gravado
2026-01-30 08:57:04 | INFO | fipe | Extraindo 6 -> Audi -> {'code': '92', 'name': 'A4 2.8 Avant V6 30V Tiptronic'} -> {'code': '2000-1', 'name': '2000 Gasolina'}
2026-01-30 08:57:04 | INFO | fipe | Gravando json para 6 -> Audi -> {'code': '92', 'name': 'A4 2.8 Avant V6 30V Tiptronic'} -> {'code': '2000-1', 'name': '2000 Gasolina'} -> {'TipoVeiculo': 1, 'Valor': 'R$ 31.285,00', 'Marca': 'Audi', 'Modelo': 'A4 2.8 Avant V6 30V Tiptronic', 'AnoModelo': 2000, 'Combustivel': 'Gasolina', 'CodigoFipe': '008055-1', 'MesReferencia': 'janeiro de 2026', 'SiglaCombustivel': 'G'}
2026-01-30 08:57:04 | INFO | fipe | Gravado
2026-01-30 08:57:05 | INFO | fipe | Extraindo 6 -> Audi -> {'code': '92', 'name': 'A4 2.8 Avant V6 30V Tiptronic'} -> {'code': '1999-1', 'name': '1999 Gasolina'}
2026-01-30 08:57:05 | ERROR | fipe | Não gravou 6 -> Audi -> {'code': '92', 'name': 'A4 2.8 Avant V6 30V Tiptronic'} -> {'code': '1999-1', 'name': '1999 Gasolina'} -> 
2026-01-30 08:57:05 | INFO | fipe | Extraindo 6 -> Audi -> {'code': '92', 'name': 'A4 2.8 Avant V6 30V Tiptronic'} -> {'code': '1998-1', 'name': '1998 Gasolina'}
2026-01-30 08:57:06 | ERROR | fipe | Não gravou 6 -> Audi -> {'code': '92', 'name': 'A4 2.8 Avant V6 30V Tiptronic'} -> {'code': '1998-1', 'name': '1998 Gasolina'} -> 
2026-01-30 08:57:06 | INFO | fipe | Extraindo 6 -> Audi -> {'code': '92', 'name': 'A4 2.8 Avant V6 30V Tiptronic'} -> {'code': '1997-1', 'name': '1997 Gasolina'}
2026-01-30 08:57:07 | ERROR | fipe | Não gravou 6 -> Audi -> {'code': '92', 'name': 'A4 2.8 Avant V6 30V Tiptronic'} -> {'code': '1997-1', 'name': '1997 Gasolina'} -> 
2026-01-30 08:57:07 | INFO | fipe | Extraindo 6 -> Audi -> {'code': '93', 'name': 'A4 2.8 V6 30V  Quattro Tiptronic'}
2026-01-30 08:57:07 | INFO | fipe | Extraindo 6 -> Audi -> {'code': '93', 'name': 'A4 2.8 V6 30V  Quattro Tiptronic'} -> {'code': '2001-1', 'name': '2001 Gasolina'}
2026-01-30 08:57:07 | INFO | fipe | Gravando json para 6 -> Audi -> {'code': '93', 'name': 'A4 2.8 V6 30V  Quattro Tiptronic'} -> {'code': '2001-1', 'name': '2001 Gasolina'} -> {'TipoVeiculo': 1, 'Valor': 'R$ 24.559,00', 'Marca': 'Audi', 'Modelo': 'A4 2.8 V6 30V  Quattro Tiptronic', 'AnoModelo': 2001, 'Combustivel': 'Gasolina', 'CodigoFipe': '008085-3', 'MesReferencia': 'janeiro de 2026', 'SiglaCombustivel': 'G'}
2026-01-30 08:57:07 | INFO | fipe | Gravado
2026-01-30 08:57:08 | INFO | fipe | Extraindo 6 -> Audi -> {'code': '94', 'name': 'A4 2.8 V6 30V Quattro Mec.'}
2026-01-30 08:57:08 | INFO | fipe | Extraindo 6 -> Audi -> {'code': '94', 'name': 'A4 2.8 V6 30V Quattro Mec.'} -> {'code': '2001-1', 'name': '2001 Gasolina'}
2026-01-30 08:57:08 | INFO | fipe | Gravando json para 6 -> Audi -> {'code': '94', 'name': 'A4 2.8 V6 30V Quattro Mec.'} -> {'code': '2001-1', 'name': '2001 Gasolina'} -> {'TipoVeiculo': 1, 'Valor': 'R$ 22.091,00', 'Marca': 'Audi', 'Modelo': 'A4 2.8 V6 30V Quattro Mec.', 'AnoModelo': 2001, 'Combustivel': 'Gasolina', 'CodigoFipe': '008086-1', 'MesReferencia': 'janeiro de 2026', 'SiglaCombustivel': 'G'}
2026-01-30 08:57:08 | INFO | fipe | Gravado
2026-01-30 08:57:09 | INFO | fipe | Extraindo 6 -> Audi -> {'code': '95', 'name': 'A4 3.0 30V 218cv Multitronic 4p'}
2026-01-30 08:57:09 | INFO | fipe | Extraindo 6 -> Audi -> {'code': '95', 'name': 'A4 3.0 30V 218cv Multitronic 4p'} -> {'code': '2006-1', 'name': '2006 Gasolina'}
2026-01-30 08:57:10 | INFO | fipe | Gravando json para 6 -> Audi -> {'code': '95', 'name': 'A4 3.0 30V 218cv Multitronic 4p'} -> {'code': '2006-1', 'name': '2006 Gasolina'} -> {'TipoVeiculo': 1, 'Valor': 'R$ 51.010,00', 'Marca': 'Audi', 'Modelo': 'A4 3.0 30V 218cv Multitronic 4p', 'AnoModelo': 2006, 'Combustivel': 'Gasolina', 'CodigoFipe': '008102-7', 'MesReferencia': 'janeiro de 2026', 'SiglaCombustivel': 'G'}
2026-01-30 08:57:10 | INFO | fipe | Gravado
2026-01-30 08:57:10 | INFO | fipe | Extraindo 6 -> Audi -> {'code': '95', 'name': 'A4 3.0 30V 218cv Multitronic 4p'} -> {'code': '2005-1', 'name': '2005 Gasolina'}
2026-01-30 08:57:11 | INFO | fipe | Gravando json para 6 -> Audi -> {'code': '95', 'name': 'A4 3.0 30V 218cv Multitronic 4p'} -> {'code': '2005-1', 'name': '2005 Gasolina'} -> {'TipoVeiculo': 1, 'Valor': 'R$ 39.420,00', 'Marca': 'Audi', 'Modelo': 'A4 3.0 30V 218cv Multitronic 4p', 'AnoModelo': 2005, 'Combustivel': 'Gasolina', 'CodigoFipe': '008102-7', 'MesReferencia': 'janeiro de 2026', 'SiglaCombustivel': 'G'}
2026-01-30 08:57:11 | INFO | fipe | Gravado
2026-01-30 08:57:11 | INFO | fipe | Extraindo 6 -> Audi -> {'code': '95', 'name': 'A4 3.0 30V 218cv Multitronic 4p'} -> {'code': '2004-1', 'name': '2004 Gasolina'}
2026-01-30 08:57:12 | INFO | fipe | Gravando json para 6 -> Audi -> {'code': '95', 'name': 'A4 3.0 30V 218cv Multitronic 4p'} -> {'code': '2004-1', 'name': '2004 Gasolina'} -> {'TipoVeiculo': 1, 'Valor': 'R$ 35.938,00', 'Marca': 'Audi', 'Modelo': 'A4 3.0 30V 218cv Multitronic 4p', 'AnoModelo': 2004, 'Combustivel': 'Gasolina', 'CodigoFipe': '008102-7', 'MesReferencia': 'janeiro de 2026', 'SiglaCombustivel': 'G'}
2026-01-30 08:57:12 | INFO | fipe | Gravado
2026-01-30 08:57:13 | INFO | fipe | Extraindo 6 -> Audi -> {'code': '95', 'name': 'A4 3.0 30V 218cv Multitronic 4p'} -> {'code': '2003-1', 'name': '2003 Gasolina'}
2026-01-30 08:57:13 | INFO | fipe | Gravando json para 6 -> Audi -> {'code': '95', 'name': 'A4 3.0 30V 218cv Multitronic 4p'} -> {'code': '2003-1', 'name': '2003 Gasolina'} -> {'TipoVeiculo': 1, 'Valor': 'R$ 28.862,00', 'Marca': 'Audi', 'Modelo': 'A4 3.0 30V 218cv Multitronic 4p', 'AnoModelo': 2003, 'Combustivel': 'Gasolina', 'CodigoFipe': '008102-7', 'MesReferencia': 'janeiro de 2026', 'SiglaCombustivel': 'G'}
2026-01-30 08:57:13 | INFO | fipe | Gravado
2026-01-30 08:57:14 | INFO | fipe | Extraindo 6 -> Audi -> {'code': '95', 'name': 'A4 3.0 30V 218cv Multitronic 4p'} -> {'code': '2002-1', 'name': '2002 Gasolina'}
2026-01-30 08:57:14 | INFO | fipe | Gravando json para 6 -> Audi -> {'code': '95', 'name': 'A4 3.0 30V 218cv Multitronic 4p'} -> {'code': '2002-1', 'name': '2002 Gasolina'} -> {'TipoVeiculo': 1, 'Valor': 'R$ 23.447,00', 'Marca': 'Audi', 'Modelo': 'A4 3.0 30V 218cv Multitronic 4p', 'AnoModelo': 2002, 'Combustivel': 'Gasolina', 'CodigoFipe': '008102-7', 'MesReferencia': 'janeiro de 2026', 'SiglaCombustivel': 'G'}
2026-01-30 08:57:14 | INFO | fipe | Gravado
2026-01-30 08:57:15 | INFO | fipe | Extraindo 6 -> Audi -> {'code': '96', 'name': 'A4 3.0 30V 218cv Quattro Tiptron./Aut 4p'}
2026-01-30 08:57:15 | INFO | fipe | Extraindo 6 -> Audi -> {'code': '96', 'name': 'A4 3.0 30V 218cv Quattro Tiptron./Aut 4p'} -> {'code': '2003-1', 'name': '2003 Gasolina'}
2026-01-30 08:57:16 | INFO | fipe | Gravando json para 6 -> Audi -> {'code': '96', 'name': 'A4 3.0 30V 218cv Quattro Tiptron./Aut 4p'} -> {'code': '2003-1', 'name': '2003 Gasolina'} -> {'TipoVeiculo': 1, 'Valor': 'R$ 36.103,00', 'Marca': 'Audi', 'Modelo': 'A4 3.0 30V 218cv Quattro Tiptron./Aut 4p', 'AnoModelo': 2003, 'Combustivel': 'Gasolina', 'CodigoFipe': '008109-4', 'MesReferencia': 'janeiro de 2026', 'SiglaCombustivel': 'G'}
2026-01-30 08:57:16 | INFO | fipe | Gravado
2026-01-30 08:57:16 | INFO | fipe | Extraindo 6 -> Audi -> {'code': '97', 'name': 'A4 3.0 Avant 30V 218cv Multitronic 5p'}
2026-01-30 08:57:16 | INFO | fipe | Extraindo 6 -> Audi -> {'code': '97', 'name': 'A4 3.0 Avant 30V 218cv Multitronic 5p'} -> {'code': '2006-1', 'name': '2006 Gasolina'}
2026-01-30 08:57:17 | INFO | fipe | Gravando json para 6 -> Audi -> {'code': '97', 'name': 'A4 3.0 Avant 30V 218cv Multitronic 5p'} -> {'code': '2006-1', 'name': '2006 Gasolina'} -> {'TipoVeiculo': 1, 'Valor': 'R$ 44.585,00', 'Marca': 'Audi', 'Modelo': 'A4 3.0 Avant 30V 218cv Multitronic 5p', 'AnoModelo': 2006, 'Combustivel': 'Gasolina', 'CodigoFipe': '008107-8', 'MesReferencia': 'janeiro de 2026', 'SiglaCombustivel': 'G'}
2026-01-30 08:57:17 | INFO | fipe | Gravado
2026-01-30 08:57:17 | INFO | fipe | Extraindo 6 -> Audi -> {'code': '97', 'name': 'A4 3.0 Avant 30V 218cv Multitronic 5p'} -> {'code': '2005-1', 'name': '2005 Gasolina'}
2026-01-30 08:57:18 | INFO | fipe | Gravando json para 6 -> Audi -> {'code': '97', 'name': 'A4 3.0 Avant 30V 218cv Multitronic 5p'} -> {'code': '2005-1', 'name': '2005 Gasolina'} -> {'TipoVeiculo': 1, 'Valor': 'R$ 40.851,00', 'Marca': 'Audi', 'Modelo': 'A4 3.0 Avant 30V 218cv Multitronic 5p', 'AnoModelo': 2005, 'Combustivel': 'Gasolina', 'CodigoFipe': '008107-8', 'MesReferencia': 'janeiro de 2026', 'SiglaCombustivel': 'G'}
2026-01-30 08:57:18 | INFO | fipe | Gravado
2026-01-30 08:57:18 | INFO | fipe | Extraindo 6 -> Audi -> {'code': '97', 'name': 'A4 3.0 Avant 30V 218cv Multitronic 5p'} -> {'code': '2004-1', 'name': '2004 Gasolina'}
2026-01-30 08:57:19 | INFO | fipe | Gravando json para 6 -> Audi -> {'code': '97', 'name': 'A4 3.0 Avant 30V 218cv Multitronic 5p'} -> {'code': '2004-1', 'name': '2004 Gasolina'} -> {'TipoVeiculo': 1, 'Valor': 'R$ 36.253,00', 'Marca': 'Audi', 'Modelo': 'A4 3.0 Avant 30V 218cv Multitronic 5p', 'AnoModelo': 2004, 'Combustivel': 'Gasolina', 'CodigoFipe': '008107-8', 'MesReferencia': 'janeiro de 2026', 'SiglaCombustivel': 'G'}
2026-01-30 08:57:19 | INFO | fipe | Gravado
2026-01-30 08:57:19 | INFO | fipe | Extraindo 6 -> Audi -> {'code': '97', 'name': 'A4 3.0 Avant 30V 218cv Multitronic 5p'} -> {'code': '2003-1', 'name': '2003 Gasolina'}
2026-01-30 08:57:20 | INFO | fipe | Gravando json para 6 -> Audi -> {'code': '97', 'name': 'A4 3.0 Avant 30V 218cv Multitronic 5p'} -> {'code': '2003-1', 'name': '2003 Gasolina'} -> {'TipoVeiculo': 1, 'Valor': 'R$ 30.636,00', 'Marca': 'Audi', 'Modelo': 'A4 3.0 Avant 30V 218cv Multitronic 5p', 'AnoModelo': 2003, 'Combustivel': 'Gasolina', 'CodigoFipe': '008107-8', 'MesReferencia': 'janeiro de 2026', 'SiglaCombustivel': 'G'}
2026-01-30 08:57:20 | INFO | fipe | Gravado
2026-01-30 08:57:21 | INFO | fipe | Extraindo 6 -> Audi -> {'code': '97', 'name': 'A4 3.0 Avant 30V 218cv Multitronic 5p'} -> {'code': '2002-1', 'name': '2002 Gasolina'}
2026-01-30 08:57:21 | INFO | fipe | Gravando json para 6 -> Audi -> {'code': '97', 'name': 'A4 3.0 Avant 30V 218cv Multitronic 5p'} -> {'code': '2002-1', 'name': '2002 Gasolina'} -> {'TipoVeiculo': 1, 'Valor': 'R$ 26.968,00', 'Marca': 'Audi', 'Modelo': 'A4 3.0 Avant 30V 218cv Multitronic 5p', 'AnoModelo': 2002, 'Combustivel': 'Gasolina', 'CodigoFipe': '008107-8', 'MesReferencia': 'janeiro de 2026', 'SiglaCombustivel': 'G'}
2026-01-30 08:57:21 | INFO | fipe | Gravado
2026-01-30 08:57:22 | INFO | fipe | Extraindo 6 -> Audi -> {'code': '98', 'name': 'A4 3.0 Avant 30V 218cv Quattro Tiptronic'}
2026-01-30 08:57:22 | INFO | fipe | Extraindo 6 -> Audi -> {'code': '98', 'name': 'A4 3.0 Avant 30V 218cv Quattro Tiptronic'} -> {'code': '2003-1', 'name': '2003 Gasolina'}
2026-01-30 08:57:23 | INFO | fipe | Gravando json para 6 -> Audi -> {'code': '98', 'name': 'A4 3.0 Avant 30V 218cv Quattro Tiptronic'} -> {'code': '2003-1', 'name': '2003 Gasolina'} -> {'TipoVeiculo': 1, 'Valor': 'R$ 43.477,00', 'Marca': 'Audi', 'Modelo': 'A4 3.0 Avant 30V 218cv Quattro Tiptronic', 'AnoModelo': 2003, 'Combustivel': 'Gasolina', 'CodigoFipe': '008110-8', 'MesReferencia': 'janeiro de 2026', 'SiglaCombustivel': 'G'}
2026-01-30 08:57:23 | INFO | fipe | Gravado
2026-01-30 08:57:23 | INFO | fipe | Extraindo 6 -> Audi -> {'code': '99', 'name': 'A4 3.0 Cabriolet 30V 218cv Multitronic'}
2026-01-30 08:57:23 | INFO | fipe | Extraindo 6 -> Audi -> {'code': '99', 'name': 'A4 3.0 Cabriolet 30V 218cv Multitronic'} -> {'code': '2004-1', 'name': '2004 Gasolina'}
2026-01-30 08:57:24 | INFO | fipe | Gravando json para 6 -> Audi -> {'code': '99', 'name': 'A4 3.0 Cabriolet 30V 218cv Multitronic'} -> {'code': '2004-1', 'name': '2004 Gasolina'} -> {'TipoVeiculo': 1, 'Valor': 'R$ 108.105,00', 'Marca': 'Audi', 'Modelo': 'A4 3.0 Cabriolet 30V 218cv Multitronic', 'AnoModelo': 2004, 'Combustivel': 'Gasolina', 'CodigoFipe': '008108-6', 'MesReferencia': 'janeiro de 2026', 'SiglaCombustivel': 'G'}
2026-01-30 08:57:24 | INFO | fipe | Gravado
2026-01-30 08:57:24 | INFO | fipe | Extraindo 6 -> Audi -> {'code': '99', 'name': 'A4 3.0 Cabriolet 30V 218cv Multitronic'} -> {'code': '2003-1', 'name': '2003 Gasolina'}
2026-01-30 08:57:25 | INFO | fipe | Gravando json para 6 -> Audi -> {'code': '99', 'name': 'A4 3.0 Cabriolet 30V 218cv Multitronic'} -> {'code': '2003-1', 'name': '2003 Gasolina'} -> {'TipoVeiculo': 1, 'Valor': 'R$ 85.668,00', 'Marca': 'Audi', 'Modelo': 'A4 3.0 Cabriolet 30V 218cv Multitronic', 'AnoModelo': 2003, 'Combustivel': 'Gasolina', 'CodigoFipe': '008108-6', 'MesReferencia': 'janeiro de 2026', 'SiglaCombustivel': 'G'}
2026-01-30 08:57:25 | INFO | fipe | Gravado
2026-01-30 08:57:25 | INFO | fipe | Extraindo 6 -> Audi -> {'code': '4286', 'name': 'A4 3.2 FSI 24V 255cv Multitronic'}
2026-01-30 08:57:25 | INFO | fipe | Extraindo 6 -> Audi -> {'code': '4286', 'name': 'A4 3.2 FSI 24V 255cv Multitronic'} -> {'code': '2008-1', 'name': '2008 Gasolina'}
2026-01-30 08:57:26 | INFO | fipe | Gravando json para 6 -> Audi -> {'code': '4286', 'name': 'A4 3.2 FSI 24V 255cv Multitronic'} -> {'code': '2008-1', 'name': '2008 Gasolina'} -> {'TipoVeiculo': 1, 'Valor': 'R$ 51.684,00', 'Marca': 'Audi', 'Modelo': 'A4 3.2 FSI 24V 255cv Multitronic', 'AnoModelo': 2008, 'Combustivel': 'Gasolina', 'CodigoFipe': '008123-0', 'MesReferencia': 'janeiro de 2026', 'SiglaCombustivel': 'G'}
2026-01-30 08:57:26 | INFO | fipe | Gravado
2026-01-30 08:57:27 | INFO | fipe | Extraindo 6 -> Audi -> {'code': '4286', 'name': 'A4 3.2 FSI 24V 255cv Multitronic'} -> {'code': '2007-1', 'name': '2007 Gasolina'}
2026-01-30 08:57:27 | INFO | fipe | Gravando json para 6 -> Audi -> {'code': '4286', 'name': 'A4 3.2 FSI 24V 255cv Multitronic'} -> {'code': '2007-1', 'name': '2007 Gasolina'} -> {'TipoVeiculo': 1, 'Valor': 'R$ 50.238,00', 'Marca': 'Audi', 'Modelo': 'A4 3.2 FSI 24V 255cv Multitronic', 'AnoModelo': 2007, 'Combustivel': 'Gasolina', 'CodigoFipe': '008123-0', 'MesReferencia': 'janeiro de 2026', 'SiglaCombustivel': 'G'}
2026-01-30 08:57:27 | INFO | fipe | Gravado
2026-01-30 08:57:28 | INFO | fipe | Extraindo 6 -> Audi -> {'code': '4731', 'name': 'A4 3.2 FSI 24V 269cv Quattro Tiptronic'}
2026-01-30 08:57:28 | INFO | fipe | Extraindo 6 -> Audi -> {'code': '4731', 'name': 'A4 3.2 FSI 24V 269cv Quattro Tiptronic'} -> error
2026-01-30 08:57:28 | ERROR | fipe | Erro ao buscar dados 6 -> Audi -> {'code': '4731', 'name': 'A4 3.2 FSI 24V 269cv Quattro Tiptronic'} -> error
2026-01-30 08:57:28 | INFO | fipe | Extraindo 6 -> Audi -> {'code': '4287', 'name': 'A4 3.2 FSI Avant 24V 255cv Multitronic'}
2026-01-30 08:57:29 | INFO | fipe | Extraindo 6 -> Audi -> {'code': '4287', 'name': 'A4 3.2 FSI Avant 24V 255cv Multitronic'} -> {'code': '2008-1', 'name': '2008 Gasolina'}
2026-01-30 08:57:29 | INFO | fipe | Gravando json para 6 -> Audi -> {'code': '4287', 'name': 'A4 3.2 FSI Avant 24V 255cv Multitronic'} -> {'code': '2008-1', 'name': '2008 Gasolina'} -> {'TipoVeiculo': 1, 'Valor': 'R$ 55.045,00', 'Marca': 'Audi', 'Modelo': 'A4 3.2 FSI Avant 24V 255cv Multitronic', 'AnoModelo': 2008, 'Combustivel': 'Gasolina', 'CodigoFipe': '008124-8', 'MesReferencia': 'janeiro de 2026', 'SiglaCombustivel': 'G'}
2026-01-30 08:57:29 | INFO | fipe | Gravado
2026-01-30 08:57:30 | INFO | fipe | Extraindo 6 -> Audi -> {'code': '4287', 'name': 'A4 3.2 FSI Avant 24V 255cv Multitronic'} -> {'code': '2007-1', 'name': '2007 Gasolina'}
2026-01-30 08:57:30 | INFO | fipe | Gravando json para 6 -> Audi -> {'code': '4287', 'name': 'A4 3.2 FSI Avant 24V 255cv Multitronic'} -> {'code': '2007-1', 'name': '2007 Gasolina'} -> {'TipoVeiculo': 1, 'Valor': 'R$ 52.214,00', 'Marca': 'Audi', 'Modelo': 'A4 3.2 FSI Avant 24V 255cv Multitronic', 'AnoModelo': 2007, 'Combustivel': 'Gasolina', 'CodigoFipe': '008124-8', 'MesReferencia': 'janeiro de 2026', 'SiglaCombustivel': 'G'}
2026-01-30 08:57:30 | INFO | fipe | Gravado
2026-01-30 08:57:31 | INFO | fipe | Extraindo 6 -> Audi -> {'code': '4935', 'name': 'A4 3.2 FSI Avant 24V Quattro S Tronic'}
2026-01-30 08:57:31 | INFO | fipe | Extraindo 6 -> Audi -> {'code': '4935', 'name': 'A4 3.2 FSI Avant 24V Quattro S Tronic'} -> {'code': '2012-1', 'name': '2012 Gasolina'}
2026-01-30 08:57:32 | INFO | fipe | Gravando json para 6 -> Audi -> {'code': '4935', 'name': 'A4 3.2 FSI Avant 24V Quattro S Tronic'} -> {'code': '2012-1', 'name': '2012 Gasolina'} -> {'TipoVeiculo': 1, 'Valor': 'R$ 92.928,00', 'Marca': 'Audi', 'Modelo': 'A4 3.2 FSI Avant 24V Quattro S Tronic', 'AnoModelo': 2012, 'Combustivel': 'Gasolina', 'CodigoFipe': '008135-3', 'MesReferencia': 'janeiro de 2026', 'SiglaCombustivel': 'G'}
2026-01-30 08:57:32 | INFO | fipe | Gravado
2026-01-30 08:57:32 | INFO | fipe | Extraindo 6 -> Audi -> {'code': '4935', 'name': 'A4 3.2 FSI Avant 24V Quattro S Tronic'} -> {'code': '2011-1', 'name': '2011 Gasolina'}
2026-01-30 08:57:33 | INFO | fipe | Gravando json para 6 -> Audi -> {'code': '4935', 'name': 'A4 3.2 FSI Avant 24V Quattro S Tronic'} -> {'code': '2011-1', 'name': '2011 Gasolina'} -> {'TipoVeiculo': 1, 'Valor': 'R$ 78.905,00', 'Marca': 'Audi', 'Modelo': 'A4 3.2 FSI Avant 24V Quattro S Tronic', 'AnoModelo': 2011, 'Combustivel': 'Gasolina', 'CodigoFipe': '008135-3', 'MesReferencia': 'janeiro de 2026', 'SiglaCombustivel': 'G'}
2026-01-30 08:57:33 | INFO | fipe | Gravado
2026-01-30 08:57:33 | INFO | fipe | Extraindo 6 -> Audi -> {'code': '4935', 'name': 'A4 3.2 FSI Avant 24V Quattro S Tronic'} -> {'code': '2010-1', 'name': '2010 Gasolina'}
2026-01-30 08:57:34 | INFO | fipe | Gravando json para 6 -> Audi -> {'code': '4935', 'name': 'A4 3.2 FSI Avant 24V Quattro S Tronic'} -> {'code': '2010-1', 'name': '2010 Gasolina'} -> {'TipoVeiculo': 1, 'Valor': 'R$ 74.129,00', 'Marca': 'Audi', 'Modelo': 'A4 3.2 FSI Avant 24V Quattro S Tronic', 'AnoModelo': 2010, 'Combustivel': 'Gasolina', 'CodigoFipe': '008135-3', 'MesReferencia': 'janeiro de 2026', 'SiglaCombustivel': 'G'}
2026-01-30 08:57:34 | INFO | fipe | Gravado
2026-01-30 08:57:34 | INFO | fipe | Extraindo 6 -> Audi -> {'code': '4935', 'name': 'A4 3.2 FSI Avant 24V Quattro S Tronic'} -> {'code': '2009-1', 'name': '2009 Gasolina'}
2026-01-30 08:57:35 | INFO | fipe | Gravando json para 6 -> Audi -> {'code': '4935', 'name': 'A4 3.2 FSI Avant 24V Quattro S Tronic'} -> {'code': '2009-1', 'name': '2009 Gasolina'} -> {'TipoVeiculo': 1, 'Valor': 'R$ 60.220,00', 'Marca': 'Audi', 'Modelo': 'A4 3.2 FSI Avant 24V Quattro S Tronic', 'AnoModelo': 2009, 'Combustivel': 'Gasolina', 'CodigoFipe': '008135-3', 'MesReferencia': 'janeiro de 2026', 'SiglaCombustivel': 'G'}
2026-01-30 08:57:35 | INFO | fipe | Gravado
2026-01-30 08:57:35 | INFO | fipe | Extraindo 6 -> Audi -> {'code': '4288', 'name': 'A4 3.2 FSI Cabriolet 24V 255cv Multitron'}
2026-01-30 08:57:35 | INFO | fipe | Extraindo 6 -> Audi -> {'code': '4288', 'name': 'A4 3.2 FSI Cabriolet 24V 255cv Multitron'} -> {'code': '2007-1', 'name': '2007 Gasolina'}
2026-01-30 08:57:36 | INFO | fipe | Gravando json para 6 -> Audi -> {'code': '4288', 'name': 'A4 3.2 FSI Cabriolet 24V 255cv Multitron'} -> {'code': '2007-1', 'name': '2007 Gasolina'} -> {'TipoVeiculo': 1, 'Valor': 'R$ 121.875,00', 'Marca': 'Audi', 'Modelo': 'A4 3.2 FSI Cabriolet 24V 255cv Multitron', 'AnoModelo': 2007, 'Combustivel': 'Gasolina', 'CodigoFipe': '008125-6', 'MesReferencia': 'janeiro de 2026', 'SiglaCombustivel': 'G'}
2026-01-30 08:57:36 | INFO | fipe | Gravado
2026-01-30 08:57:37 | INFO | fipe | Extraindo 6 -> Audi -> {'code': '7717', 'name': 'A4 Ambiente 2.0 TFSI 190cv S tronic'}
2026-01-30 08:57:37 | INFO | fipe | Extraindo 6 -> Audi -> {'code': '7717', 'name': 'A4 Ambiente 2.0 TFSI 190cv S tronic'} -> {'code': '2018-1', 'name': '2018 Gasolina'}
2026-01-30 08:57:37 | INFO | fipe | Gravando json para 6 -> Audi -> {'code': '7717', 'name': 'A4 Ambiente 2.0 TFSI 190cv S tronic'} -> {'code': '2018-1', 'name': '2018 Gasolina'} -> {'TipoVeiculo': 1, 'Valor': 'R$ 115.638,00', 'Marca': 'Audi', 'Modelo': 'A4 Ambiente 2.0 TFSI 190cv S tronic', 'AnoModelo': 2018, 'Combustivel': 'Gasolina', 'CodigoFipe': '008209-0', 'MesReferencia': 'janeiro de 2026', 'SiglaCombustivel': 'G'}
2026-01-30 08:57:37 | INFO | fipe | Gravado
2026-01-30 08:57:38 | INFO | fipe | Extraindo 6 -> Audi -> {'code': '7717', 'name': 'A4 Ambiente 2.0 TFSI 190cv S tronic'} -> {'code': '2017-1', 'name': '2017 Gasolina'}
2026-01-30 08:57:38 | INFO | fipe | Gravando json para 6 -> Audi -> {'code': '7717', 'name': 'A4 Ambiente 2.0 TFSI 190cv S tronic'} -> {'code': '2017-1', 'name': '2017 Gasolina'} -> {'TipoVeiculo': 1, 'Valor': 'R$ 108.848,00', 'Marca': 'Audi', 'Modelo': 'A4 Ambiente 2.0 TFSI 190cv S tronic', 'AnoModelo': 2017, 'Combustivel': 'Gasolina', 'CodigoFipe': '008209-0', 'MesReferencia': 'janeiro de 2026', 'SiglaCombustivel': 'G'}
2026-01-30 08:57:38 | INFO | fipe | Gravado
2026-01-30 08:57:39 | INFO | fipe | Extraindo 6 -> Audi -> {'code': '7717', 'name': 'A4 Ambiente 2.0 TFSI 190cv S tronic'} -> {'code': '2016-1', 'name': '2016 Gasolina'}
2026-01-30 08:57:40 | INFO | fipe | Gravando json para 6 -> Audi -> {'code': '7717', 'name': 'A4 Ambiente 2.0 TFSI 190cv S tronic'} -> {'code': '2016-1', 'name': '2016 Gasolina'} -> {'TipoVeiculo': 1, 'Valor': 'R$ 88.879,00', 'Marca': 'Audi', 'Modelo': 'A4 Ambiente 2.0 TFSI 190cv S tronic', 'AnoModelo': 2016, 'Combustivel': 'Gasolina', 'CodigoFipe': '008209-0', 'MesReferencia': 'janeiro de 2026', 'SiglaCombustivel': 'G'}
2026-01-30 08:57:40 | INFO | fipe | Gravado
2026-01-30 08:57:40 | INFO | fipe | Extraindo 6 -> Audi -> {'code': '7894', 'name': 'A4 Ambition 2.0 TFSI Quattro S tronic'}
2026-01-30 08:57:40 | INFO | fipe | Extraindo 6 -> Audi -> {'code': '7894', 'name': 'A4 Ambition 2.0 TFSI Quattro S tronic'} -> {'code': '2018-1', 'name': '2018 Gasolina'}
2026-01-30 08:57:41 | INFO | fipe | Gravando json para 6 -> Audi -> {'code': '7894', 'name': 'A4 Ambition 2.0 TFSI Quattro S tronic'} -> {'code': '2018-1', 'name': '2018 Gasolina'} -> {'TipoVeiculo': 1, 'Valor': 'R$ 117.156,00', 'Marca': 'Audi', 'Modelo': 'A4 Ambition 2.0 TFSI Quattro S tronic', 'AnoModelo': 2018, 'Combustivel': 'Gasolina', 'CodigoFipe': '008212-0', 'MesReferencia': 'janeiro de 2026', 'SiglaCombustivel': 'G'}
2026-01-30 08:57:41 | INFO | fipe | Gravado
2026-01-30 08:57:42 | INFO | fipe | Extraindo 6 -> Audi -> {'code': '7894', 'name': 'A4 Ambition 2.0 TFSI Quattro S tronic'} -> {'code': '2017-1', 'name': '2017 Gasolina'}
2026-01-30 08:57:42 | INFO | fipe | Gravando json para 6 -> Audi -> {'code': '7894', 'name': 'A4 Ambition 2.0 TFSI Quattro S tronic'} -> {'code': '2017-1', 'name': '2017 Gasolina'} -> {'TipoVeiculo': 1, 'Valor': 'R$ 114.298,00', 'Marca': 'Audi', 'Modelo': 'A4 Ambition 2.0 TFSI Quattro S tronic', 'AnoModelo': 2017, 'Combustivel': 'Gasolina', 'CodigoFipe': '008212-0', 'MesReferencia': 'janeiro de 2026', 'SiglaCombustivel': 'G'}
2026-01-30 08:57:42 | INFO | fipe | Gravado
2026-01-30 08:57:43 | INFO | fipe | Extraindo 6 -> Audi -> {'code': '7656', 'name': 'A4 Attraction 2.0 TFSI 190cv S tronic'}
2026-01-30 08:57:43 | INFO | fipe | Extraindo 6 -> Audi -> {'code': '7656', 'name': 'A4 Attraction 2.0 TFSI 190cv S tronic'} -> {'code': '2018-1', 'name': '2018 Gasolina'}
2026-01-30 08:57:44 | INFO | fipe | Gravando json para 6 -> Audi -> {'code': '7656', 'name': 'A4 Attraction 2.0 TFSI 190cv S tronic'} -> {'code': '2018-1', 'name': '2018 Gasolina'} -> {'TipoVeiculo': 1, 'Valor': 'R$ 100.405,00', 'Marca': 'Audi', 'Modelo': 'A4 Attraction 2.0 TFSI 190cv S tronic', 'AnoModelo': 2018, 'Combustivel': 'Gasolina', 'CodigoFipe': '008208-2', 'MesReferencia': 'janeiro de 2026', 'SiglaCombustivel': 'G'}
2026-01-30 08:57:44 | INFO | fipe | Gravado
2026-01-30 08:57:44 | INFO | fipe | Extraindo 6 -> Audi -> {'code': '7656', 'name': 'A4 Attraction 2.0 TFSI 190cv S tronic'} -> {'code': '2017-1', 'name': '2017 Gasolina'}
2026-01-30 08:57:45 | INFO | fipe | Gravando json para 6 -> Audi -> {'code': '7656', 'name': 'A4 Attraction 2.0 TFSI 190cv S tronic'} -> {'code': '2017-1', 'name': '2017 Gasolina'} -> {'TipoVeiculo': 1, 'Valor': 'R$ 97.956,00', 'Marca': 'Audi', 'Modelo': 'A4 Attraction 2.0 TFSI 190cv S tronic', 'AnoModelo': 2017, 'Combustivel': 'Gasolina', 'CodigoFipe': '008208-2', 'MesReferencia': 'janeiro de 2026', 'SiglaCombustivel': 'G'}
2026-01-30 08:57:45 | INFO | fipe | Gravado
2026-01-30 08:57:45 | INFO | fipe | Extraindo 6 -> Audi -> {'code': '7656', 'name': 'A4 Attraction 2.0 TFSI 190cv S tronic'} -> {'code': '2016-1', 'name': '2016 Gasolina'}
2026-01-30 08:57:46 | INFO | fipe | Gravando json para 6 -> Audi -> {'code': '7656', 'name': 'A4 Attraction 2.0 TFSI 190cv S tronic'} -> {'code': '2016-1', 'name': '2016 Gasolina'} -> {'TipoVeiculo': 1, 'Valor': 'R$ 72.241,00', 'Marca': 'Audi', 'Modelo': 'A4 Attraction 2.0 TFSI 190cv S tronic', 'AnoModelo': 2016, 'Combustivel': 'Gasolina', 'CodigoFipe': '008208-2', 'MesReferencia': 'janeiro de 2026', 'SiglaCombustivel': 'G'}
2026-01-30 08:57:46 | INFO | fipe | Gravado
2026-01-30 08:57:46 | INFO | fipe | Extraindo 6 -> Audi -> {'code': '8228', 'name': 'A4 Avant Lim. Ed. 2.0 TFSI S tronic'}
2026-01-30 08:57:47 | INFO | fipe | Extraindo 6 -> Audi -> {'code': '8228', 'name': 'A4 Avant Lim. Ed. 2.0 TFSI S tronic'} -> {'code': '2018-1', 'name': '2018 Gasolina'}
2026-01-30 08:57:47 | INFO | fipe | Gravando json para 6 -> Audi -> {'code': '8228', 'name': 'A4 Avant Lim. Ed. 2.0 TFSI S tronic'} -> {'code': '2018-1', 'name': '2018 Gasolina'} -> {'TipoVeiculo': 1, 'Valor': 'R$ 145.418,00', 'Marca': 'Audi', 'Modelo': 'A4 Avant Lim. Ed. 2.0 TFSI S tronic', 'AnoModelo': 2018, 'Combustivel': 'Gasolina', 'CodigoFipe': '008226-0', 'MesReferencia': 'janeiro de 2026', 'SiglaCombustivel': 'G'}
2026-01-30 08:57:47 | INFO | fipe | Gravado
2026-01-30 08:57:48 | INFO | fipe | Extraindo 6 -> Audi -> {'code': '8769', 'name': 'A4 Avant Prest. Plus 2.0 TFSI S-tronic'}
2026-01-30 08:57:48 | INFO | fipe | Extraindo 6 -> Audi -> {'code': '8769', 'name': 'A4 Avant Prest. Plus 2.0 TFSI S-tronic'} -> {'code': '2019-1', 'name': '2019 Gasolina'}
2026-01-30 08:57:48 | INFO | fipe | Gravando json para 6 -> Audi -> {'code': '8769', 'name': 'A4 Avant Prest. Plus 2.0 TFSI S-tronic'} -> {'code': '2019-1', 'name': '2019 Gasolina'} -> {'TipoVeiculo': 1, 'Valor': 'R$ 174.935,00', 'Marca': 'Audi', 'Modelo': 'A4 Avant Prest. Plus 2.0 TFSI S-tronic', 'AnoModelo': 2019, 'Combustivel': 'Gasolina', 'CodigoFipe': '008246-5', 'MesReferencia': 'janeiro de 2026', 'SiglaCombustivel': 'G'}
2026-01-30 08:57:48 | INFO | fipe | Gravado
2026-01-30 08:57:49 | INFO | fipe | Extraindo 6 -> Audi -> {'code': '7537', 'name': 'A4 Launch Edition 2.0 TFSI 190cv S troni'}
2026-01-30 08:57:49 | INFO | fipe | Extraindo 6 -> Audi -> {'code': '7537', 'name': 'A4 Launch Edition 2.0 TFSI 190cv S troni'} -> {'code': '2017-1', 'name': '2017 Gasolina'}
2026-01-30 08:57:50 | INFO | fipe | Gravando json para 6 -> Audi -> {'code': '7537', 'name': 'A4 Launch Edition 2.0 TFSI 190cv S troni'} -> {'code': '2017-1', 'name': '2017 Gasolina'} -> {'error': 'limite de taxa excedido. Por favor, visite https://fipe.online para obter um token'}
2026-01-30 08:57:50 | INFO | fipe | Gravado
2026-01-30 08:57:50 | INFO | fipe | Extraindo 6 -> Audi -> {'code': '7537', 'name': 'A4 Launch Edition 2.0 TFSI 190cv S troni'} -> {'code': '2016-1', 'name': '2016 Gasolina'}
2026-01-30 08:57:51 | INFO | fipe | Gravando json para 6 -> Audi -> {'code': '7537', 'name': 'A4 Launch Edition 2.0 TFSI 190cv S troni'} -> {'code': '2016-1', 'name': '2016 Gasolina'} -> {'error': 'limite de taxa excedido. Por favor, visite https://fipe.online para obter um token'}
2026-01-30 08:57:51 | INFO | fipe | Gravado
2026-01-30 08:57:51 | INFO | fipe | Extraindo 6 -> Audi -> {'code': '8229', 'name': 'A4 Limited Edition 2.0 TFSI S tronic'}
2026-01-30 08:57:51 | INFO | fipe | Extraindo 6 -> Audi -> {'code': '8229', 'name': 'A4 Limited Edition 2.0 TFSI S tronic'} -> {'code': '2018-1', 'name': '2018 Gasolina'}
2026-01-30 08:57:52 | INFO | fipe | Gravando json para 6 -> Audi -> {'code': '8229', 'name': 'A4 Limited Edition 2.0 TFSI S tronic'} -> {'code': '2018-1', 'name': '2018 Gasolina'} -> {'error': 'limite de taxa excedido. Por favor, visite https://fipe.online para obter um token'}
2026-01-30 08:57:52 | INFO | fipe | Gravado
2026-01-30 08:57:53 | INFO | fipe | Extraindo 6 -> Audi -> {'code': '9223', 'name': 'A4 Perfor. Black 2.0 TFSI Quat. S tronic'}
2026-01-30 08:57:53 | INFO | fipe | Extraindo 6 -> Audi -> {'code': '9223', 'name': 'A4 Perfor. Black 2.0 TFSI Quat. S tronic'} -> {'code': '2022-1', 'name': '2022 Gasolina'}
2026-01-30 08:57:53 | INFO | fipe | Gravando json para 6 -> Audi -> {'code': '9223', 'name': 'A4 Perfor. Black 2.0 TFSI Quat. S tronic'} -> {'code': '2022-1', 'name': '2022 Gasolina'} -> {'error': 'limite de taxa excedido. Por favor, visite https://fipe.online para obter um token'}
2026-01-30 08:57:53 | INFO | fipe | Gravado
2026-01-30 08:57:54 | INFO | fipe | Extraindo 6 -> Audi -> {'code': '9223', 'name': 'A4 Perfor. Black 2.0 TFSI Quat. S tronic'} -> {'code': '2021-1', 'name': '2021 Gasolina'}
2026-01-30 08:57:54 | INFO | fipe | Gravando json para 6 -> Audi -> {'code': '9223', 'name': 'A4 Perfor. Black 2.0 TFSI Quat. S tronic'} -> {'code': '2021-1', 'name': '2021 Gasolina'} -> {'error': 'limite de taxa excedido. Por favor, visite https://fipe.online para obter um token'}
2026-01-30 08:57:54 | INFO | fipe | Gravado
2026-01-30 08:57:55 | INFO | fipe | Extraindo 6 -> Audi -> {'code': '11036', 'name': 'A4 Prestige 2.0 16V TFSI Quattro (Híb.)'}
2026-01-30 08:57:55 | INFO | fipe | Extraindo 6 -> Audi -> {'code': '11036', 'name': 'A4 Prestige 2.0 16V TFSI Quattro (Híb.)'} -> {'code': '32000-6', 'name': '32000 Híbrido'}
2026-01-30 08:57:56 | INFO | fipe | Gravando json para 6 -> Audi -> {'code': '11036', 'name': 'A4 Prestige 2.0 16V TFSI Quattro (Híb.)'} -> {'code': '32000-6', 'name': '32000 Híbrido'} -> {'error': 'limite de taxa excedido. Por favor, visite https://fipe.online para obter um token'}
2026-01-30 08:57:56 | INFO | fipe | Gravado
2026-01-30 08:57:57 | INFO | fipe | Extraindo 6 -> Audi -> {'code': '11036', 'name': 'A4 Prestige 2.0 16V TFSI Quattro (Híb.)'} -> {'code': '2025-6', 'name': '2025 Híbrido'}
2026-01-30 08:57:58 | INFO | fipe | Gravando json para 6 -> Audi -> {'code': '11036', 'name': 'A4 Prestige 2.0 16V TFSI Quattro (Híb.)'} -> {'code': '2025-6', 'name': '2025 Híbrido'} -> {'error': 'limite de taxa excedido. Por favor, visite https://fipe.online para obter um token'}
2026-01-30 08:57:58 | INFO | fipe | Gravado
2026-01-30 08:57:58 | INFO | fipe | Extraindo 6 -> Audi -> {'code': '11036', 'name': 'A4 Prestige 2.0 16V TFSI Quattro (Híb.)'} -> {'code': '2024-6', 'name': '2024 Híbrido'}
2026-01-30 08:57:59 | INFO | fipe | Gravando json para 6 -> Audi -> {'code': '11036', 'name': 'A4 Prestige 2.0 16V TFSI Quattro (Híb.)'} -> {'code': '2024-6', 'name': '2024 Híbrido'} -> {'error': 'limite de taxa excedido. Por favor, visite https://fipe.online para obter um token'}
2026-01-30 08:57:59 | INFO | fipe | Gravado
2026-01-30 08:57:59 | INFO | fipe | Extraindo 6 -> Audi -> {'code': '9894', 'name': 'A4 Prestige 2.0 TFSI S-tronic'}
2026-01-30 08:57:59 | INFO | fipe | Extraindo 6 -> Audi -> {'code': '9894', 'name': 'A4 Prestige 2.0 TFSI S-tronic'} -> {'code': '2024-1', 'name': '2024 Gasolina'}
2026-01-30 08:58:00 | INFO | fipe | Gravando json para 6 -> Audi -> {'code': '9894', 'name': 'A4 Prestige 2.0 TFSI S-tronic'} -> {'code': '2024-1', 'name': '2024 Gasolina'} -> {'error': 'limite de taxa excedido. Por favor, visite https://fipe.online para obter um token'}
2026-01-30 08:58:00 | INFO | fipe | Gravado
2026-01-30 08:58:01 | INFO | fipe | Extraindo 6 -> Audi -> {'code': '9894', 'name': 'A4 Prestige 2.0 TFSI S-tronic'} -> {'code': '2023-1', 'name': '2023 Gasolina'}
2026-01-30 08:58:01 | INFO | fipe | Gravando json para 6 -> Audi -> {'code': '9894', 'name': 'A4 Prestige 2.0 TFSI S-tronic'} -> {'code': '2023-1', 'name': '2023 Gasolina'} -> {'error': 'limite de taxa excedido. Por favor, visite https://fipe.online para obter um token'}
2026-01-30 08:58:01 | INFO | fipe | Gravado
2026-01-30 08:58:02 | INFO | fipe | Extraindo 6 -> Audi -> {'code': '9894', 'name': 'A4 Prestige 2.0 TFSI S-tronic'} -> {'code': '2022-1', 'name': '2022 Gasolina'}
2026-01-30 08:58:02 | INFO | fipe | Gravando json para 6 -> Audi -> {'code': '9894', 'name': 'A4 Prestige 2.0 TFSI S-tronic'} -> {'code': '2022-1', 'name': '2022 Gasolina'} -> {'error': 'limite de taxa excedido. Por favor, visite https://fipe.online para obter um token'}
2026-01-30 08:58:02 | INFO | fipe | Gravado
2026-01-30 08:58:03 | INFO | fipe | Extraindo 6 -> Audi -> {'code': '9894', 'name': 'A4 Prestige 2.0 TFSI S-tronic'} -> {'code': '2021-1', 'name': '2021 Gasolina'}
2026-01-30 08:58:04 | INFO | fipe | Gravando json para 6 -> Audi -> {'code': '9894', 'name': 'A4 Prestige 2.0 TFSI S-tronic'} -> {'code': '2021-1', 'name': '2021 Gasolina'} -> {'error': 'limite de taxa excedido. Por favor, visite https://fipe.online para obter um token'}
2026-01-30 08:58:04 | INFO | fipe | Gravado
2026-01-30 08:58:04 | INFO | fipe | Extraindo 6 -> Audi -> {'code': '9894', 'name': 'A4 Prestige 2.0 TFSI S-tronic'} -> {'code': '2019-1', 'name': '2019 Gasolina'}
2026-01-30 08:58:05 | INFO | fipe | Gravando json para 6 -> Audi -> {'code': '9894', 'name': 'A4 Prestige 2.0 TFSI S-tronic'} -> {'code': '2019-1', 'name': '2019 Gasolina'} -> {'error': 'limite de taxa excedido. Por favor, visite https://fipe.online para obter um token'}
2026-01-30 08:58:05 | INFO | fipe | Gravado
2026-01-30 08:58:05 | INFO | fipe | Extraindo 6 -> Audi -> {'code': '8771', 'name': 'A4 Prestige Plus 2.0 TFSI 190cv S tronic'}
2026-01-30 08:58:06 | INFO | fipe | Extraindo 6 -> Audi -> {'code': '8771', 'name': 'A4 Prestige Plus 2.0 TFSI 190cv S tronic'} -> {'code': '2022-1', 'name': '2022 Gasolina'}
2026-01-30 08:58:06 | INFO | fipe | Gravando json para 6 -> Audi -> {'code': '8771', 'name': 'A4 Prestige Plus 2.0 TFSI 190cv S tronic'} -> {'code': '2022-1', 'name': '2022 Gasolina'} -> {'error': 'limite de taxa excedido. Por favor, visite https://fipe.online para obter um token'}
2026-01-30 08:58:06 | INFO | fipe | Gravado
2026-01-30 08:58:07 | INFO | fipe | Extraindo 6 -> Audi -> {'code': '8771', 'name': 'A4 Prestige Plus 2.0 TFSI 190cv S tronic'} -> {'code': '2021-1', 'name': '2021 Gasolina'}
2026-01-30 08:58:07 | INFO | fipe | Gravando json para 6 -> Audi -> {'code': '8771', 'name': 'A4 Prestige Plus 2.0 TFSI 190cv S tronic'} -> {'code': '2021-1', 'name': '2021 Gasolina'} -> {'error': 'limite de taxa excedido. Por favor, visite https://fipe.online para obter um token'}
2026-01-30 08:58:07 | INFO | fipe | Gravado
2026-01-30 08:58:08 | INFO | fipe | Extraindo 6 -> Audi -> {'code': '8771', 'name': 'A4 Prestige Plus 2.0 TFSI 190cv S tronic'} -> {'code': '2019-1', 'name': '2019 Gasolina'}
2026-01-30 08:58:08 | INFO | fipe | Gravando json para 6 -> Audi -> {'code': '8771', 'name': 'A4 Prestige Plus 2.0 TFSI 190cv S tronic'} -> {'code': '2019-1', 'name': '2019 Gasolina'} -> {'error': 'limite de taxa excedido. Por favor, visite https://fipe.online para obter um token'}
2026-01-30 08:58:08 | INFO | fipe | Gravado
2026-01-30 08:58:09 | INFO | fipe | Extraindo 6 -> Audi -> {'code': '9824', 'name': 'A4 S Line 2.0  TFSI 204cv S Tonic'}
2026-01-30 08:58:09 | INFO | fipe | Extraindo 6 -> Audi -> {'code': '9824', 'name': 'A4 S Line 2.0  TFSI 204cv S Tonic'} -> {'code': '2024-1', 'name': '2024 Gasolina'}
2026-01-30 08:58:10 | INFO | fipe | Gravando json para 6 -> Audi -> {'code': '9824', 'name': 'A4 S Line 2.0  TFSI 204cv S Tonic'} -> {'code': '2024-1', 'name': '2024 Gasolina'} -> {'error': 'limite de taxa excedido. Por favor, visite https://fipe.online para obter um token'}
2026-01-30 08:58:10 | INFO | fipe | Gravado
2026-01-30 08:58:10 | INFO | fipe | Extraindo 6 -> Audi -> {'code': '9824', 'name': 'A4 S Line 2.0  TFSI 204cv S Tonic'} -> {'code': '2023-1', 'name': '2023 Gasolina'}
2026-01-30 08:58:11 | INFO | fipe | Gravando json para 6 -> Audi -> {'code': '9824', 'name': 'A4 S Line 2.0  TFSI 204cv S Tonic'} -> {'code': '2023-1', 'name': '2023 Gasolina'} -> {'error': 'limite de taxa excedido. Por favor, visite https://fipe.online para obter um token'}
2026-01-30 08:58:11 | INFO | fipe | Gravado
2026-01-30 08:58:11 | INFO | fipe | Extraindo 6 -> Audi -> {'code': '9824', 'name': 'A4 S Line 2.0  TFSI 204cv S Tonic'} -> {'code': '2022-1', 'name': '2022 Gasolina'}
2026-01-30 08:58:12 | INFO | fipe | Gravando json para 6 -> Audi -> {'code': '9824', 'name': 'A4 S Line 2.0  TFSI 204cv S Tonic'} -> {'code': '2022-1', 'name': '2022 Gasolina'} -> {'error': 'limite de taxa excedido. Por favor, visite https://fipe.online para obter um token'}
2026-01-30 08:58:12 | INFO | fipe | Gravado
2026-01-30 08:58:12 | INFO | fipe | Extraindo 6 -> Audi -> {'code': '11037', 'name': 'A4 S Line 2.0 16V TFSI Quattro (Híb.)'}
2026-01-30 08:58:13 | INFO | fipe | Extraindo 6 -> Audi -> {'code': '11037', 'name': 'A4 S Line 2.0 16V TFSI Quattro (Híb.)'} -> {'code': '32000-6', 'name': '32000 Híbrido'}
2026-01-30 08:58:13 | INFO | fipe | Gravando json para 6 -> Audi -> {'code': '11037', 'name': 'A4 S Line 2.0 16V TFSI Quattro (Híb.)'} -> {'code': '32000-6', 'name': '32000 Híbrido'} -> {'error': 'limite de taxa excedido. Por favor, visite https://fipe.online para obter um token'}
2026-01-30 08:58:13 | INFO | fipe | Gravado
2026-01-30 08:58:14 | INFO | fipe | Extraindo 6 -> Audi -> {'code': '11037', 'name': 'A4 S Line 2.0 16V TFSI Quattro (Híb.)'} -> {'code': '2025-6', 'name': '2025 Híbrido'}
2026-01-30 08:58:14 | INFO | fipe | Gravando json para 6 -> Audi -> {'code': '11037', 'name': 'A4 S Line 2.0 16V TFSI Quattro (Híb.)'} -> {'code': '2025-6', 'name': '2025 Híbrido'} -> {'error': 'limite de taxa excedido. Por favor, visite https://fipe.online para obter um token'}
2026-01-30 08:58:14 | INFO | fipe | Gravado
2026-01-30 08:58:15 | INFO | fipe | Extraindo 6 -> Audi -> {'code': '11037', 'name': 'A4 S Line 2.0 16V TFSI Quattro (Híb.)'} -> {'code': '2024-6', 'name': '2024 Híbrido'}
2026-01-30 08:58:15 | INFO | fipe | Gravando json para 6 -> Audi -> {'code': '11037', 'name': 'A4 S Line 2.0 16V TFSI Quattro (Híb.)'} -> {'code': '2024-6', 'name': '2024 Híbrido'} -> {'error': 'limite de taxa excedido. Por favor, visite https://fipe.online para obter um token'}
2026-01-30 08:58:15 | INFO | fipe | Gravado
2026-01-30 08:58:16 | INFO | fipe | Extraindo 6 -> Audi -> {'code': '4798', 'name': 'A5 3.2 FSI 24V 269cv Multitronic'}
2026-01-30 08:58:16 | INFO | fipe | Extraindo 6 -> Audi -> {'code': '4798', 'name': 'A5 3.2 FSI 24V 269cv Multitronic'} -> {'code': '2009-1', 'name': '2009 Gasolina'}
2026-01-30 08:58:17 | INFO | fipe | Gravando json para 6 -> Audi -> {'code': '4798', 'name': 'A5 3.2 FSI 24V 269cv Multitronic'} -> {'code': '2009-1', 'name': '2009 Gasolina'} -> {'error': 'limite de taxa excedido. Por favor, visite https://fipe.online para obter um token'}
2026-01-30 08:58:17 | INFO | fipe | Gravado
2026-01-30 08:58:17 | INFO | fipe | Extraindo 6 -> Audi -> {'code': '5126', 'name': 'A5 3.2 FSI V6 24V 269cv Quattro Tiptroni'}
2026-01-30 08:58:18 | INFO | fipe | Extraindo 6 -> Audi -> {'code': '5126', 'name': 'A5 3.2 FSI V6 24V 269cv Quattro Tiptroni'} -> {'code': '2011-1', 'name': '2011 Gasolina'}
2026-01-30 08:58:18 | INFO | fipe | Gravando json para 6 -> Audi -> {'code': '5126', 'name': 'A5 3.2 FSI V6 24V 269cv Quattro Tiptroni'} -> {'code': '2011-1', 'name': '2011 Gasolina'} -> {'error': 'limite de taxa excedido. Por favor, visite https://fipe.online para obter um token'}
2026-01-30 08:58:18 | INFO | fipe | Gravado
2026-01-30 08:58:19 | INFO | fipe | Extraindo 6 -> Audi -> {'code': '5126', 'name': 'A5 3.2 FSI V6 24V 269cv Quattro Tiptroni'} -> {'code': '2010-1', 'name': '2010 Gasolina'}
2026-01-30 08:58:19 | INFO | fipe | Gravando json para 6 -> Audi -> {'code': '5126', 'name': 'A5 3.2 FSI V6 24V 269cv Quattro Tiptroni'} -> {'code': '2010-1', 'name': '2010 Gasolina'} -> {'error': 'limite de taxa excedido. Por favor, visite https://fipe.online para obter um token'}
2026-01-30 08:58:19 | INFO | fipe | Gravado
2026-01-30 08:58:20 | INFO | fipe | Extraindo 6 -> Audi -> {'code': '7999', 'name': 'A5 Ambiente Sportb. 2.0 TFSI S tonic'}
2026-01-30 08:58:20 | INFO | fipe | Extraindo 6 -> Audi -> {'code': '7999', 'name': 'A5 Ambiente Sportb. 2.0 TFSI S tonic'} -> {'code': '2018-1', 'name': '2018 Gasolina'}
2026-01-30 08:58:21 | INFO | fipe | Gravando json para 6 -> Audi -> {'code': '7999', 'name': 'A5 Ambiente Sportb. 2.0 TFSI S tonic'} -> {'code': '2018-1', 'name': '2018 Gasolina'} -> {'error': 'limite de taxa excedido. Por favor, visite https://fipe.online para obter um token'}
2026-01-30 08:58:21 | INFO | fipe | Gravado
2026-01-30 08:58:21 | INFO | fipe | Extraindo 6 -> Audi -> {'code': '8000', 'name': 'A5 Ambit. Plus Sport. 2.0 TFSI S tronic'}
2026-01-30 08:58:21 | INFO | fipe | Extraindo 6 -> Audi -> {'code': '8000', 'name': 'A5 Ambit. Plus Sport. 2.0 TFSI S tronic'} -> {'code': '2018-1', 'name': '2018 Gasolina'}
2026-01-30 08:58:22 | INFO | fipe | Gravando json para 6 -> Audi -> {'code': '8000', 'name': 'A5 Ambit. Plus Sport. 2.0 TFSI S tronic'} -> {'code': '2018-1', 'name': '2018 Gasolina'} -> {'error': 'limite de taxa excedido. Por favor, visite https://fipe.online para obter um token'}
2026-01-30 08:58:22 | INFO | fipe | Gravado
2026-01-30 08:58:22 | INFO | fipe | Extraindo 6 -> Audi -> {'code': '8001', 'name': 'A5 Ambit. Sport. 2.0 TFSI S tronic'}
2026-01-30 08:58:23 | INFO | fipe | Extraindo 6 -> Audi -> {'code': '8001', 'name': 'A5 Ambit. Sport. 2.0 TFSI S tronic'} -> {'code': '2018-1', 'name': '2018 Gasolina'}
2026-01-30 08:58:23 | INFO | fipe | Gravando json para 6 -> Audi -> {'code': '8001', 'name': 'A5 Ambit. Sport. 2.0 TFSI S tronic'} -> {'code': '2018-1', 'name': '2018 Gasolina'} -> {'error': 'limite de taxa excedido. Por favor, visite https://fipe.online para obter um token'}
2026-01-30 08:58:23 | INFO | fipe | Gravado
2026-01-30 08:58:24 | INFO | fipe | Extraindo 6 -> Audi -> {'code': '8002', 'name': 'A5 Attraction Sportb. 2.0 TFSI S tronic'}
2026-01-30 08:58:24 | INFO | fipe | Extraindo 6 -> Audi -> {'code': '8002', 'name': 'A5 Attraction Sportb. 2.0 TFSI S tronic'} -> {'code': '2018-1', 'name': '2018 Gasolina'}
2026-01-30 08:58:26 | INFO | fipe | Gravando json para 6 -> Audi -> {'code': '8002', 'name': 'A5 Attraction Sportb. 2.0 TFSI S tronic'} -> {'code': '2018-1', 'name': '2018 Gasolina'} -> {'error': 'limite de taxa excedido. Por favor, visite https://fipe.online para obter um token'}
2026-01-30 08:58:26 | INFO | fipe | Gravado
2026-01-30 08:58:27 | INFO | fipe | Extraindo 6 -> Audi -> {'code': '6082', 'name': 'A5 Cabriolet 2.0 TFSI Quattro Stronic'}
2026-01-30 08:58:27 | INFO | fipe | Extraindo 6 -> Audi -> {'code': '6082', 'name': 'A5 Cabriolet 2.0 TFSI Quattro Stronic'} -> {'code': '2016-1', 'name': '2016 Gasolina'}
2026-01-30 08:58:27 | INFO | fipe | Gravando json para 6 -> Audi -> {'code': '6082', 'name': 'A5 Cabriolet 2.0 TFSI Quattro Stronic'} -> {'code': '2016-1', 'name': '2016 Gasolina'} -> {'error': 'limite de taxa excedido. Por favor, visite https://fipe.online para obter um token'}
2026-01-30 08:58:27 | INFO | fipe | Gravado
2026-01-30 08:58:28 | INFO | fipe | Extraindo 6 -> Audi -> {'code': '6082', 'name': 'A5 Cabriolet 2.0 TFSI Quattro Stronic'} -> {'code': '2015-1', 'name': '2015 Gasolina'}
2026-01-30 08:58:28 | INFO | fipe | Gravando json para 6 -> Audi -> {'code': '6082', 'name': 'A5 Cabriolet 2.0 TFSI Quattro Stronic'} -> {'code': '2015-1', 'name': '2015 Gasolina'} -> {'error': 'limite de taxa excedido. Por favor, visite https://fipe.online para obter um token'}
2026-01-30 08:58:28 | INFO | fipe | Gravado
2026-01-30 08:58:29 | INFO | fipe | Extraindo 6 -> Audi -> {'code': '6082', 'name': 'A5 Cabriolet 2.0 TFSI Quattro Stronic'} -> {'code': '2014-1', 'name': '2014 Gasolina'}
2026-01-30 08:58:30 | INFO | fipe | Gravando json para 6 -> Audi -> {'code': '6082', 'name': 'A5 Cabriolet 2.0 TFSI Quattro Stronic'} -> {'code': '2014-1', 'name': '2014 Gasolina'} -> {'error': 'limite de taxa excedido. Por favor, visite https://fipe.online para obter um token'}
2026-01-30 08:58:30 | INFO | fipe | Gravado
2026-01-30 08:58:30 | INFO | fipe | Extraindo 6 -> Audi -> {'code': '6082', 'name': 'A5 Cabriolet 2.0 TFSI Quattro Stronic'} -> {'code': '2013-1', 'name': '2013 Gasolina'}
2026-01-30 08:58:31 | INFO | fipe | Gravando json para 6 -> Audi -> {'code': '6082', 'name': 'A5 Cabriolet 2.0 TFSI Quattro Stronic'} -> {'code': '2013-1', 'name': '2013 Gasolina'} -> {'error': 'limite de taxa excedido. Por favor, visite https://fipe.online para obter um token'}
2026-01-30 08:58:31 | INFO | fipe | Gravado
2026-01-30 08:58:31 | INFO | fipe | Extraindo 6 -> Audi -> {'code': '6082', 'name': 'A5 Cabriolet 2.0 TFSI Quattro Stronic'} -> {'code': '2012-1', 'name': '2012 Gasolina'}
2026-01-30 08:58:32 | INFO | fipe | Gravando json para 6 -> Audi -> {'code': '6082', 'name': 'A5 Cabriolet 2.0 TFSI Quattro Stronic'} -> {'code': '2012-1', 'name': '2012 Gasolina'} -> {'error': 'limite de taxa excedido. Por favor, visite https://fipe.online para obter um token'}
2026-01-30 08:58:32 | INFO | fipe | Gravado
2026-01-30 08:58:32 | INFO | fipe | Extraindo 6 -> Audi -> {'code': '6083', 'name': 'A5 Coupê 2.0 TFSI Quattro Stronic'}
2026-01-30 08:58:32 | INFO | fipe | Extraindo 6 -> Audi -> {'code': '6083', 'name': 'A5 Coupê 2.0 TFSI Quattro Stronic'} -> {'code': '2016-1', 'name': '2016 Gasolina'}
2026-01-30 08:58:33 | INFO | fipe | Gravando json para 6 -> Audi -> {'code': '6083', 'name': 'A5 Coupê 2.0 TFSI Quattro Stronic'} -> {'code': '2016-1', 'name': '2016 Gasolina'} -> {'error': 'limite de taxa excedido. Por favor, visite https://fipe.online para obter um token'}
2026-01-30 08:58:33 | INFO | fipe | Gravado
2026-01-30 08:58:34 | INFO | fipe | Extraindo 6 -> Audi -> {'code': '6083', 'name': 'A5 Coupê 2.0 TFSI Quattro Stronic'} -> {'code': '2015-1', 'name': '2015 Gasolina'}
2026-01-30 08:58:34 | INFO | fipe | Gravando json para 6 -> Audi -> {'code': '6083', 'name': 'A5 Coupê 2.0 TFSI Quattro Stronic'} -> {'code': '2015-1', 'name': '2015 Gasolina'} -> {'error': 'limite de taxa excedido. Por favor, visite https://fipe.online para obter um token'}
2026-01-30 08:58:34 | INFO | fipe | Gravado
2026-01-30 08:58:35 | INFO | fipe | Extraindo 6 -> Audi -> {'code': '6083', 'name': 'A5 Coupê 2.0 TFSI Quattro Stronic'} -> {'code': '2014-1', 'name': '2014 Gasolina'}
2026-01-30 08:58:35 | INFO | fipe | Gravando json para 6 -> Audi -> {'code': '6083', 'name': 'A5 Coupê 2.0 TFSI Quattro Stronic'} -> {'code': '2014-1', 'name': '2014 Gasolina'} -> {'error': 'limite de taxa excedido. Por favor, visite https://fipe.online para obter um token'}
2026-01-30 08:58:35 | INFO | fipe | Gravado
2026-01-30 08:58:36 | INFO | fipe | Extraindo 6 -> Audi -> {'code': '6083', 'name': 'A5 Coupê 2.0 TFSI Quattro Stronic'} -> {'code': '2013-1', 'name': '2013 Gasolina'}
2026-01-30 08:58:37 | INFO | fipe | Gravando json para 6 -> Audi -> {'code': '6083', 'name': 'A5 Coupê 2.0 TFSI Quattro Stronic'} -> {'code': '2013-1', 'name': '2013 Gasolina'} -> {'error': 'limite de taxa excedido. Por favor, visite https://fipe.online para obter um token'}
2026-01-30 08:58:37 | INFO | fipe | Gravado
2026-01-30 08:58:37 | INFO | fipe | Extraindo 6 -> Audi -> {'code': '6083', 'name': 'A5 Coupê 2.0 TFSI Quattro Stronic'} -> {'code': '2012-1', 'name': '2012 Gasolina'}
2026-01-30 08:58:38 | INFO | fipe | Gravando json para 6 -> Audi -> {'code': '6083', 'name': 'A5 Coupê 2.0 TFSI Quattro Stronic'} -> {'code': '2012-1', 'name': '2012 Gasolina'} -> {'error': 'limite de taxa excedido. Por favor, visite https://fipe.online para obter um token'}
2026-01-30 08:58:38 | INFO | fipe | Gravado
2026-01-30 08:58:38 | INFO | fipe | Extraindo 6 -> Audi -> {'code': '11600', 'name': 'A5 Sedan Performance S Edition 2.0 TFSI Quattro'}
2026-01-30 08:58:38 | INFO | fipe | Extraindo 6 -> Audi -> {'code': '11600', 'name': 'A5 Sedan Performance S Edition 2.0 TFSI Quattro'} -> {'code': '32000-1', 'name': '32000 Gasolina'}
2026-01-30 08:58:39 | INFO | fipe | Gravando json para 6 -> Audi -> {'code': '11600', 'name': 'A5 Sedan Performance S Edition 2.0 TFSI Quattro'} -> {'code': '32000-1', 'name': '32000 Gasolina'} -> {'error': 'limite de taxa excedido. Por favor, visite https://fipe.online para obter um token'}
2026-01-30 08:58:39 | INFO | fipe | Gravado
2026-01-30 08:58:39 | INFO | fipe | Extraindo 6 -> Audi -> {'code': '11600', 'name': 'A5 Sedan Performance S Edition 2.0 TFSI Quattro'} -> {'code': '2025-1', 'name': '2025 Gasolina'}
2026-01-30 08:58:40 | INFO | fipe | Gravando json para 6 -> Audi -> {'code': '11600', 'name': 'A5 Sedan Performance S Edition 2.0 TFSI Quattro'} -> {'code': '2025-1', 'name': '2025 Gasolina'} -> {'error': 'limite de taxa excedido. Por favor, visite https://fipe.online para obter um token'}
2026-01-30 08:58:40 | INFO | fipe | Gravado
2026-01-30 08:58:41 | INFO | fipe | Extraindo 6 -> Audi -> {'code': '6084', 'name': 'A5 Sportb. 2.0 16V TFSI Quat. S-tronic'}
2026-01-30 08:58:41 | INFO | fipe | Extraindo 6 -> Audi -> {'code': '6084', 'name': 'A5 Sportb. 2.0 16V TFSI Quat. S-tronic'} -> {'code': '2016-1', 'name': '2016 Gasolina'}
2026-01-30 08:58:41 | INFO | fipe | Gravando json para 6 -> Audi -> {'code': '6084', 'name': 'A5 Sportb. 2.0 16V TFSI Quat. S-tronic'} -> {'code': '2016-1', 'name': '2016 Gasolina'} -> {'error': 'limite de taxa excedido. Por favor, visite https://fipe.online para obter um token'}
2026-01-30 08:58:41 | INFO | fipe | Gravado
2026-01-30 08:58:42 | INFO | fipe | Extraindo 6 -> Audi -> {'code': '6084', 'name': 'A5 Sportb. 2.0 16V TFSI Quat. S-tronic'} -> {'code': '2015-1', 'name': '2015 Gasolina'}
2026-01-30 08:58:42 | INFO | fipe | Gravando json para 6 -> Audi -> {'code': '6084', 'name': 'A5 Sportb. 2.0 16V TFSI Quat. S-tronic'} -> {'code': '2015-1', 'name': '2015 Gasolina'} -> {'error': 'limite de taxa excedido. Por favor, visite https://fipe.online para obter um token'}
2026-01-30 08:58:42 | INFO | fipe | Gravado
2026-01-30 08:58:43 | INFO | fipe | Extraindo 6 -> Audi -> {'code': '6084', 'name': 'A5 Sportb. 2.0 16V TFSI Quat. S-tronic'} -> {'code': '2014-1', 'name': '2014 Gasolina'}
2026-01-30 08:58:43 | INFO | fipe | Gravando json para 6 -> Audi -> {'code': '6084', 'name': 'A5 Sportb. 2.0 16V TFSI Quat. S-tronic'} -> {'code': '2014-1', 'name': '2014 Gasolina'} -> {'error': 'limite de taxa excedido. Por favor, visite https://fipe.online para obter um token'}
2026-01-30 08:58:43 | INFO | fipe | Gravado
2026-01-30 08:58:44 | INFO | fipe | Extraindo 6 -> Audi -> {'code': '6084', 'name': 'A5 Sportb. 2.0 16V TFSI Quat. S-tronic'} -> {'code': '2013-1', 'name': '2013 Gasolina'}
2026-01-30 08:58:45 | INFO | fipe | Gravando json para 6 -> Audi -> {'code': '6084', 'name': 'A5 Sportb. 2.0 16V TFSI Quat. S-tronic'} -> {'code': '2013-1', 'name': '2013 Gasolina'} -> {'error': 'limite de taxa excedido. Por favor, visite https://fipe.online para obter um token'}
2026-01-30 08:58:45 | INFO | fipe | Gravado
2026-01-30 08:58:45 | INFO | fipe | Extraindo 6 -> Audi -> {'code': '6084', 'name': 'A5 Sportb. 2.0 16V TFSI Quat. S-tronic'} -> {'code': '2012-1', 'name': '2012 Gasolina'}
2026-01-30 08:58:46 | INFO | fipe | Gravando json para 6 -> Audi -> {'code': '6084', 'name': 'A5 Sportb. 2.0 16V TFSI Quat. S-tronic'} -> {'code': '2012-1', 'name': '2012 Gasolina'} -> {'error': 'limite de taxa excedido. Por favor, visite https://fipe.online para obter um token'}
2026-01-30 08:58:46 | INFO | fipe | Gravado
2026-01-30 08:58:46 | ERROR | fipe | Erro ao buscar dados 6 -> Audi -> {'code': '6084', 'name': 'A5 Sportb. 2.0 16V TFSI Quat. S-tronic'} -> {'code': '2012-1', 'name': '2012 Gasolina'}
2026-01-30 08:58:46 | INFO | fipe | Extraindo 6 -> Audi -> {'code': '11038', 'name': 'A5 Sportb. Advanc. 2.0 TFSI Quatt. (Híb)'}
2026-01-30 08:58:46 | INFO | fipe | Extraindo 6 -> Audi -> {'code': '11038', 'name': 'A5 Sportb. Advanc. 2.0 TFSI Quatt. (Híb)'} -> {'code': '32000-6', 'name': '32000 Híbrido'}
2026-01-30 08:58:46 | ERROR | fipe | Erro ao buscar dados 6 -> Audi -> {'code': '11038', 'name': 'A5 Sportb. Advanc. 2.0 TFSI Quatt. (Híb)'} -> {'code': '32000-6', 'name': '32000 Híbrido'}
2026-01-30 08:58:46 | INFO | fipe | Extraindo 6 -> Audi -> {'code': '11038', 'name': 'A5 Sportb. Advanc. 2.0 TFSI Quatt. (Híb)'} -> {'code': '2025-6', 'name': '2025 Híbrido'}
2026-01-30 08:58:47 | ERROR | fipe | Erro ao buscar dados 6 -> Audi -> {'code': '11038', 'name': 'A5 Sportb. Advanc. 2.0 TFSI Quatt. (Híb)'} -> {'code': '2025-6', 'name': '2025 Híbrido'}
2026-01-30 08:58:47 | INFO | fipe | Extraindo 6 -> Audi -> {'code': '11038', 'name': 'A5 Sportb. Advanc. 2.0 TFSI Quatt. (Híb)'} -> {'code': '2024-6', 'name': '2024 Híbrido'}
2026-01-30 08:58:47 | ERROR | fipe | Erro ao buscar dados 6 -> Audi -> {'code': '11038', 'name': 'A5 Sportb. Advanc. 2.0 TFSI Quatt. (Híb)'} -> {'code': '2024-6', 'name': '2024 Híbrido'}
2026-01-30 08:58:47 | INFO | fipe | Extraindo 6 -> Audi -> {'code': '10652', 'name': 'A5 Sportb. Carbon Ed. 2.0 TFSI S-tronic'}
2026-01-30 09:17:47 | INFO | fipe | Extraindo 6 -> Audi
2026-01-30 09:17:47 | INFO | fipe | Extraindo 6 -> Audi -> {'code': '43', 'name': '100 2.8 V6'}
2026-01-30 09:17:48 | INFO | fipe | Extraindo 6 -> Audi -> {'code': '43', 'name': '100 2.8 V6'} -> {'code': '1995-1', 'name': '1995 Gasolina'}
2026-01-30 09:17:48 | ERROR | fipe | Não gravou 6 -> Audi -> {'code': '43', 'name': '100 2.8 V6'} -> {'code': '1995-1', 'name': '1995 Gasolina'} -> 
2026-01-30 09:17:48 | INFO | fipe | Extraindo 6 -> Audi -> {'code': '43', 'name': '100 2.8 V6'} -> {'code': '1994-1', 'name': '1994 Gasolina'}
2026-01-30 09:17:49 | ERROR | fipe | Não gravou 6 -> Audi -> {'code': '43', 'name': '100 2.8 V6'} -> {'code': '1994-1', 'name': '1994 Gasolina'} -> 
2026-01-30 09:17:49 | INFO | fipe | Extraindo 6 -> Audi -> {'code': '43', 'name': '100 2.8 V6'} -> {'code': '1993-1', 'name': '1993 Gasolina'}
2026-01-30 09:17:49 | ERROR | fipe | Não gravou 6 -> Audi -> {'code': '43', 'name': '100 2.8 V6'} -> {'code': '1993-1', 'name': '1993 Gasolina'} -> 
2026-01-30 09:17:49 | INFO | fipe | Extraindo 6 -> Audi -> {'code': '44', 'name': '100 2.8 V6 Avant'}
2026-01-30 09:17:49 | INFO | fipe | Extraindo 6 -> Audi -> {'code': '44', 'name': '100 2.8 V6 Avant'} -> {'code': '1995-1', 'name': '1995 Gasolina'}
2026-01-30 09:17:50 | ERROR | fipe | Não gravou 6 -> Audi -> {'code': '44', 'name': '100 2.8 V6 Avant'} -> {'code': '1995-1', 'name': '1995 Gasolina'} -> 
2026-01-30 09:17:50 | INFO | fipe | Extraindo 6 -> Audi -> {'code': '44', 'name': '100 2.8 V6 Avant'} -> {'code': '1994-1', 'name': '1994 Gasolina'}
2026-01-30 09:17:50 | ERROR | fipe | Não gravou 6 -> Audi -> {'code': '44', 'name': '100 2.8 V6 Avant'} -> {'code': '1994-1', 'name': '1994 Gasolina'} -> 
2026-01-30 09:17:50 | INFO | fipe | Extraindo 6 -> Audi -> {'code': '45', 'name': '100 S-4 2.2 Avant Turbo'}
2026-01-30 09:17:50 | INFO | fipe | Extraindo 6 -> Audi -> {'code': '45', 'name': '100 S-4 2.2 Avant Turbo'} -> {'code': '1995-1', 'name': '1995 Gasolina'}
2026-01-30 09:17:51 | ERROR | fipe | Não gravou 6 -> Audi -> {'code': '45', 'name': '100 S-4 2.2 Avant Turbo'} -> {'code': '1995-1', 'name': '1995 Gasolina'} -> 
2026-01-30 09:17:51 | INFO | fipe | Extraindo 6 -> Audi -> {'code': '45', 'name': '100 S-4 2.2 Avant Turbo'} -> {'code': '1994-1', 'name': '1994 Gasolina'}
2026-01-30 09:17:51 | ERROR | fipe | Não gravou 6 -> Audi -> {'code': '45', 'name': '100 S-4 2.2 Avant Turbo'} -> {'code': '1994-1', 'name': '1994 Gasolina'} -> 
2026-01-30 09:17:51 | INFO | fipe | Extraindo 6 -> Audi -> {'code': '46', 'name': '80 2.0'}
2026-01-30 09:17:52 | INFO | fipe | Extraindo 6 -> Audi -> {'code': '46', 'name': '80 2.0'} -> {'code': '1995-1', 'name': '1995 Gasolina'}
2026-01-30 09:17:52 | ERROR | fipe | Não gravou 6 -> Audi -> {'code': '46', 'name': '80 2.0'} -> {'code': '1995-1', 'name': '1995 Gasolina'} -> 
2026-01-30 09:17:52 | INFO | fipe | Extraindo 6 -> Audi -> {'code': '46', 'name': '80 2.0'} -> {'code': '1994-1', 'name': '1994 Gasolina'}
2026-01-30 09:17:53 | ERROR | fipe | Não gravou 6 -> Audi -> {'code': '46', 'name': '80 2.0'} -> {'code': '1994-1', 'name': '1994 Gasolina'} -> 
2026-01-30 09:17:53 | INFO | fipe | Extraindo 6 -> Audi -> {'code': '47', 'name': '80 2.0 Avant'}
2026-01-30 09:17:53 | INFO | fipe | Extraindo 6 -> Audi -> {'code': '47', 'name': '80 2.0 Avant'} -> {'code': '1995-1', 'name': '1995 Gasolina'}
2026-01-30 09:17:53 | ERROR | fipe | Não gravou 6 -> Audi -> {'code': '47', 'name': '80 2.0 Avant'} -> {'code': '1995-1', 'name': '1995 Gasolina'} -> 
2026-01-30 09:17:53 | INFO | fipe | Extraindo 6 -> Audi -> {'code': '47', 'name': '80 2.0 Avant'} -> {'code': '1994-1', 'name': '1994 Gasolina'}
2026-01-30 09:17:54 | ERROR | fipe | Não gravou 6 -> Audi -> {'code': '47', 'name': '80 2.0 Avant'} -> {'code': '1994-1', 'name': '1994 Gasolina'} -> 
2026-01-30 09:17:54 | INFO | fipe | Extraindo 6 -> Audi -> {'code': '48', 'name': '80 2.6/ 2.8'}
2026-01-30 09:17:54 | INFO | fipe | Extraindo 6 -> Audi -> {'code': '48', 'name': '80 2.6/ 2.8'} -> {'code': '1995-1', 'name': '1995 Gasolina'}
2026-01-30 09:17:54 | ERROR | fipe | Não gravou 6 -> Audi -> {'code': '48', 'name': '80 2.6/ 2.8'} -> {'code': '1995-1', 'name': '1995 Gasolina'} -> 
2026-01-30 09:17:54 | INFO | fipe | Extraindo 6 -> Audi -> {'code': '48', 'name': '80 2.6/ 2.8'} -> {'code': '1994-1', 'name': '1994 Gasolina'}
2026-01-30 09:17:55 | ERROR | fipe | Não gravou 6 -> Audi -> {'code': '48', 'name': '80 2.6/ 2.8'} -> {'code': '1994-1', 'name': '1994 Gasolina'} -> 
2026-01-30 09:17:55 | INFO | fipe | Extraindo 6 -> Audi -> {'code': '49', 'name': '80 2.6/2.8 Avant'}
2026-01-30 09:17:55 | INFO | fipe | Extraindo 6 -> Audi -> {'code': '49', 'name': '80 2.6/2.8 Avant'} -> {'code': '1996-1', 'name': '1996 Gasolina'}
2026-01-30 09:17:56 | ERROR | fipe | Não gravou 6 -> Audi -> {'code': '49', 'name': '80 2.6/2.8 Avant'} -> {'code': '1996-1', 'name': '1996 Gasolina'} -> 
2026-01-30 09:17:56 | INFO | fipe | Extraindo 6 -> Audi -> {'code': '49', 'name': '80 2.6/2.8 Avant'} -> {'code': '1995-1', 'name': '1995 Gasolina'}
2026-01-30 09:17:56 | ERROR | fipe | Não gravou 6 -> Audi -> {'code': '49', 'name': '80 2.6/2.8 Avant'} -> {'code': '1995-1', 'name': '1995 Gasolina'} -> 
2026-01-30 09:17:56 | INFO | fipe | Extraindo 6 -> Audi -> {'code': '49', 'name': '80 2.6/2.8 Avant'} -> {'code': '1994-1', 'name': '1994 Gasolina'}
2026-01-30 09:17:57 | ERROR | fipe | Não gravou 6 -> Audi -> {'code': '49', 'name': '80 2.6/2.8 Avant'} -> {'code': '1994-1', 'name': '1994 Gasolina'} -> 
2026-01-30 09:17:57 | INFO | fipe | Extraindo 6 -> Audi -> {'code': '50', 'name': '80 2.8 Cabriolet'}
2026-01-30 09:17:57 | INFO | fipe | Extraindo 6 -> Audi -> {'code': '50', 'name': '80 2.8 Cabriolet'} -> {'code': '1999-1', 'name': '1999 Gasolina'}
2026-01-30 09:17:57 | ERROR | fipe | Não gravou 6 -> Audi -> {'code': '50', 'name': '80 2.8 Cabriolet'} -> {'code': '1999-1', 'name': '1999 Gasolina'} -> 
2026-01-30 09:17:57 | INFO | fipe | Extraindo 6 -> Audi -> {'code': '50', 'name': '80 2.8 Cabriolet'} -> {'code': '1998-1', 'name': '1998 Gasolina'}
2026-01-30 09:17:58 | ERROR | fipe | Não gravou 6 -> Audi -> {'code': '50', 'name': '80 2.8 Cabriolet'} -> {'code': '1998-1', 'name': '1998 Gasolina'} -> 
2026-01-30 09:17:58 | INFO | fipe | Extraindo 6 -> Audi -> {'code': '50', 'name': '80 2.8 Cabriolet'} -> {'code': '1997-1', 'name': '1997 Gasolina'}
2026-01-30 09:17:58 | ERROR | fipe | Não gravou 6 -> Audi -> {'code': '50', 'name': '80 2.8 Cabriolet'} -> {'code': '1997-1', 'name': '1997 Gasolina'} -> 
2026-01-30 09:17:58 | INFO | fipe | Extraindo 6 -> Audi -> {'code': '50', 'name': '80 2.8 Cabriolet'} -> {'code': '1996-1', 'name': '1996 Gasolina'}
2026-01-30 09:17:59 | ERROR | fipe | Não gravou 6 -> Audi -> {'code': '50', 'name': '80 2.8 Cabriolet'} -> {'code': '1996-1', 'name': '1996 Gasolina'} -> 
2026-01-30 09:17:59 | INFO | fipe | Extraindo 6 -> Audi -> {'code': '50', 'name': '80 2.8 Cabriolet'} -> {'code': '1995-1', 'name': '1995 Gasolina'}
2026-01-30 09:17:59 | ERROR | fipe | Não gravou 6 -> Audi -> {'code': '50', 'name': '80 2.8 Cabriolet'} -> {'code': '1995-1', 'name': '1995 Gasolina'} -> 
2026-01-30 09:17:59 | INFO | fipe | Extraindo 6 -> Audi -> {'code': '50', 'name': '80 2.8 Cabriolet'} -> {'code': '1994-1', 'name': '1994 Gasolina'}
2026-01-30 09:18:00 | ERROR | fipe | Não gravou 6 -> Audi -> {'code': '50', 'name': '80 2.8 Cabriolet'} -> {'code': '1994-1', 'name': '1994 Gasolina'} -> 
2026-01-30 09:18:00 | INFO | fipe | Extraindo 6 -> Audi -> {'code': '51', 'name': '80 S2 Avant'}
2026-01-30 09:18:00 | INFO | fipe | Extraindo 6 -> Audi -> {'code': '51', 'name': '80 S2 Avant'} -> {'code': '1995-1', 'name': '1995 Gasolina'}
2026-01-30 09:18:00 | ERROR | fipe | Não gravou 6 -> Audi -> {'code': '51', 'name': '80 S2 Avant'} -> {'code': '1995-1', 'name': '1995 Gasolina'} -> 
2026-01-30 09:18:00 | INFO | fipe | Extraindo 6 -> Audi -> {'code': '51', 'name': '80 S2 Avant'} -> {'code': '1994-1', 'name': '1994 Gasolina'}
2026-01-30 09:18:01 | ERROR | fipe | Não gravou 6 -> Audi -> {'code': '51', 'name': '80 S2 Avant'} -> {'code': '1994-1', 'name': '1994 Gasolina'} -> 
2026-01-30 09:18:01 | INFO | fipe | Extraindo 6 -> Audi -> {'code': '5496', 'name': 'A1 1.4 TFSI 122cv S-tronic 3p'}
2026-01-30 09:18:01 | INFO | fipe | Extraindo 6 -> Audi -> {'code': '5496', 'name': 'A1 1.4 TFSI 122cv S-tronic 3p'} -> {'code': '2014-1', 'name': '2014 Gasolina'}
2026-01-30 09:18:02 | INFO | fipe | Gravando json para 6 -> Audi -> {'code': '5496', 'name': 'A1 1.4 TFSI 122cv S-tronic 3p'} -> {'code': '2014-1', 'name': '2014 Gasolina'} -> {'error': 'limite de taxa excedido. Por favor, visite https://fipe.online para obter um token'}
2026-01-30 09:18:02 | INFO | fipe | Gravado
2026-01-30 09:18:02 | INFO | fipe | Extraindo 6 -> Audi -> {'code': '5496', 'name': 'A1 1.4 TFSI 122cv S-tronic 3p'} -> {'code': '2013-1', 'name': '2013 Gasolina'}
2026-01-30 09:18:03 | INFO | fipe | Gravando json para 6 -> Audi -> {'code': '5496', 'name': 'A1 1.4 TFSI 122cv S-tronic 3p'} -> {'code': '2013-1', 'name': '2013 Gasolina'} -> {'error': 'limite de taxa excedido. Por favor, visite https://fipe.online para obter um token'}
2026-01-30 09:18:03 | INFO | fipe | Gravado
2026-01-30 09:18:03 | INFO | fipe | Extraindo 6 -> Audi -> {'code': '5496', 'name': 'A1 1.4 TFSI 122cv S-tronic 3p'} -> {'code': '2012-1', 'name': '2012 Gasolina'}
2026-01-30 09:18:04 | INFO | fipe | Gravando json para 6 -> Audi -> {'code': '5496', 'name': 'A1 1.4 TFSI 122cv S-tronic 3p'} -> {'code': '2012-1', 'name': '2012 Gasolina'} -> {'error': 'limite de taxa excedido. Por favor, visite https://fipe.online para obter um token'}
2026-01-30 09:18:04 | INFO | fipe | Gravado
2026-01-30 09:18:04 | INFO | fipe | Extraindo 6 -> Audi -> {'code': '5496', 'name': 'A1 1.4 TFSI 122cv S-tronic 3p'} -> {'code': '2011-1', 'name': '2011 Gasolina'}
2026-01-30 09:18:05 | INFO | fipe | Gravando json para 6 -> Audi -> {'code': '5496', 'name': 'A1 1.4 TFSI 122cv S-tronic 3p'} -> {'code': '2011-1', 'name': '2011 Gasolina'} -> {'error': 'limite de taxa excedido. Por favor, visite https://fipe.online para obter um token'}
2026-01-30 09:18:05 | INFO | fipe | Gravado
2026-01-30 09:18:05 | ERROR | fipe | Erro ao buscar dados 6 -> Audi -> {'code': '5496', 'name': 'A1 1.4 TFSI 122cv S-tronic 3p'} -> {'code': '2011-1', 'name': '2011 Gasolina'}
2026-01-30 09:18:05 | INFO | fipe | Extraindo 6 -> Audi -> {'code': '6293', 'name': 'A1 2.0 TFSI Quattro 256cv 3p'}
2026-01-30 09:18:05 | INFO | fipe | Extraindo 6 -> Audi -> {'code': '6293', 'name': 'A1 2.0 TFSI Quattro 256cv 3p'} -> {'code': '2013-1', 'name': '2013 Gasolina'}
2026-01-30 09:18:06 | ERROR | fipe | Erro ao buscar dados 6 -> Audi -> {'code': '6293', 'name': 'A1 2.0 TFSI Quattro 256cv 3p'} -> {'code': '2013-1', 'name': '2013 Gasolina'}
2026-01-30 09:18:06 | INFO | fipe | Extraindo 6 -> Audi -> {'code': '6143', 'name': 'A1 Sport 1.4 TFSI 185cv 3p S-tronic'}
2026-01-30 09:27:27 | INFO | fipe | Extraindo 6 -> Audi
2026-01-30 09:27:28 | INFO | fipe | Extraindo 6 -> Audi -> {'code': '43', 'name': '100 2.8 V6'}
2026-01-30 09:27:28 | INFO | fipe | Extraindo 6 -> Audi -> {'code': '43', 'name': '100 2.8 V6'} -> {'code': '1995-1', 'name': '1995 Gasolina'}
2026-01-30 09:27:28 | ERROR | fipe | Não gravou 6 -> Audi -> {'code': '43', 'name': '100 2.8 V6'} -> {'code': '1995-1', 'name': '1995 Gasolina'} -> 
2026-01-30 09:27:28 | INFO | fipe | Extraindo 6 -> Audi -> {'code': '43', 'name': '100 2.8 V6'} -> {'code': '1994-1', 'name': '1994 Gasolina'}
2026-01-30 09:27:29 | ERROR | fipe | Não gravou 6 -> Audi -> {'code': '43', 'name': '100 2.8 V6'} -> {'code': '1994-1', 'name': '1994 Gasolina'} -> 
2026-01-30 09:27:29 | INFO | fipe | Extraindo 6 -> Audi -> {'code': '43', 'name': '100 2.8 V6'} -> {'code': '1993-1', 'name': '1993 Gasolina'}
2026-01-30 09:27:29 | ERROR | fipe | Não gravou 6 -> Audi -> {'code': '43', 'name': '100 2.8 V6'} -> {'code': '1993-1', 'name': '1993 Gasolina'} -> 
2026-01-30 09:27:29 | INFO | fipe | Extraindo 6 -> Audi -> {'code': '44', 'name': '100 2.8 V6 Avant'}
2026-01-30 09:27:29 | INFO | fipe | Extraindo 6 -> Audi -> {'code': '44', 'name': '100 2.8 V6 Avant'} -> {'code': '1995-1', 'name': '1995 Gasolina'}
2026-01-30 09:27:30 | ERROR | fipe | Não gravou 6 -> Audi -> {'code': '44', 'name': '100 2.8 V6 Avant'} -> {'code': '1995-1', 'name': '1995 Gasolina'} -> 
2026-01-30 09:27:30 | INFO | fipe | Extraindo 6 -> Audi -> {'code': '44', 'name': '100 2.8 V6 Avant'} -> {'code': '1994-1', 'name': '1994 Gasolina'}
2026-01-30 09:27:30 | ERROR | fipe | Não gravou 6 -> Audi -> {'code': '44', 'name': '100 2.8 V6 Avant'} -> {'code': '1994-1', 'name': '1994 Gasolina'} -> 
2026-01-30 09:27:30 | INFO | fipe | Extraindo 6 -> Audi -> {'code': '45', 'name': '100 S-4 2.2 Avant Turbo'}
